:020000041000EA
:1000000000B5324B212058609868022188439860DF
:10001000D860186158612E4B002199600221596106
:100020000121F02299502B49196001219960352056
:1000300000F044F80222904214D00621196600F024
:1000400034F8196E01211966002018661A6600F04E
:100050002CF8196E196E196E052000F02FF8012189
:100060000842F9D1002199601B49196000215960AB
:100070001A491B48016001219960EB211966A021F2
:10008000196600F012F800219960164914480160C1
:100090000121996001BC002800D000471248134993
:1000A000086003C880F30888084703B5996A0420EC
:1000B0000142FBD001200142F8D103BD02B5186610
:1000C0001866FFF7F2FF186E186E02BD00000240BE
:1000D000000000180000070000035F00212200005C
:1000E000F4000018222000A00001001008ED00E03C
:1000F00000000000000000000000000074B24E7A12
:1001000000200420F7010010CB010010CD010010E9
:10011000C9010010C9010010C9010010C901001077
:10012000C9010010C9010010C9010010CF01001061
:10013000C9010010C9010010D1010010D301001045
:10014000C1010010C1010010C1010010C101001067
:10015000C1010010C1010010C1010010C101001057
:10016000C1010010C1010010C1010010C101001047
:10017000C1010010C1010010C1010010C101001037
:10018000C1010010C1010010C1010010C101001027
:10019000C1010010C1010010C1010010C101001017
:1001A000C1010010C1010010C1010010C101001007
:1001B000C1010010C1010010C1010010C1010010F7
:1001C000EFF30580103800BE00BE00BE00BE00BECA
:1001D00000BE00BEF2EB8871D4B10010F4B1001083
:1001E0003802001090A31AE71E481F49086006C88D
:1001F00081F3088810471D480068002801D019487D
:10020000F3E70DA40ECC002902D000F012F8F9E7B4
:100210001749184A002000E001C19142FCD116495B
:100220008847164988471649884700BEFDE701C937
:1002300001C29A42FBD37047F4B10010C000002005
:100240006016002094C70010000004200000042065
:1002500094C70010001004200010042000000000CB
:10026000704700000000000008ED00E0000000D032
:100270006016002078400020C55D001021030010AA
:10028000BD5D0010F8B5C0460448054B10B583426B
:1002900003D0044B002B00D0984710BD60160020FF
:1002A000601600200000000006480749091A8B105C
:1002B000C90FC91810B5491003D0044B002B00D04A
:1002C000984710BD60160020601600200000000056
:1002D00010B5074C2378002B09D1FFF7D5FF054B4C
:1002E000002B02D0044800E000BF0123237010BDA2
:1002F000E819002000000000E4950010054B10B53F
:10030000002B03D00449054800E000BFFFF7CCFFF5
:1003100010BDC04600000000EC190020E49500105C
:1003200010B500F019F800F03BF8FCE7192010B503
:1003300001F06CFE0124D0228021064812060378C9
:10034000890463405162037001D0516110BD916115
:10035000FCE7C0467640002010B505F075FE02E0CF
:10036000642002F0E1FC06F035FA0028F8D000F035
:100370001BF801F053FD00F03BFBFA220549920007
:10038000054800F049FB054805F0FAFE00F0B6FB11
:1003900010BDC0462D030010E8950010F495001024
:1003A00010B500F0BFFB10BD70B5454C84B0200007
:1003B00000F004F900284CD003F02EF9002805D0F5
:1003C000404BDA68404B9A4200D168E0D026802545
:1003D0000F202D02360601F019FEB5620022012120
:1003E0000F2001F0F9FD052002F09EFC76682089BF
:1003F0002E4075427541E388000418430300303BEA
:10040000EDB2982B33D9A37A002B26D10A2005F020
:100410006BFE2E4805F0B4FE2D4805F0B1FE2D49C7
:100420002D4805F037FF2D4805F0AAFE2C4BAA00F9
:10043000D1582C4805F02EFF21002B480C3105F037
:1004400029FF0A2005F050FE002E24D0280004B019
:1004500070BD264805F094FEAEE7192001F0D6FDE8
:10046000D02380221B0692045A625A61CEE74301D0
:100470001B1A9B001818C00003AB02AA01A902F0C6
:100480002FFF002815D12189E38809041943184852
:1004900005F000FFB7E7174805F072FED6E71648EB
:1004A00005F06EFEC82002F03FFC0021002003F0A2
:1004B000F5F8039A0299019802F032FEE3E7C0468C
:1004C000B021002000800540DFDFDFDFC096001094
:1004D00030970010609700106C9700108C970010F8
:1004E00034980010FC9700100C9800100C96001027
:1004F00064960010809600103C96001070B50400C1
:100500003C220021043004F069F90223002220007B
:100510005B422370343B63700A3BA3701E33E3706D
:100520002333244923716271E3720C300F3208F0D7
:100530005FFE26000123250001201F493C365B4257
:100540002A7801355A405308024052420A4053402B
:100550005A0803405B420B405A4053080240524243
:100560000A4053405A0803405B420B405A4053082C
:10057000024052420A4053405A0803405B420B403B
:100580005A405308024052420A4053405A0803401E
:100590005B420B405340AE42D2D1DA433C213D2373
:1005A0006254110AE154110C0133E154120E01336B
:1005B000E25470BD409800102083B8EDF0B5C646F7
:1005C0008049814B0A68040000B59A4202D18B88A9
:1005D000012B5ED03C220021201D04F0FFF80223F5
:1005E000002220005B422370343B63700A3BA370FF
:1005F0001E33E3702333754923716271E3720F3246
:100600000C3008F0F5FD260001232500012070497B
:100610003C365B422A7801355A4053080240524228
:100620000A4053405A0803405B420B405A4053086B
:10063000024052420A4053405A0803405B420B407A
:100640005A405308024052420A4053405A0803405D
:100650005B420B405A405308024052420A4053400A
:100660005A0803405B420B405340AE42D2D1DA43BA
:100670003C213D236254110AE154110C0133E15431
:10068000120E0133E25400239846404680BCB8461F
:10069000F0BD402204F0A8F8260001232700200026
:1006A00001254B493C365B42027801305A405308E1
:1006B0002A4052420A4053405A082B405B420B40AA
:1006C0005A4053082A4052420A4053405A082B408D
:1006D0005B420B405A4053082A4052420A40534062
:1006E0005A082B405B420B405A4053082A40524262
:1006F0000A4053405A082B405B420B40534086420D
:10070000D2D13D213C22615CA25C090211433E2210
:10071000A25CDB43120411433F22A25C12060A438F
:10072000012188469A42B0D02A4805F029FD3C2292
:100730000021201D04F052F802235B422370343B59
:1007400063700A3BA3701E33E3704346200023719D
:1007500000231E4963710F22E5720C3008F048FD3A
:10076000012301201A495B423A7801375A40530865
:10077000024052420A4053405A0803405B420B4039
:100780005A405308024052420A4053405A0803401C
:100790005B420B405A405308024052420A405340C9
:1007A0005A0803405B420B405A40530802405242F1
:1007B0000A4053405A0803405B420B405340BE423C
:1007C000D2D154E700F01F10FECAC0DE40980010DE
:1007D0002083B8ED4898001002235B4270B5037087
:1007E000343B43700A3B83701E33C3702333037161
:1007F0000023060043710400050001202E493C3609
:10080000013B2A7801355A405308024052420A40BF
:1008100053405A0803405B420B405A405308024081
:1008200052420A4053405A0803405B420B405A4030
:100830005308024052420A4053405A0803405B4268
:100840000B405A405308024052420A4053405A0853
:1008500003405B420B405340AE42D2D1DA433C21CD
:100860003D236254110AE154110C0133E154120E7C
:100870000133E2548022114DFF212800520103F080
:10088000ADFF40222100280003F0AEFFEFF31084FB
:1008900072B680210A48490108F052FE80222900E0
:1008A0000748520108F034FE84F3108804490548D3
:1008B00005F0F0FC70BDC0462083B8ED902E0020FE
:1008C00000F01F0074980010010010B504000C31F6
:1008D000204805F0DFFCE379A179227A1B020B4363
:1008E000617A120413430906194323D11A4A1B489B
:1008F00005F0D0FCA37A002B23D11949194805F043
:10090000C9FCE37A002B23D11749184805F0C2FC33
:100910003C233E22E15C0133E35CA25C1B020B43FF
:10092000120413433F22A15C11480906194305F044
:10093000B1FC10BD0F4A094805F0ACFCA37A002BAE
:10094000DBD00D49074805F0A5FCE37A002BDBD08E
:100950000A49DAE7B8980010A0980010CC98001067
:100960009C9E0010E8980010B4980010FC980010AD
:100970001099001098980010949E0010B0980010E4
:10098000F0B5C646184B00B59846184F02F090FADD
:10099000002922D0FA220023920003F069F8060011
:1009A0003A6844460025002A0FDD237C002B08D03E
:1009B000E368A168F31A8B4203D3636898473A68E7
:1009C000E660013514349542EFDB6420002102F02B
:1009D00099F902F06DFA0029DCD1FA21890003F0BF
:1009E00009F80600DCE7C046BC3F0020B83F002005
:1009F00010B5A0220021054803F0F0FE044808F0DD
:100A00008FF8044805F0BCFB10BDC046BC3F002079
:100A10008109001028990010F0B5104E07003068C9
:100A2000072817DC002915D085000D4C2B189B00DA
:100A3000E750E3185960002A0AD09A6000232D1865
:100A4000AD006419E36001332374431C3360F0BDCF
:100A50000132F2E701204042F9E7C046B83F0020EA
:100A6000BC3F0020002809DB054B1B68834205DDE5
:100A700083001818034B8000181801747047C04693
:100A8000B83F0020BC3F0020F0B5CE46474680B5B9
:100A9000144883B005F074FB134E3368002B1CDD43
:100AA000124B00259946124B124C9846124F0CE0FF
:100AB0002268A368009242462900380005F0EAFB4C
:100AC000336801351434AB4207DD237C002BEFD1B2
:100AD0002268A36800924A46EEE703B0C0BCB9465C
:100AE000B046F0BD40990010B83F0020B498001007
:100AF000B0980010BC3F00205C99001010B501F0C8
:100B000047F91021044805F0C5FB044805F038FBFF
:100B1000034805F0BFFB10BD78990010A4990010A0
:100B2000CC990010F0B5C64600B5002082B005F0A3
:100B30008FFA831C29D0914A1368012B00D1ABE0B6
:100B4000022B00D188E0002B00D19FE0002313602E
:100B50000D281ED00A281CD07F2800D1A2E008282A
:100B600000D19FE0032800D1E5E0042800D1F0E0A7
:100B70000C2800D1D3E0824A13687E2B05DC591C77
:100B80001160804AD05405F0AFFA02B080BCB8467C
:100B9000F0BD0A2005F0A8FA0023794E794D32689D
:100BA0002800AB5408F0C4FA002800D188E00822DD
:100BB0000027754C691E04E001382B181F700028AF
:100BC0007ED00B5CE35C1A42F6D12B78002B38D038
:100BD0002900002208276C4C04E04B7801310132D7
:100BE000002B6FD0E35C1F42F7D1002A6AD1674B1C
:100BF0001C689846002C00DC99E00F20631E644FAF
:100C00001840C0012900381808F04EFA002812D008
:100C10000F23E217120FA1180B409B1ADB01FF18DC
:100C200038007F22290008F0E3FA00237F373B7069
:100C3000434601341C600022564B28001A6001F024
:100C4000AFF80023802200212800336003F0C6FDA6
:100C5000514805F01FFB98E70024146041283AD062
:100C6000422800D091E74B4B1A68551E1D60002D9D
:100C700000DC80E0454B49481E68B54236DD05F092
:100C800009FB3F4B1C603F4B1C707EE71B2800D0CC
:100C90005EE70133136078E75B2800D056E7022354
:100CA000136072E7364A1368002B00DC6DE7002101
:100CB000013B1360334A3A48D15405F0EBFA64E73C
:100CC000002082E7821A0132280008F097F92B7879
:100CD000002BB6D08BE72F4B1A68551C1D60002DDA
:100CE00027DD2A490E68B54223DC2C4805F0D2FAEC
:100CF0000F21751B264B2940224DC901C9187F229F
:100D0000280008F075FA7F232800EC5408F010FA48
:100D10001B4B29001860234805F0BCFA35E7224830
:100D200005F0B8FA17491F4805F0B4FA2DE7184F37
:100D30006EE71A6029E700241C4805F0ABFA104B57
:100D4000802200210F481C6003F048FD114B1C60FD
:100D50001BE7174805F09EFA6946164B68461A6865
:100D600000929A888A809B798B7101F019F80A4861
:100D700005F090FA09E709481C6080E7A8210020E7
:100D8000782E0020F82D0020D1B00010F021002096
:100D9000F8210020F4210020CC990010D0990010F7
:100DA000DC990010D8990010F4990010E099001017
:100DB000E8990010009A00108023214ADB01116895
:100DC000D0B54B40E021C9010B401E4982B00B60F9
:100DD00004211D4B1960FC3113680B42FCD0506894
:100DE0000004000C03F066FC184903F05CFCE621EB
:100DF000890503F058FC164903F03BFC154903F044
:100E00003EFC011C144803F034FC041C03F074FC89
:100E100006000F00201C114903F045FC104903F0A7
:100E20002EFC8421C90503F027FC03F065FC320089
:100E3000009001913B000B4805F02CFA02B0D0BDA8
:100E400000C0044000D0044000E00440333353406D
:100E50006ABC343F2D93E13A0000D84100001041B4
:100E60000000A040089A001010B5024805F012FAE0
:100E700010BDC046289A0010074B084910B5C91A82
:100E80008A0A074805F006FA064805F079F9064887
:100E900005F076F910BDC04678400020000004201F
:100EA000309A0010589A0010709A001010B504483B
:100EB00005F066F9034A0449044805F0EBF910BD52
:100EC000889A0010AC9A001060970010B89A001031
:100ED00010B5054805F054F9C82001F025FF0021A0
:100EE000002002F0DBFBC046C89A001070B5040079
:100EF0000D00012849DD4E684649300008F0D4F85D
:100F0000002842D03000444908F0CEF8002840D0F4
:100F10003000424908F0C8F800283ED0300040496F
:100F200008F0C2F8002820D1032C1EDDAC683D4932
:100F3000200008F0B9F800285AD020003A4908F0FB
:100F4000B3F8002834D02000384908F0ADF8002864
:100F500046D1E86808F046F8431E9841344BC1B2C8
:100F60003448997205F096F90EE0334805F008F917
:100F7000324805F005F9324805F002F9314805F02C
:100F8000FFF8314805F0FCF870BD2948FFF79CFCDC
:100F9000FAE72748FFF720FCF6E7254C2000FFF78B
:100FA000ADFA2000FFF718FC284805F0E9F8EBE758
:100FB000E86808F017F8011E29D00200303A030053
:100FC000982A20D81A48821D8371180A5070180276
:100FD000000E90701B0E1E48D37005F05BF9D3E72E
:100FE00021001C4805F056F91B4805F0C9F8CBE76D
:100FF0001A4CE9680F22200008F0FAF8210018487E
:1010000005F048F9C0E7174805F0BAF8BCE7002337
:10101000D8E7C046EC9A0010F49A0010FC9A001031
:10102000289B00102C9B0010689B0010D09B001088
:10103000B0210020DC9B0010289C0010309C001088
:10104000409C00105C9C00106C9C0010049B0010E5
:101050009C9B0010EC9B0010009C0010BC21002009
:10106000389B0010709B001010B5012813DD4868F4
:1010700007F0B8FF0A4B421E04009A4207D801004D
:10108000084805F007F9200001F04EFE10BD0648A3
:1010900005F076F8FAE7054805F072F8F6E7C0467D
:1010A0002F750000A49C0010909C00107C9C0010E8
:1010B00030B583B001282DDD486807F093FF0500A7
:1010C00002282BD8174A030311684B40E021C901BD
:1010D0000B4015490B600421144B1960FC31136857
:1010E0000B42FCD054682404240C200003F0E2FAE4
:1010F0000F4903F0D8FAE621890503F0D4FA03F08A
:10110000FBFA22000090019129000A4805F0C2F87C
:1011100003B030BD084805F033F8F9E7074805F09B
:101120002FF8F5E700C0044000D0044000E0044080
:1011300033335340049D0010B89C0010E89C00100D
:1011400010B500F0F5FE10BDF8B54746CE46804616
:101150000E0080B501280DDD441E022811D1114F6B
:10116000114DA3002A003800F158013405F092F81F
:101170004445F6DB0A2004F0B7FFC0BCB946B046D0
:10118000F8BD0A4B01259946064FAB004A46380088
:10119000F158013505F07EF8A542F6DB2C00A84594
:1011A000DEDCE7E7249D00100CA00010E49900109D
:1011B000F8B5374C200004F0E3FF364804F0E0FFB8
:1011C000200004F0DDFF344804F0DAFF334804F077
:1011D000D7FF334804F0D4FF324804F0D1FF32483F
:1011E00005F058F801F064FE0023304A02F040FC9C
:1011F00005003C21280002F0FDFB0F00E121280042
:10120000090102F0F7FB08003C2102F0F3FBE121A9
:1012100006000901280002F0EDFB3B00010032004E
:10122000234805F037F80A2004F05EFF8023214AA6
:10123000DB0111684B40E021C9010B401E490B60E6
:1012400004211E4B1960FC3113680B42FCD050681E
:101250000004000C03F02EFA194903F024FAE621E9
:10126000890503F020FA174903F003FA164903F041
:1012700006FA011C154803F0FCF903F03DFA0200E0
:101280000B00134805F006F8200004F079FFF8BDC4
:101290002C9D0010509D0010789D0010949D001012
:1012A000C89D0010E09D0010F09D001040420F000E
:1012B000FC9D001000C0044000D0044000E0044049
:1012C000333353406ABC343F2D93E13A0000D84198
:1012D000109E0010F0B5C646D02500B5154804F0A4
:1012E0004FFF154804F04CFF144B00249846144E51
:1012F000144F2D0607E021003A003000013404F0BD
:10130000C9FF1D2C13D0200000F080FE0122A24056
:10131000296A6B681340581E83410A42EBD12100B1
:1013200042463000013404F0B5FF1D2CEBD180BCE7
:10133000B846F0BD249E00103C9E0010649E001034
:10134000509E00104C9E0010F0B5C646040000B53B
:1013500019200F0000F05AFED02380221B069204B1
:101360005A62012C68DD7D6829786F290FD1697870
:101370006E290CD1A978002909D1012036490870BD
:1013800036485A6104F0FCFE80BCB846F0BD344ECD
:101390002800310007F088FE00282BD028003149B2
:1013A00007F082FE00280FD101212B4A13784B4011
:1013B000137045D0D02380221B0692042A495A611B
:1013C0002A4804F067FFDFE72800294907F06CFE90
:1013D000061E3CD105239846022C16D0B86807F0AB
:1013E00001FE0300013B8046312B0ED9214804F059
:1013F000C7FEC9E7184B80221870D02392041B0641
:101400009A611D4804F0BCFEBEE74146D025802409
:101410001A4804F03FFF2D06A40496206C6101F0E9
:1014200083FC01369620AC6101F07EFC4645F4DB7E
:10143000134804F0A5FEA7E7124804F0A1FEA3E7B5
:10144000D02380221B06920431009A61B8E729005C
:101450000D4804F01FFF97E773400020909E001096
:101460009C9E0010A09E0010949E0010A89E00104C
:10147000B09E0010B89E0010989E0010D49E0010E0
:10148000EC9E0010689E0010F49E001010B502F053
:10149000C3F8002809D10649064804F0FBFE064BB4
:1014A0000648D96804F0F6FE10BD0549F4E7C046C9
:1014B000B4980010149F001000800540349F001065
:1014C000109F001070B582B06C46684605F0D2F9E6
:1014D000084804F0DFFE084D02AE217828000134F0
:1014E00004F0D8FEB442F8D10A2004F0FDFD02B0A9
:1014F00070BDC046589F0010649F001010B506488C
:1015000004F03EFEFA20800001F00EFC01210120D3
:1015100001F0F4FFFEE7C0466C9F001070B50C00B0
:1015200002280CDD4D681549280007F0BDFD002894
:1015300016D02800124907F0B7FD002802D0FFF7A7
:10154000A3FA70BDA06807F04DFD0021FFF78AFAED
:10155000A06807F047FD01000A4804F09BFEF0E791
:10156000A06807F03FFD0121FFF77CFAA06807F0B3
:1015700039FD0100044804F08DFEE2E7809F001071
:101580009C9F0010A49F0010889F0010F8B50500D4
:101590000C0002282DDD886807F024FD06001C28B9
:1015A00000D970E067684449380007F07DFD0028E5
:1015B00048D03800414907F077FD002823D1032D9A
:1015C00000D171E0E06807F00DFD0400300000F08C
:1015D0001DFD0123D022B34012065362002C57D0C8
:1015E000536122003100531E9A41354804F052FEE7
:1015F00008E0344804F0C4FD334804F0C1FD33482A
:1016000004F0BEFDF8BD3800314907F04DFD00285B
:1016100040D1032D4CD0300000F0F8FCE468237872
:10162000692B20D163786E2B1DD1A378002B1AD1A2
:10163000D0220133B340120631009362254804F0F2
:1016400029FEDFE7300000F0E1FC0123D022B340A7
:1016500012069362526831001A40531E9A411E4886
:1016600004F018FECEE720001C4907F01DFD0028FD
:1016700015D10123D022B34012063100536218481D
:1016800004F008FEBEE70100164804F003FEB9E7C7
:101690009361A6E73900144804F0FCFDB2E721008D
:1016A000124804F0F7FDADE7114804F069FDA9E721
:1016B000104804F065FDA5E710A0001028A0001058
:1016C00050A00010289C0010B89F0010CC9F001064
:1016D00060A0001088A0001018A00010A0A00010AA
:1016E000A4A00010E89F0010E4A00010BCA000100F
:1016F00030A0001068A0001070B50C00022835DD85
:10170000486807F06FFC05001C2815D800F07EFC27
:10171000A4682378752B13D16378702B10D1A3782C
:10172000002B0DD128000022012100F055FC2900DA
:10173000184804F0AFFD02E0174804F021FD70BD29
:101740002000164907F0B0FC002813D020001449EF
:1017500007F0AAFC002817D128000022002100F081
:101760003BFC29000F4804F095FDE8E70E4804F023
:1017700007FDE4E728000122002100F02DFC2900EC
:101780000A4804F087FDDAE72100094804F082FDE9
:10179000D5E7C04634A1001028A100104CA10010CC
:1017A00070A1001078A1001004A1001054A1001035
:1017B00090A1001070B50C00022838DD486807F0D1
:1017C00011FC0500A06807F00DFC04001C2D39D8A1
:1017D000642830D80421280000F0E4FB2A07520FC7
:1017E00093009B181A4A1B499B009A1811611A4AC8
:1017F0009918A200A218520092B2E8071FD4174EFF
:1018000008684240802040018446324061440A60BA
:101810000F4A13489A18116801228A4311498C46CD
:1018200063441A602900220004F034FD02E00E48EF
:1018300004F0A6FC70BD0D4804F0A2FCFAE70C4EC3
:101840001204DDE729000B4804F024FDF2E7C0464E
:1018500000000540E70300000C000540FFFF00000A
:10186000F8A1001000100540B4A10010E4A1001080
:101870000000FFFFD4A10010F8B5CE464746214C2A
:1018800001007F2280B5200007F0B2FC7F230022F8
:101890001D4D20002900E25407F0E0FC002827D06D
:1018A0001A4B002698461C002060290000200136B3
:1018B00007F0D4FC002802D00434082EF4D14346AB
:1018C0001F68134B002499461D0003E001340C35BA
:1018D000192C11D03800296807F0E6FB0028F5D153
:1018E00063001C19A4004C444146300063689847CB
:1018F000C0BCB946B046F8BD3900064804F0CAFC81
:10190000F6E7C046BC200020E49900109C1F002090
:10191000ECA8001014A20010F0B54746CE4680B5E2
:1019200006000F00C1B002283FDD486807F05AFBEF
:101930000300013B8046632B3BD800236A461370AB
:101940001E4B02247F25994607E0684607F0F0FB0E
:1019500049462A1A684607F019FC684607F0E8FB72
:10196000A3002A1AF9586846013407F00FFCA64272
:10197000EBD10025002620AC7F226946200007F02D
:1019800037FC7F23E6542378002B0AD02000013552
:10199000FFF772FF4545EFD141B0C0BCB946B04634
:1019A000F0BD0135A845E7D1F6E7054804F0E8FBAE
:1019B000F2E7044804F0E4FBEEE7C046E4990010C7
:1019C00044A2001060A2001010B584B001281DDDF3
:1019D000486807F007FB0300303B0400982B11D840
:1019E0004001001B80000019C00003AB02AA01A93E
:1019F00001F076FC002814D121000D4804F04AFCC7
:101A000004B010BD0B4804F0BBFBF9E7052001F062
:101A100081FB094901F0EEFF0100084804F03AFC9F
:101A2000EEE7039A0299019801F07AFBE4E7C046D9
:101A3000A0A2001088A2001040420F0074A2001063
:101A4000F0B54546DE4657464E46E0B50C0005006B
:101A500087B0012800DC02E14E689349300007F0AE
:101A600023FB8346002800D193E030008F4907F024
:101A70001BFB071E49D1032D00DCE7E010220021EB
:101A8000A06807F0F7FC102200210500C6B2E0684C
:101A900007F0F0FC6B4605AC2770D87401F008FA2B
:101AA000FA220023D20080185941002900DAEBE025
:101AB0007F4B1322984601230290039100936A44BE
:101AC0003100404607F046FA01F0F2F9FA2200230D
:101AD000D20080185941002900DAD1E00023029099
:101AE00003910093220031004046013307F056FA7B
:101AF000002800DACCE06A46FF212378D27C294016
:101B000000936C4804F0C6FB7AE030006A4907F0A5
:101B1000CBFA002800D09DE0042D00DCACE01022C0
:101B20000021A06807F0A6FC1022C3B20021050026
:101B3000E068994607F09EFC80461022002120694B
:101B400007F098FC434605ACFA2623706070824685
:101B5000002701F0ADF9F60080197941002900DA7B
:101B60009EE00023029003910093220049465048D2
:101B7000023307F0EFF9002800DA8DE0FF2150462C
:101B800043462A000B400A4001404C4804F082FBC7
:101B900036E04B4804F0F4FA4A4804F0F1FA444BBA
:101BA000FA2698460F2300259946002705ACF60033
:101BB0004B462B423AD0EBB29A4601F079F98019A4
:101BC000794100293EDB002302900391009322001B
:101BD00051464046013307F0E1F9002817DB2900A0
:101BE000394804F057FB01239C464B460135E3443A
:101BF0002B4213D0802DDBD15946344804F04AFBE8
:101C000007B0F0BCBB46B246A946A046F0BD30487E
:101C100004F040FB4B4601352B42EBD10A2004F087
:101C200063FA802DE8D04B462B42C4D129002948C5
:101C300004F030FBEBB29A4601F03AF98019794191
:101C40000029C0DA012024494042BCE7234804F0BF
:101C500097FAD5E73100224804F01CFBD0E7214871
:101C600004F08EFA204804F08BFA204804F088FA39
:101C70001F4804F085FAC3E71E4804F081FABFE765
:101C800001201549404229E70120134940420FE74E
:101C9000194804F075FAB3E7184804F071FAAFE791
:101CA00001200D4940425CE74CA3001010A0001039
:101CB000181200200CA4001028A0001074A400101A
:101CC00054A3001074A30010B0A30010BCA3001014
:101CD000B8A30010A8A30010FFFFFF7FD0A300103F
:101CE00094A40010289C0010BCA20010ECA20010CC
:101CF0001CA3001030A40010F8A3001060A4001072
:101D000070B5144804F0C6FA01F0D2F80023124A64
:101D100001F0AEFE04003C21200001F06BFE0E003D
:101D2000E1212000090101F065FE08003C2101F0DD
:101D300061FEE12105000901200001F05BFE330096
:101D400001002A00054804F0A5FA0A2004F0CCF9A5
:101D500070BDC046B0A4001040420F00FC9D0010B2
:101D600070B5084804F00CFA074C084D26002D36D3
:101D7000FF36A268216828000C3404F08BFAB442C4
:101D8000F7D170BDBCA40010ECA80010D0A40010C6
:101D900010B51921014804F07DFA10BDE0A400102F
:101DA00010B5002802D00378002B00D110BDFFF73A
:101DB00063FDFBE70020704710B5024807F030F8DC
:101DC00010BDC0461812002010B50C490C4807F091
:101DD00097F80321042000F0E5F80321052000F026
:101DE000E1F800220121042000F0F6F8052000228D
:101DF000012100F0F1F8002010BDC046A0860100CE
:101E00001812002010B506F0B1FE0222014B00208E
:101E10001A6010BD00E0044000207047F8B5CE46BF
:101E20004746344E80B531680F2930DC324B334899
:101E30000A01D0500020324C9A1810719460D06082
:101E40004A1C3260102A52D02E4C1201D4502E4C13
:101E50009A1810719460D0608A1C3260102A46D0A3
:101E60002A4C1201D4502A4C9A1810719460D060F8
:101E7000CA1C3260102A3AD0264C1201D4509B184A
:101E8000254A04319A60254A1871DA603160244885
:101E900004F000FA3368002B25DD224B002599461B
:101EA000214B154C9846214F0BE0022321682371EA
:101EB0004A46380004F0EEF9336801351034AB427D
:101EC00011DDA368002B02D098470028EDD1012333
:101ED000216823714246380004F0DCF9336801358B
:101EE0001034AB42EDDCC0BCB946B046F8BD1021A1
:101EF000CDE7C0469C210020A03E00209CA60010FB
:101F0000051E00103CA60010B51D001068A60010AC
:101F1000191E001024AA0010C91D0010B91D0010C0
:101F20002CAA00101CAA001018AA001050AA001019
:101F3000F0B5D64646464F461348C0B504F020F9E2
:101F4000124E3368002B19DD114B00259846114BBA
:101F5000114C9946114B124F9A4623793A00012BA6
:101F600003D04A46022B00D052462168404604F076
:101F700091F9336801351034AB42EEDCE0BCBA466F
:101F8000B146A846F0BDC04678AA00109C210020AA
:101F900088AA001060AA0010A03E00206CAA0010C1
:101FA00068AA001010B54024084A83009A181268E5
:101FB000C0005440C0222240054CA44663441A602D
:101FC000044B9C466044416010BDC04604C00140C3
:101FD00004D00140004001400B4B80009C4660440F
:101FE00000290ED100230431002A00D119008022DB
:101FF00003685201594094460C2360440B4003602F
:1020000070470C210823EFE704C001400123D022D0
:1020100083404021120693629361094A83009A1813
:102020001268C0005140C0220A4006498C466344F1
:102030001A60054B9C460523604443607047C046C8
:1020400004C0014004D00140004001408023DB0572
:102050001868000F7047C0460FB400B5084883B039
:1020600004F08EF8049B002B07D005A918000191FD
:1020700003F08AFE034804F083F8012003F09CFE7D
:1020800094AA00102CA4001070B5EFF3108C72B657
:102090000D4D2B68002BFCD0BFF35F8F0724CB08BE
:1020A000C618C05C01230C40A3401C00044003423E
:1020B00007D103433370BFF35F8F2C608CF310881C
:1020C00070BD1000FFF7C8FF2C0100D0F8B54746DF
:1020D000CE46884680B5EFF3108C72B6214D2C6841
:1020E000002CFCD0BFF35F8F9A422CD8D40807276E
:1020F000055D061901241740BC402C421FD0072162
:102100000127894609E0D408055D06194C463900C7
:102110001440A1400C00294211D001329342F2D266
:1021200001204042BFF35F8F00220E4B1A608CF3F8
:10213000108800280FDBC0BCB946B046F8BD2C4360
:1021400010003470EEE7BFF35F8F00232B608CF339
:102150001088012040424346002BECD00898FFF73E
:102160007BFFC0462C0100D0044A1078431CDBB230
:10217000172B00D9102313707047C0465011002050
:1021800000B5054B83B00100009318221F230348BC
:10219000FFF79CFF03B000BDA4AA0010442100205B
:1021A0000021044B044ABFF35F8F02C39342FAD16C
:1021B0007047C046000100D0800100D0054B064AA0
:1021C0001360064A136053609360D36013615361D8
:1021D000936170478080808000E400E004E400E0C8
:1021E0001F2318401E3B8340002905D0C021044A0C
:1021F0004900535013607047802201498B50FAE721
:1022000000E100E001228240034B1B6813405A1E8C
:102210009341D8B27047C04600E100E001238340FB
:10222000014A13607047C04600E200E0064B1030E0
:102230009B688000C358054A00209B1A2F229A42AF
:102240004041C0B27047C04600ED00E0541100208C
:1022500070B50D00EFF3108672B60F4A1368002BAD
:10226000FCD0BFF35F8F0D4B10309B6884001B596F
:102270000B4A934203D09D4201D001F049FA074B2B
:102280009B681D51BFF35F8FBFF35F8F0022024B2E
:102290001A6086F3108870BD240100D000ED00E0C4
:1022A000C1010010F0B557464E46DE464546E0B542
:1022B00085B0060002911700EFF3108B72B6674AE3
:1022C0001368002BFCD0BFF35F8F0025644B5D5774
:1022D0009A46002D00DAA4E06B00624C03935B1970
:1022E0009B009846A146C1444B4652469B79103606
:1022F00013705D4BB2009B68019299580B1B2F2BFA
:1023000034D95A4B994200D0A4E0039B584A9C46CA
:10231000584B6544AD006353434602336519E418D6
:10232000554B0121043B1B1B1B055B0D13436B80AD
:10233000524BEF71AB80FF23AB71029BAB604B46FE
:102340000B431900484B019A9B689950BFF35F8F6C
:10235000BFF35F8F0022414B1A608BF3108805B0EA
:10236000F0BCBB46B246A946A046F0BD01200A001B
:102370008243D379BB422FD845464E46130040498D
:102380001B1B5B415943090D3A4B63533A4B0235D2
:102390006519043B5B1B1B05354D5B0D2B4373809F
:1023A0000426B446E0444444131F1B1B4C46A17151
:1023B00002991B05A16049465B0D2B43A380314B5D
:1023C000E77101431360BDE75800C0188000201872
:1023D000C679BE422BD902000623D356002BF3DA6E
:1023E000101D82462848804604267642B446E144C1
:1023F00050464E46361A3005400D824656461C4819
:10240000957106439680039A944665441D4AAD0033
:10241000641922604246A371029BA280E771A36007
:1024200090E701F075F9002553465D5754E7101DFC
:10243000824690884005001584464046D44466464E
:1024400004302018301AE0260005400D36023043D3
:102450008046C9E701F05CF957E7C046240100D087
:10246000714000205411002000ED00E0C101001077
:1024700000E0FFFF00A1FFFF8411002001BDFFFF6E
:10248000AAAA00000148804701BD000070B50124E0
:102490000443EFF30581EFF3108C72B6214A136801
:1024A000002BFCD0BFF35F8F1F4B05001F4AED1AB6
:1024B0006D416A43120D1E4D8900AE6852B27658C6
:1024C000A6421CD00621595691421CD012215956C1
:1024D000914222D01E215956914220D02A2159568C
:1024E0000324914210D0134B19781A708171BFF3F5
:1024F0005F8F00220B4B1A608CF3108870BDAB68A5
:102500000D4C5C50EFE700246100091989005B184D
:10251000FF21997109499980E5E70124F4E7022434
:10252000F2E7C046240100D054110020AAAA0000FE
:1025300000ED00E071400020C101001001BDFFFF6F
:1025400000B5074B83B00100009300220523054826
:10255000FFF7BCFD002801DB1F23181A03B000BDE4
:10256000C0AA001077400020024B9C4661448900BD
:102570000160704740000034F8B5134D134E2C0035
:10258000FF27B5421ED22368002B0FD0FFF7ECFDCA
:1025900001002800FFF7E8FFA780BFF35F8F083432
:1025A000B4420FD223682500002BEFD1FFF7DCFDEA
:1025B00001002800FFF7D8FF2771BFF35F8F0834B1
:1025C000B442EFD3F8BDC04650160020601600207C
:1025D00010B50400FFF7C8FD01002000FFF7C4FF9D
:1025E000FF232371BFF35F8F10BDC04610B50400F9
:1025F0000120FFF7C5FD044B9C466044800020602D
:10260000BFF35F8F10BDC04640000034034B9C46B3
:10261000614489000160BFF35F8F70474000003460
:102620000A4B1968EFF3108072B60A68002AFCD0D2
:10263000BFF35F8F1B68BFF35F8F00221A6080F3C8
:10264000108840BF002000217047C046AC3F0020EA
:10265000F0B5DE4657464E464546E0B585B0EFF349
:102660000582032313409A0011000392B64A525880
:10267000904601229A409146B44B1A604B46B448AA
:102680004363434608229B5E9A46002B3DDA43464D
:102690009B881BB2002B00DBA1E043469B79002BFB
:1026A00000D0F3E0434608241C5F002C23DB4246A5
:1026B0005269630094461B19DB0063449C68DD6823
:1026C000631C00D10FE1A248039984466144826AE9
:1026D0000B69A61A9B1A9E4215D34A46036A1A42F0
:1026E00011D09B4800F0DCFB241A8D41002D02DC48
:1026F000C4D1002CC2D040BF05B0F0BCBB46B2462E
:10270000A946A046F0BD0C61EBE7424652695B006A
:1027100093465344DB009B445B469E68DF6800F0B1
:10272000BFFB801BB9410029B1DB002F00DAE5E0D7
:102730005B46884A1B69934200D1D8E041465A461D
:102740000820085E5288000410435A465169984791
:1027500004000D0023002B4300D1CFE0002D00DB4F
:10276000E8E0361BAF4134003D005B469C60DD6015
:102770000021595E002900DA89E743465B6922009F
:102780009C462B0048004018C00060448668C7681B
:10279000921BBB41002B00DA79E7434666460200F4
:1027A0000094019519810CE07B00DB19DB00F31824
:1027B000009801999C68DD68001BA941002904DB91
:1027C0001A000023D75E002FEEDA5B461F805346C7
:1027D000138043469B881BB2002B00DA5DE743461B
:1027E0001A69EFF3108172B61368002BFCD0BFF3A7
:1027F0005F8F43469B8842461BB29A4601235B4249
:1028000093801369BFF35F8F00221A6081F31088F1
:102810005346002B00DA40E743465B699C46082399
:1028200043449B4653465F0043465744FF000822FB
:102830009A5E67445E46BC68FD68002A19DB3B006F
:102840000094019567469C4604E01E000023F25E5A
:10285000002A0BDB0098019953009B18DB00FB1842
:102860009C68DD68001BA9410029EEDA6346BC467E
:102870001F005346338000217B5E3A809A46002B2E
:10288000D0DA43469B79002B00D10BE70023424668
:102890009371434646460821595E08364B1C00D1C9
:1028A00029E747468C46556902E006004B1C17D0C5
:1028B0004B005B18DB00E8180A00E95E43881BB296
:1028C000002BF2DA01235B42DC178360C4606245AF
:1028D000ECD031803B89944603803A814B1CE7D190
:1028E000B8466446E1E66B1C00D0ECE6F9E65B46D0
:1028F0005C69200023699847002821D15B46424645
:102900001B8813811269EFF3108372B611680029D6
:10291000FCD0BFF35F8F4246594652880A80424638
:10292000514651801269BFF35F8F0021116083F31C
:102930001088ACE6064800F0B3FA24184D4114E7BD
:102940006568246806E7C046903E00203C7005405C
:10295000004005405126001070B52E4C2569002D11
:1029600004D00A212C48FFF7FFFD70BD2B4E032138
:10297000300000F08BFAE660FFF7F6FB284B0322ED
:102980009C46D02322701B061B6801216370254BD7
:102990006044A3600F23800020610220638063698C
:1029A0004942A18019800231198647311D8358524E
:1029B00018315A5275325C39995218320131995294
:1029C00018320131995218320131995208351832B2
:1029D0009D520231183299521832013199521832EF
:1029E00001319952183201319952183201319952FC
:1029F0001832013199520C4B0C49DC6001303562C0
:102A0000FFF726FC01210320FFF7EAFB084B1D60BE
:102A1000A7E7C0469C110020AC3F002000400540C5
:102A200040000034FFFF1000903E002051260010AF
:102A300038600540004870479C110020F8B51F0021
:102A400008AB1B7804001600002B07D100F030FA09
:102A500032003B00121A8B41002B4CDB2269EFF352
:102A6000108072B61368002BFCD0BFF35F8F6269D1
:102A70000223E15E94464B005B18DB0063440029AF
:102A800001DB1A8862802269BFF35F8F0025156021
:102A900080F31088002930DB069A9E60DF601A619F
:102AA000079A5A615A8801325204520C161C002AA5
:102AB0001FD0B0B20A045E8010432669EFF3108580
:102AC00072B63268002AFCD0BFF35F8FA2881A80EA
:102AD000A1802369BFF35F8F00221A6085F31088FD
:102AE000074923788C4601329A40E36863441A60B0
:102AF000F8BD0126DDE70020FAE701204042F7E7B4
:102B00003C20000070B5C646010000B50469EFF333
:102B1000108C72B620680028FCD0BFF35F8F0220B3
:102B20000D5E48696C0080466419E4004444002D41
:102B300001DB208848800869BFF35F8F00260660AC
:102B40008CF31088002D30DBE36063880598013337
:102B500020615B0406985B0CA26060611A1C002B6C
:102B600021D090B22B04628018430A69EFF31086DB
:102B700072B61368002BFCD0BFF35F8F8B88238065
:102B80008D800B69BFF35F8F00221A6086F3108877
:102B90000B7801329A40CB6805498C4663441A6031
:102BA00040BCB04670BD0122DBE701204042F7E7A0
:102BB0003C20000010B543890A14934233DD5300D2
:102BC0009B184269DB00944604696344EFF3108C60
:102BD00072B62268002AFCD0BFF35F8F5A880904BE
:102BE00094B2090C8A4208D00369BFF35F8F0022B8
:102BF0001A608CF31088002010BD8022120214434A
:102C00005C80012302698371BFF35F8F0021116033
:102C10008CF31088054902788C469340C2680120E5
:102C200062441360E8E70020E6E7C0463C2000006D
:102C300040787047F0B504000D0006267642F7177D
:102C4000C64636196F4100B582B08F4214D811D0F4
:102C500000F02EF932003B00121A8B41002B15DCDC
:102C6000002B44D02000290000F056F902B080BCAF
:102C7000B846F0BD8642EBD90026002700F018F9CF
:102C800032003B00121A8B41002BE9DD00F010F9F5
:102C900032003B00121A8B41002B0ADB0023019308
:102CA000144B3200009314483B00FFF72BFF002821
:102CB000D8DBB0460026BC46104A114F7B6A9C45C3
:102CC00004D8B96A8845CDD99C45CBD11168EFF3BA
:102CD000108072B60B68002BFCD0BFF35F8F1368B7
:102CE000BFF35F8F1E6080F3108820BFE6E7002AE5
:102CF000B8D0CBE7212600109C110020AC3F00206B
:102D00000040054070B504000D0000F0D1F8001936
:102D10006941002902DBFFF78DFF70BD01200149E9
:102D20004042F8E7FFFFFF7F70B5060000F0C0F8F3
:102D3000FA2204000D00002330000021920001F06F
:102D40007BFC00196941002902DBFFF773FF70BDAE
:102D5000012001494042F8E7FFFFFF7FF0B5CE4672
:102D6000474680B504000D0083B0EFF30587002FC0
:102D70000DD0364A0020536A8B4203D3926A013049
:102D8000A24250D303B0C0BCB946B046F0BD304BF0
:102D90009846DB689946434648461E7800F080F81E
:102DA0000B00494602000436B600715820008E1A06
:102DB0002900801A99418F4211DC0ED020BF234A8E
:102DC0000020536AAB42DDD3926A0130A242D9D2CD
:102DD000E81A421E9041C0B2D4E78642EED900F014
:102DE00067F822002B00121A8B41002B20DB0023F6
:102DF0000193184B2200009340462B00FFF782FE00
:102E0000011E15DD114B2E005A6A95421CD89B6A93
:102E1000A34217D34046FFF7CDFE0C4A0020536A69
:102E20009E42AFD8D0E7581A421E9041C0B2A9E7DF
:102E3000064A0020536AAB42A4D3926A0120A24200
:102E4000A0D2C5E79542E5D120BFE3E700400540A9
:102E50009C11002021260010084A4368516A10B5D1
:102E6000046800208B4203D8926A0130A24200D34A
:102E700010BD5B1A5A1E9341D8B2F9E700400540D5
:102E80000260436000487047592E001010B5024A96
:102E90000248FFF7F9F810BDDCAA00104821002015
:102EA0000300416A0A00986A596A8A42FAD1704757
:102EB000034B596A0A00986A596A9142FAD17047DD
:102EC0000040054070B504000D00124A536A190015
:102ED000966A536A8B42FAD13000190024184D418A
:102EE000AB4211D80ED02B000A494A6A9A42FCD351
:102EF00007D1084A02E0516A994202D1916AA1427F
:102F0000F9D370BDA642EED9012301246442E5172E
:102F10005B42E9E700400540064A536A9942FCD803
:102F200007D1044B02E05A6A914202D19A6A824266
:102F3000F9D3704700400540F8B5DE464E46574687
:102F40004546E0B58B4605000A991800160000F0CA
:102F500051FD0A9B6C001F02324B64199C46A40071
:102F60006444636881469F4200D967602B1FDBB2CF
:102F70009846012B30D9C02380229B01E31812010F
:102F80001A60294BAD0059599A4600291BD1226875
:102F900076017240E0268023164042465B01E3182A
:102FA0001E60012A30D9802380229B01E318120180
:102FB0001A6053464A4667605A51F0BCBB46B24657
:102FC000A946A046F8BD586900F014FD431C5800FE
:102FD000C0180338FDD2DAE75B46012BCBD1C02302
:102FE00003229B01E3181A60023AA3681A42FCD03C
:102FF000E0232268760156401E4080230A4A5B0186
:103000009246E3181E60AD005A46216851400322E3
:103010000A401A6001225B469A40A3681A42FCD01B
:10302000C1E7C046008000404C210020F0B5464674
:103030004F46D646C0B51F00344B44009C4624186A
:10304000A4006444636888461600FF2B02D88023DE
:103050005B006360031FDBB29A46012B30D9C023AB
:1030600080229B01E31812011A60294B85005959EF
:10307000994600291BD1226876017240E026802300
:10308000164052465B01E3181E60012A30D98023A6
:1030900080229B01E31812011A6080235B006360A9
:1030A0004B465F51E0BCBA46B146A846F0BD5869F0
:1030B00000F0A0FC431C5800C0180338FDD2DAE72A
:1030C0004346012BCBD1C02303229B01E3181A6096
:1030D000023AA3681A42FCD0E023226876015640E7
:1030E0001E4080230A4A5B019146E3181E6085005A
:1030F00042462168514003220A401A600123424699
:103100009340A2681342FCD0C1E7C0460080004053
:103110004C210020014B8000C05870474C210020FA
:10312000F0B5DE464E4645465746E0B55C4B1500C9
:103130005A6881468B4683B0FF2A02D8802252000B
:103140005A60584B01219846032342461360544A63
:1031500093681942FCD020201368534E5840E02356
:103160000340336013684E4A4B40032119403160DD
:10317000022193681942FCD080234C4F1B013B6015
:1031800080235B0053604A4C9A464A4B4A4663612F
:1031900001215B464848009500F060F959464846D1
:1031A000694300F027FC454B05005A68FF2A01D807
:1031B00052465A608022424B216912011A6000294E
:1031C00007D0606900F016FC431C5800C018033893
:1031D000FDD2E022394B3B4819680A4002210260C7
:1031E0001A68514003220A40042102609A68114281
:1031F000FCD08021344A09011160802252005A60BB
:10320000324B2361264B5968FF2900D85A60424649
:10321000032301211360224A93681942FCD0E02362
:1032200010680340336013681D4A4B400321194066
:103230003160022193681942FCD0802380211B0158
:103240003B604900224B516065615A68FF2A00D8F3
:10325000596080221F4BA16912011A60002907D012
:10326000606900F0C7FB431C5800C0180338FDD24A
:10327000402217490B685A40E0231340164A136056
:103280008022164B12011A6080235B004B60094BB1
:10329000A36103B0F0BCBB46B246A946A046F0BD50
:1032A0003C8000403CB000403C9000403CA00040CE
:1032B0004C210020006CDC02008002403080004085
:1032C00030B000403090004030A00040001BB700FC
:1032D0004880004048B000404890004048A000406E
:1032E000F0B54E465746DE464546E0B585B00393F9
:1032F000554B06009A46A0235B0099460191029225
:1033000001235B429C46E1444B460F2B00D198E0E1
:103310004E4F4F4B072457449A4569D82100380037
:10332000614300F067FB864248D0631E9846012C3B
:103330005ED01D0065433800290000F05BFB86422B
:103340005AD0A31E9B46022C5CD02D1B29003800AE
:1033500000F050FB864257D0E31E9B46032C6ED0F4
:103360002D1B2900380000F045FB864250D0231F5A
:103370009B46042C52D02D1B2900380000F03AFB4C
:1033800086424DD0631F9B46052C4FD02D1B290034
:10339000380000F02FFB86424AD04346052B4CD024
:1033A0003800E91F00F026FB86421CD006242100CD
:1033B0003800614300F01EFB8642B6D10029B4D12B
:1033C000A0464A46234B01205343019A13604246CC
:1033D000029B1C60039B1A6005B0F0BCBB46B24662
:1033E000A946A046F0BD0029E0D101239846E8E7B0
:1033F000194B9C46E24483E70029E2D0A31E9B467A
:10340000022CA2D1012489E70029A5D1D846D8E70A
:103410000029FBD0231F9B46042CACD103247DE75D
:103420000029F3D0631F9B46052CAFD1042475E718
:103430000029EBD04346052BB2D105246EE70224C8
:103440006CE70020C8E7C04670F72E00B0710B0093
:1034500050F80C00001BB70020D1FFFFF8B50400A6
:1034600020481D0017000E0000F0C4FA01003800CB
:1034700000F0C0FA069B29041B0319432368002BA4
:103480001EDB194B194DE21853425A4180235B0150
:103490009C461203164B62441A60164B1A601700C2
:1034A0002B689F43FBD1144B2660E2182123A060B8
:1034B00013602368002BFCDA0823E1601360F8BD79
:1034C0003F2322681340B342DBD1A3681B051B0DC9
:1034D0008342D6D1EE22E368D20213408B42D0D190
:1034E000EDE7C046001BB7000040FDBF08C000402C
:1034F00000E0004000F0004004300000184B0200E3
:10350000184810B5D8618020174BC0051860174CBB
:103510001748046000290AD0E021164BC90419603D
:10352000002A09D18022134B12061A6010BDE02137
:10353000C9041960002AF5D053019B1A9800802312
:10354000801800015B04984200D30B4880220B4B8B
:10355000D2051860024B5860064B1A60E6E7C04679
:10356000008005402131B76A00B00540FCFF010032
:103570000820014000A00540FFFFFF00802E002032
:1035800010B5140080221B4BD2051A6000281AD0F7
:103590000123194A1843194BDA61194A42401A6249
:1035A000596298628022134BD2051A601549164A57
:1035B0001160E022D2041A60002C07D18022134B44
:1035C00012061A6010BD0D4BD861EBE763011B1B9F
:1035D0009A008023121912015B049A4200D30C4A0C
:1035E0000C4B1A60054B5A608022084BD2051A60BA
:1035F000E8E7C04600B00540D3C007B000800540F2
:103600002D3FF84FFCFF01000820014000A00540BD
:10361000FFFFFF00802E0020024B9868431E984158
:10362000C0B27047008005408023024A9B000B43D4
:10363000D362704700800540142310B5010018883C
:1036400004331B88984710BD162310B50100188855
:1036500002331B88984710BDF8B54746CE4680B563
:103660000F1E19D0142399460433040000250126A7
:1036700098464B461888434621681B88984701C4E2
:10368000431E9841013540420640AF42F1D130001F
:10369000C0BCB946B046F8BD0126F8E7142370B5A2
:1036A0000400188804330D001B880349984729003B
:1036B000030020009847C04655420000142370B50F
:1036C0000400188804331B880D000549984703003F
:1036D0000020002C01DB0130A04029009847C046A3
:1036E00055420000AA23064A1B0113608D235B008C
:1036F000D3600449044B19605368002BFCDA70470F
:103700000040024000B0FA00006002407047C0462E
:1037100010B50148FEF7A0FC00AB001070B5074DD6
:10372000074EB54209D20024013E761BB60808CDEB
:10373000984723000134B342F9D170BDA095001021
:10374000DC95001070B5074D074EB54209D2002434
:10375000013E761BB60808CD984723000134B342DA
:10376000F9D170BDD4950010DC950010054B064AC8
:1037700006491A60064A074B1A6010000B68984306
:10378000FBD1704700E00040BFCDFBFE08C0004009
:10379000FE7F3C0000F00040044BDB6C002B03D1AB
:1037A0008022034BD2021A607047C04600001150BD
:1037B0004C201150044A054B1A60054A1368DB017E
:1037C0008033FBD17047C046FFFFFF0100F000408F
:1037D00008C000404022034B9A675A671A67DA66AE
:1037E0007047C04600F0014010B5FEF7D9FC10BD8F
:1037F000F8B52D492D4C2E4D641AA6103200302EEE
:1038000000D930222800920000F0EEFFBC2C41D8F5
:103810000123711C08009C46264A30293DD92F27D8
:103820002C196407E30FBF1B052F19D9302917D8AE
:10383000002B36D0B1006A506146CC1AF3189B00B9
:103840006108EB18C900C9181A605A6008338B4226
:10385000FAD101232100994346188C421AD0711CD9
:10386000B300EA50302915D089006A50B31C2E2EBF
:1038700010D09B00EA50F31C2D2E0BD09B00EA5079
:10388000331D2C2E06D09B00EA50731D2B2E01D029
:103890009B00EA50084B9D60F8BD2F339B1B9C4654
:1038A000BDE73000C8E7C04600010010C0010010AD
:1038B00000000020C101001000ED00E0002310B561
:1038C000294C82B0A367FFF70DFF0122274B1A6036
:1038D000636C012BFCD10322254B1A60224A936BA7
:1038E000012BFCD1013300930121224A22480433E9
:1038F000FFF7B4FD052301210093204A2048FFF77C
:10390000ADFD0022022104201E4BFFF78FFB002299
:10391000012105201C4BFFF789FB00220021072015
:103920001A4BFFF783FB002200210820174BFFF7FB
:103930007DFB8023DB000093002200210920134B34
:10394000FFF7FAFA0022104B00210620FFF76EFB6A
:103950000420FFF7DFFB0E4900F04CF801000020C7
:10396000FFF762FE02B010BD008000403CB0004096
:1039700030B00040002F685900800240008C86471C
:1039800000C00240001BB70040597307006CDC0206
:1039900040420F0001480421014B1847C01100208C
:1039A00059360010124A936F9B0815D29066D16663
:1039B000002905D0FFE7FFE7FFE7516F106F704761
:1039C00004B580210906C2175140002800D0C84321
:1039D00005F0A6FD002104BDF0B5146E556E576FBD
:1039E000166FFFF7E3FF1466556657671667F0BD5D
:1039F000000000D0114A936F9B0813D210665166E5
:103A0000002905D0FFE7FFE7FFE7516F106F704710
:103A100004B5002801D00020C04305F081FD00213D
:103A200004BDC046F0B5146E556E576F166FFFF7A4
:103A3000E5FF1466556657671667F0BD000000D0B5
:103A400094464A4A926F9208624601D228E0C046E4
:103A5000F0B5464E346E756E776F366F00F020F815
:103A60009446424A14665566576716676246F0BD2B
:103A700094463E4A926F9208624601D254E0C04694
:103A8000F0B53A4E346E756E776F366F00F04CF8C5
:103A90009446364A14665566576716676246F0BD07
:103AA000002B24DB11D000293EDA00B5C943404287
:103AB00000D1013100F038F8C943404200D1013152
:103AC000DB43524200D1013300BD002AEBD1002874
:103AD00001D1002905D00020C90FC90701D1C04379
:103AE000410800B505F0FCFC0022002300BD00B534
:103AF00000290ADBDB43524200D1013300F014F805
:103B0000C943404200D1013100BDC943404200D108
:103B10000131DB43524200D1013300F005F8DB43B1
:103B2000524200D1013300BD002923D1002B18D10E
:103B3000002A0CD0BC460D4F38667A66002100235F
:103B4000FFE7FFE7FFE77A6F386F674670470028A7
:103B500001D00748010000B505F0C2FC0022002397
:103B600000BD02000B00002000217047000000D0C3
:103B7000FFFFFFFF002B00D0BFE0130C28D1002A6D
:103B8000E7D080B4114F39667A66FFE7FFE730B4BB
:103B9000040C7B6F396F1B0423433B667A66FFE797
:103BA000FFE7FFE7C04684B27B6F3D6F1B042343F2
:103BB0003B667A66FFE7FFE7C04600232C042D0C26
:103BC0007A6F386F00196941B0BC7047000000D0AF
:103BD000F0B594460025140E01D112020835140FD9
:103BE00001D112010435940F01D192000235D40F96
:103BF00001D152000135D40B0134254F7C66254C90
:103C00003C660E0C93B2FFE7FFE7FFE73C6F6643AD
:103C1000360C7703BE467343DF0B5B04C01AB94111
:103C2000130C7343DB18C91ACE086643360CB6442E
:103C300093B273431F0F1B01C01AB941130C734396
:103C40001F0B1B05C01AB941860D8F023E43664308
:103C5000360C092D24DB520A7243801A7703460A78
:103C60006643360C16235B1BDE40DF40BF196446FB
:103C70006643821B7046043506330100D940A840D4
:103C8000C01900D30131A24206D20023F0BD0000CA
:103C9000000000D0FFFFFFFF121B0130F3D3F1E75C
:103CA00009277F1BFE406446A2B27243801A00D2ED
:103CB0000139220C7243130C1204821A99410B0031
:103CC0007046043513370100F940A840801900D32D
:103CD0000131002B02D1A2420AD2F0BD013000D343
:103CE0000131121BFAD2013BF8D1A24200D2F0BD41
:103CF000013000D30131121BF7E7F0B51C0C00D0E6
:103D000080E00CB400251C0A04D11B02160E3343BC
:103D1000120208351C0B04D11B01160F334312018C
:103D200004359C0B04D19B00960F3343920002355F
:103D3000DC0B02D192185B4101351C0097186441DD
:103D40000134464F7C66464C3C660E0CFFE7FFE7AD
:103D5000FFE7C0463C6F6643360C7703BE4697B21A
:103D60007743C01B00D20139C01B00D201399FB27A
:103D70007743C91BC91B170C77437E04FF0B801BBD
:103D8000B941CE086643360C0C2D33DBB644120B1A
:103D90001F053A431B0B97B27743C01B00D2013972
:103DA0009FB27743C91B170C77433E043F0C801B1F
:103DB000B941860D8F023E43664329277F1BFE4093
:103DC0000C3D7746AF40BF1930BCA2B2ABB27243D4
:103DD0007343801A9941220C7243130C1204801A07
:103DE000994102000B000137001BA941F9D2781E4E
:103DF0000021F0BD0C277F1BFE4077467F0BAF40B4
:103E0000FF19E0E700245D1C07D0144F7D6639667A
:103E1000FFE7FFE7FFE7FFE73C6F95B29EB2654320
:103E20006643401BB141150C1E0C654366433604C6
:103E30002F0C3E432D04401BB141994204D2020095
:103E40000B0020000021F0BD01D19042F7D3801A71
:103E5000994101349942F2D3F6E70000000000D006
:103E6000FFFFFFFF48404140484018B41B4B5B68D0
:103E7000FC46019308BD04DF0B41001018B4174B3A
:103E80001B68FC46019308BD00DF154100109446F5
:103E9000134A926F920809D2624618B40F4BDB683E
:103EA000FC46019308BD0CDFCD4300100C4AF0B571
:103EB000146E556E576F166F6246FFF7EEFF084A95
:103EC0001466556657671667F0BD18B4034B9B68B8
:103ED000FC46019308BD08DF71420010E81700207E
:103EE000000000D0FFB550404240504059404B4088
:103EF000594000E0FFB5154F4C00640D03D0BC42A3
:103F000004D10C0314D80020090D09055C00640DD0
:103F100003D0BC4204D11C030AD800221B0D1B0590
:103F200001264B4009D44B4003D58B4200D182423D
:103F3000FFBD9942FCD19042FFBD0B43DB18034308
:103F40001343F5D0C9434918FFBD0000FF07000027
:103F500000B5FFF7CFFF804100BDC04600B5FFF7B9
:103F6000C9FF01D9002000BD012000BD00B5FFF749
:103F7000B9FF01D9002000BD012000BD00B5FFF749
:103F8000B1FF804100BD012040054A00121804D84D
:103F90005A00121801D80020704701207047000015
:103FA0000021002805D17047C1174840401AFAD0B7
:103FB000C90713B5064B1B6898470CBC441CA240AC
:103FC0001005120B0349091B09051943114310BDC4
:103FD000A83F00201F04000010B54C00620D802394
:103FE000D218DB00D21A5B057E2A10DD9E3A13DA66
:103FF000CC170903490819435242D14064000134E7
:104000001532202A05DAD0400843604310BD002055
:1040100010BD0846604310BDC80FC018013810BD60
:1040200018B4044B5B6AFC46019308BD24DF7D4550
:1040300000100000E8170020132370B51D78012D33
:1040400019D014DD1E48FFF7FFFA06001D48FFF7E0
:10405000FBFA1D4C80223100200000F0C5FB022D30
:1040600006D01A48FFF7E8FA194B186070BD164CD5
:10407000184BA364F5E7174B134C23606360A360F0
:10408000E36023616361A361E36123626362A3620E
:10409000E36223636363A363E36323646364A364EE
:1040A000E36423656365A365E36523666366A366CE
:1040B000E36623676367A367E367A364D1E7C0464A
:1040C0005344000053460000E81700204C33000022
:1040D000A83F0020D940001007B5604601880A0AB1
:1040E0000230DF2AFAD1C9B2820804D3028840889C
:1040F0000004104300E00068014A5050039007BDDF
:10410000E81700200FB403BC0CBCF0B50124E40791
:10411000634000E0F0B50C0DCF0F661E3605891B1D
:10412000640503D3C943404200D30131640D03D079
:10413000661CF60A07D0E41B00207F00791C890763
:104140008912803C24031D0DDF0F6E1E36059B1B5C
:104150006D0503D3DB43524200D301336D0D03D011
:104160006E1CF60A07D0ED1B00227F007B1C9B070C
:104170009B12803D2D032F1B661B58D4A446202E76
:1041800046DA20371400BC401D00BD40F2403341E8
:104190002A4380185941CB0F05D0C943C0430022A0
:1041A00064425041514162464D0D28D10D0D07D159
:1041B00000281FD0241940414941013A0D0DF9D082
:1041C000640006D3013000D30131002C01D1400836
:1041D0004000013A0BD4941CE40A04D112051144A6
:1041E000DB071944F0BDD907204B194300E0D9077C
:1041F0000020F0BD0029DDD1002CDBD1F0BD013263
:10420000C6074008CD0728434908002EE1D0D9E76A
:104210003C2E29DA203E40371400BC4000D0012457
:10422000F24014431A00BB401C43D317ACE7AC4622
:10423000202F08DA20360400B4400D00B540F840C5
:1042400039412843A5E73C2F0CDA203F40360400D3
:10425000B44000D00124F84004430800B1400C43AE
:10426000C117EAE710001900002494E70000F07F6E
:10427000F0B50C0D661E3605891BE60A6405640D53
:1042800002D0651CED0A04D0002001210905803C04
:104290002403A4461C0D671E3F05DB1BE70A6405CB
:1042A000640D02D0651CED0A04D0002201231B0519
:1042B000803C24037740644497B484B296B274433C
:1042C000070C7E43150C6F4380B26843361802D347
:1042D000012000043F183004350C00197D4184464C
:1042E00088B29AB250430C0C62431F0C7C438EB2CE
:1042F0007E43921902D301263604A4191604170C22
:104300003618674101BC81B29AB25143040C624332
:104310001B0C5C4380B25843121802D301200004E6
:1043200024181004130C401863412D185E4100201E
:10433000474106BC88B293B258430C0C6343120C3D
:10434000544389B251435B1802D301210904641814
:1043500019041A0C091862416D1856410020474192
:1043600018BCF902720D1143F0026A0D1043ED0200
:104370000A0D03D16D1940414941013B124E9B1B6F
:104380007600B3420ED26D0007D301300026714192
:104390006646354301D1400840001B05C918E407B3
:1043A0002144F0BD0BDA013306D1013004D10131D3
:1043B0004F0D01D04908F2E7E1070020F0BD0136BA
:1043C00031050020EBE70000FF030000F0B51C0DF5
:1043D000671E3F05DB1BE70A6405640D02D0661CFF
:1043E000F60A04D0002201231B05803C2403D025BB
:1043F0002D060026F6432E661E096E66CE0FF619B0
:10440000B44649004F0D02D07E1CF60A03D00020AE
:104410000021403F3F033E1BB600B444013F7F05EF
:10442000C91B49082E6F013676089C02950D25435D
:104430007543ED137543AD1301356D10F603761B0F
:104440000CB4CC02450D2C43A2B2B3B25A43270C94
:104450007B43350C6F43A4B26C431B1902D3012478
:1044600024043F191C041D0CA4187D4124196D411E
:10447000009A91B2ACB26143170C7C432B0C5F43A2
:1044800092B25A43A41802D301221204BF18220484
:10449000230C52187B41019C6C431B19520ED9010D
:1044A0000A434401A01A81B2B2B2514303145A43E1
:1044B000360C734387B27743D617D21900277E4153
:1044C00036049B191704160C7F185E417316ED18FD
:1044D000F301002680337541A90F06D16400690AF3
:1044E000E8055B0A184309D22FE004229444803384
:1044F0007541A90AA8059B0A184326D340414941A2
:104500002404009A019B0D005543641B4343E41AA5
:1045100095B286B27543170C7E43030C5F4392B28B
:104520005A43B61802D301221204BF183204330CC6
:1045300052197B4152429C41002C02D4002201308E
:1045400051414008CA071043490802B06246D707E4
:104550009210084BD218084B9A4203D212058918C0
:10456000C919F0BD0020002A01DC3900F0BD01337B
:104570001905F5E7FD030000FE070000002200B565
:10458000203200F004F8080000BD000000220B15E6
:104590000AD410B5944600F031F81414013400DA4E
:1045A0000021CB17144C20470020002170476244A3
:1045B000343A0CD40C2A07DA04009140904052425D
:1045C0002032D440214310BDD843D94310BD2032FE
:1045D00007D40C469440524220321141D04020432F
:1045E00010BD0800C917203203D4524220321041B6
:1045F00010BD1800190010BDAF4500100A0DCC0FFA
:10460000531E1B05C91A520503D3C943404200D3A8
:104610000131520D03D0531CDB0A07D0121B0020BE
:104620006400611C89078912803A1203014BD21A77
:1046300070470000FF03000051434343C9188C46F4
:10464000110C83B24B4310B4040C614392B280B29C
:10465000504362431C041B0C001910BC5941130445
:10466000120CC0185141614470470000484041405D
:1046700048400E4B5B6818470C4B1B6818470C4AA8
:10468000936F9B0802D2094BDB681847F0B5146E94
:10469000556E576F166FFFF7F6FF054A146655669D
:1046A00057671667F0BD014B9B681847E818002054
:1046B000000000D0C10FC90700D54042002817D024
:1046C000F44603B40B4B1B68984706BC81409E38E8
:1046D0004042803107D20B0607D04900490AC00585
:1046E0001043084360470130F8E7490A8902F5E7BB
:1046F00070470000A83F0020034BDB6FFC461847C3
:104700007CDF9D4700100000E8180020132310B53F
:1047100012481C78FEF798FF0100012C0AD003DD37
:1047200080220F4800F060F80E48FEF785FF0E4B20
:10473000186010BD0A4C5422200000F055F80B4BB5
:104740006365A365E36523666366A366E366236723
:104750006367A367E3672362E361E5E7534600000D
:10476000E81800204C330000A83F002071470010DB
:1047700007B5604601880A0A0230DF2AFAD1C9B2B9
:10478000820804D3028840880004104300E00068D7
:10479000014A5050039007BDE8180020C30FDB0703
:1047A00041000A0E07D0FF2A08D00909054A8918D6
:1047B0001943400770471900002070470249C91883
:1047C000FAE70000000000380000F07F01480421F3
:1047D000014B1847D011002059360010014B1B68BF
:1047E00018470000D0110020014B5B6818470000FB
:1047F000D01100207047C046F8B557464E46454692
:10480000DE46E0B599460A9B07009A460D9B88460E
:10481000934615000B9E9B0710D10C9B9E420DD218
:104820009D1B14000E005D4422004B4601343100F4
:104830002020B847A542F7D1B0460B9E002E27D0C6
:10484000444675195346AA1B013E985D21004B460C
:10485000B847002EF6D123002C0098460D9B9B07ED
:104860000FD55B46E51A0C9BAB420AD946469846E3
:1048700022004B46310020200135B8470134A845BD
:10488000F6D82000F0BCBB46B246A946A046F8BD0B
:104890002C00E3E7F0B54F464646D646C0B584B097
:1048A00098460EAB1B78129F994694460D9C109B20
:1048B000119EBA0725D4002E4BD19C4200D3BFE0F5
:1048C00001223A4092461F2C00D9B8E00C9A551E9E
:1048D000302201E0202C03D001342A55A342F9D81C
:1048E0005246002A0DD0A6420BD9202C44D00C9A57
:1048F000551E302201E0202C3ED001342A55B4420E
:10490000F9D1FA064DD57A053FD4002C39D10F9B49
:10491000102B00D179E00F9B022B00D18AE03023CD
:104920000C9A012413704B46002B3FD02D230C9A78
:10493000135501340C9B624600930397434602963D
:104940000194FFF759FF04B0E0BCBA46B146A8464F
:10495000F0BD012215003D40AA463A422FD04A46FA
:10496000002A02D10C323A4200D0013E9C42BAD217
:104970001F2CABD9202E27D92024FA06DAD57A05A8
:1049800003D4A3422DD0A6422BD00F9B102B32D0A4
:10499000022B20D0202CCDD030220C9B1B191A705A
:1049A0000134202CC6D04B46002BBFD17B070DD441
:1049B0003B07BFD520230C9A13550134BAE79C421C
:1049C0009FD21F2C00D881E720249AE72B230C9A32
:1049D00013550134AEE7202CACD00C9B1B190134CD
:1049E0003AE0631E012C92D00F9A102A2AD0022A94
:1049F0002FD01C00D0E7BB060ED4202C9AD00C9BE5
:104A00001A19013478231370C4E7BB060DD4782338
:104A10000C9A01241370BFE7202C00D18AE758229A
:104A20000C9B1B191A700134B4E758230C9A01240B
:104A30001370B1E70C9A603301241370ACE72024A3
:104A400000265EE7023CBA06E9D40C9A12191C0053
:104A5000D8E70C9A9246534462221A709AE7C046ED
:104A600010B5002800D110BD01F03EFBFBE7C046A9
:104A70000B0010B5002802D049681B68984710BD8C
:104A8000F0B5DE4657464E464546E0B59BB09B46E0
:104A9000249B89469846259B0B900C9240464246A3
:104AA00019009A46FFF76FFA002800D0D8E00122DB
:104AB00040465146774B5242FFF760FA002800D03B
:104AC000CEE0012240465146734B5242FFF740FA76
:104AD000002800D0C4E00022002340465146FFF7E2
:104AE00037FA002800D0B9E1424653460A920993AA
:104AF0008023289ADB001A400E92289A1A4201D18C
:104B0000062326930A9A099B1600134300D0C7E098
:104B1000289B002500261B0500D49BE100230D9354
:104B2000269A0D9B9A4200DC9FE1D01A431E2693E1
:104B30008023289ADB001A430023002728920D9334
:104B4000279B0024BB4200D9DC1B0223289A1A4071
:104B50000E92289A134203D07B427B415B421C4059
:104B60000D9B002B07D00A9809992A003300FFF704
:104B70008EF90A9009910022002340465146FFF722
:104B8000E7F9002805D08020000684460999614491
:104B90000991289A414B0B9D13400493269B0A9A36
:104BA0000293099B03940092019349465B462800B7
:104BB0000C9A00F08BF90400002F62D0289B220091
:104BC00098061F23C0179843631C984649465B46C6
:104BD0006530A8470D9B0025DA179C18DB0F9A4615
:104BE0005440013F01E0202D13D00AAA94461F2310
:104BF000200063440A2101355E19FEF7FBFE3031C7
:104C0000317020000A21FEF7F5FE26000400092E6F
:104C1000E9D805230693002304930A3303935346EC
:104C200005970B9F029312AB009342465B464946A1
:104C300038000195FFF72EFE0E9B0400002B20D0BC
:104C40000C9BC51A279BAB421BD91E0022005B465A
:104C5000494620200135B8470134AE42F6D810E06D
:104C6000289B42460493279B49460393269B0B9817
:104C700002935346009201935B460C9A00F026F98A
:104C8000040020001BB0F0BCBB46B246A946A046BB
:104C9000F0BDC046FFFFEF7FFFFFEFFFFFF7FFFF15
:104CA000734B099F9C467800400D6044FFF77CF9E8
:104CB000704A714BFFF709F9704A714BFFF7DEF844
:104CC0003B03704A1B0B1A4304000D003000110017
:104CD0006D4B0022FFF7C9F86C4A6D4BFFF7F5F8F2
:104CE00002000B0020002900FFF7C8F8FFF774F955
:104CF0000D90FFF759F9674A674B04000D00FFF765
:104D0000E4F80022654BFFF7B9F8FFF765F9644A4C
:104D10000600644B20002900FFF7D7F8040030009C
:104D20000D000F96FFF740F95F4A604BFFF7CDF893
:104D300002000B0020002900FFF797F802000B008B
:104D400006000F00FFF7C1F8320004000D003B0021
:104D500030003900FFF792F8002210901191544B67
:104D600020002900FFF793F80022524BFFF786F846
:104D700002000B0020002900FFF789F800224E4BAB
:104D8000FFF77CF802000B0020002900FFF77FF8F6
:104D90000D008021040032003B000020C905FFF710
:104DA00064F802000B0020002900FFF767F80200FA
:104DB0000B0010981199FFF76AF80022314BFFF7AA
:104DC0005DF83E4B0F9C9C46644400222305FFF790
:104DD0007CF805000E0002000B000A980999FFF705
:104DE000B7F800280AD00D9B2800013B31000D9335
:104DF0000022304BFFF74BF805000E00C6270D9937
:104E00002B0063318F42BF4128997F420437090547
:104E100000D495E6334300D182E6099C284A21005C
:104E2000284B0A98FFF7A2F8002808D0002221009A
:104E3000254B0A98FFF78CF8002800D070E6269BD7
:104E4000002B00D17CE60E9B5A1E9341269AD31A62
:104E5000269375E6002304270D9371E643460A93D3
:104E600080231B065344099342E6002326935FE602
:104E700001FCFFFFFB799F501344D33FB3C8608B05
:104E8000288AC63F0000F03F0000F83F61436F638F
:104E9000A787D23F71A379094F930A400000E03FF2
:104EA0001655B5BBB16B0240EF39FAFE422EE63F14
:104EB00000002C400000244000001840FF030000C8
:104EC0002D431CEBE2361A3F80842E41F0B54E464E
:104ED000DE4657464546E0B597B09946209E219F4D
:104EE000229B8346984607910C923B00320030008B
:104EF0003900FFF748F8002800D0A9E1012230006E
:104F00003900CA4B5242FFF723F8002800D0E1E0F5
:104F1000012230003900C64B5242FFF72FF800281B
:104F200000D0B7E0002230003900C24BFFF726F86E
:104F3000002800D099E0002230003900BE4BFFF776
:104F400007F8002800D090E000220023300039004C
:104F5000FEF7FEFF002800D0B1E000230D93249B54
:104F60005B0501D40623984608AB9C461722002413
:104F700030234146624404E0013413550139202CAA
:104F800001D00929F8D8884630003900FFF724F805
:104F90004346DA00A94B05009B181A685B68089223
:104FA0000993FFF701F802000B0030003900FEF70B
:104FB0005CFF089A099BFEF788FF0A900B91FFF7A8
:104FC0002FF88246FEF7ECFF02000B000A980B99BF
:104FD000FEF74BFF00229A4B0A900B91FEF7CEFF93
:104FE000002800D1C0E001239C46E2445046FEF771
:104FF000D7FF02000B0008980999FEF7AFFF0028C1
:1050000002D000239A4601354346002B6AD008ABF4
:1050100017269C4608956644554614E001235B42DA
:1050200043440A2128009A46FEF7E4FC013430315B
:105030003719397028000A21FEF7DCFC092D00D849
:10504000D0E0D0460500202CE8D10EAB98460323D3
:10505000249A1340012B00D196E02023249A019337
:105060000392239A434602921EE0249B58460493DF
:10507000239B00960197039343460C9A029307994A
:105080004B46FFF7FDFC17B0F0BCBB46B246A94645
:10509000A046F0BD249B5B070ED40322694B2499E4
:1050A0000192039123990291009358464B460C9A22
:1050B0000799FFF7A1FBE6E70422634BEFE73B000C
:1050C000320000200021FEF7D0FE012306000F0071
:1050D0000D9344E7249B0393239B029304230193A2
:1050E0005A4BE1E72800FEF75FFF02000B0030009B
:1050F0003900FEF7BAFE524B002206000F00FEF701
:1051000027FF0EAB984600280AD100223000390054
:105110004B4BFEF733FF002802D1EB0700D50135DA
:10512000202C94D008AA94461723280063440A210F
:1051300001341E19FEF736FC3031280031700A2187
:10514000FEF730FC051EEBD10323249A1340012BFC
:105150001BD0202C00D180E70D9B002B35D02D22B9
:105160004146631C0A5579E700220A980B99344B93
:10517000FEF7EEFE002800D046E75346002B51D143
:1051800001239C46E2443FE72024239B002BE0D0F0
:105190000D9B002B03D1249A0C33134202D0239B86
:1051A000013B2393239BA342D3D908AB9C461722F0
:1051B00030236244202C00D14FE72399013413554A
:1051C0008C42C6D0202CF8D147E7249B5B0724D41F
:1051D000249A2300120700D440E7202241460133DD
:1051E0000A553BE75746089D202C00D12DE72200A9
:1051F00030214046002F09D00132B154202A00D17D
:1052000023E7D3431B191B18002BF5D10EAB98468F
:105210002E234146541C8B5482E72B224146631CAB
:105220000A551BE7DB0700D4EEE6A9E7FFFFEFFF17
:10523000FFFFEF7F65CDCD4165CDCDC180AD0010C5
:105240000000E03F88AB00108CAB001098AB001062
:10525000249B0393239B029303230193004B23E797
:1052600094AB0010F0B5DE464E4657464546E0B5D5
:105270009FB01C00289B91460993C94AC94B8B4695
:1052800008901A60002900D118E2002320789A467D
:10529000002800D11AE226001D005C460AE02A0020
:1052A0006F1C4B46089D2100A8473D000136307811
:1052B000002870D02528F2D110239B46083B9A463F
:1052C000043B9846023B00219C46721C1078160055
:1052D0000300203BDBB2102B03D8B34F9B00FB58DD
:1052E0009F460300303B092B32D900230A932A281A
:1052F00068D0002398462E283ED00300683BDBB2DE
:10530000122B1CD8A94A9B00D3589F460123013277
:105310001943DBE7634601321943D7E743460132BD
:105320001943D3E75B4601321943CFE753460132B5
:105330001943CBE780235B007078194301360300E3
:10534000253BDBB2532BAAD8994A9B00D3589F46E2
:1053500000270300B800C01901364000C018337898
:1053600030381A00303A0700092AF3D90A90180099
:10537000002398462E28C0D180237078DB00194383
:105380000300303B721C092B00D8A1E12A2800D170
:10539000B2E11600B1E7A346AA462C00D14503D8D6
:1053A00001235B424B449A464B46524659460020E5
:1053B000089DA84720001FB0F0BCBB46B246A946D6
:1053C000A046F0BD099B40CB0A96002E03DB507827
:1053D0000993561C8DE72838014370420A900993BF
:1053E0005078561C85E7782800D1DFE1582800D195
:1053F0004CE26F2800D14FE3622801D100F030FC6D
:1054000010230A009A430B92692801D000F0A9FCEE
:105410000A230C934B0500D5D0E10B9A8023110091
:105420009B0019408B461A4200D0A1E28023110054
:105430005B0019408A461A4200D0B6E313005B06AF
:1054400000D5EDE2130009991B0601D400F076FCAB
:1054500008C91BB2D8171A18424092B20991934654
:10546000DA0F1292002B09D1802310220B99DB0056
:105470000B4091430B91002B00D0E4E20B9A612387
:10548000920600D541230EA91F228C46DBB262444E
:105490000A3B5F461395A34655460C9CB2460D93B6
:1054A00016000AE03033DBB201357355A74200D253
:1054B000EDE2202D00D1EAE2070021003800FEF7DE
:1054C00099FACBB20929EDD90D9A94466344DBB21F
:1054D000EAE780239B007078194301362FE7707844
:1054E000682800D1CDE180230136194327E7707881
:1054F0006C2800D1BFE180235B00194301361EE711
:10550000462800D19BE10722099B0491073393436E
:105510000A9A19000392424602920CC90898009216
:10552000019309912A004B462100FFF7CFFC013679
:105530000500BCE62A006F1C4B46089D2100252073
:10554000A84701363D00B2E68B0700D4ADE1099BC8
:105550002A009A466B1C9846534601CB21009A4676
:10556000089F4B46C0B2B8470A9B9C466544012B36
:1055700000D886E2089B4746B04626004C4699462E
:105580003A002300013731002020C847AF42F7D14D
:10559000A1465346340046460993013687E6C04685
:1055A000655200107C2E0020A0AB0010E4AB001070
:1055B00030AC0010099B04CB9B4643460992002B5C
:1055C00000D1C6E013789C46002B00D1BDE34346D2
:1055D000013B099A0133D0180A9F130001E083426E
:1055E00003D05A780133002AF9D1099A0A979B1AF5
:1055F0000B9380230A00DB001A400C92194204D05E
:105600000B9B434501D943460B9302231A000A40E2
:105610000D920B4200D187E16046002800D168E17D
:105620000C9B002B00D10DE1A844C246099B5746B4
:105630005B1B9846089BB2462A0026004C469946BA
:1056400009E023003100551CC8474346585D002837
:1056500000D126E12A009742F3D1A1463D00340053
:1056600056460D9B002B00D043E15B460136099363
:105670001DE6099B1A0008CA9246002B48D0212239
:1056800011438B460EA884461F21614409950022D0
:105690000F27A4460D0002E0202A0CD00B003C008E
:1056A0001C4020003730092C00D807380132A8549C
:1056B00019090F2BF0D86446099D32E0DC4B2078A5
:1056C000089300239A46002800D0E4E5002465E60C
:1056D000434606000A9F9800C01801324000801916
:1056E0001678030030003038303B0928F3D93000F9
:1056F000984616000A9700E6099B023604CB9046AE
:10570000D2434046D2171040804609933078F4E5E2
:1057100010220800904311321043834600224905AD
:10572000B0D55B46069308230593434604931023A4
:1057300003930023029316AB019200932A004B4679
:1057400021000898FFF7A6F8534605000136099393
:10575000ADE513789C46002B00D1F7E202235B42B3
:1057600037E7202302009A43472A04D180231B01F4
:10577000194302239843452801D1202319430722C6
:10578000099B0491073393430A9A190003924246F6
:1057900002920CC908980092019309912A004B4685
:1057A0002100FFF76DF90136050080E510230C9309
:1057B0000C230A009A430B924B0503D501230B9A45
:1057C0009A430B92692800D127E6642800D124E689
:1057D0000B9A802311009B0019408B461A4200D07F
:1057E00066E1802311005B0019408A461A4200D00E
:1057F00039E213005B0600D53CE113001B0600D420
:10580000A6E2099B04CB1204120C934609935B4653
:10581000002B00D09AE10B9A1033110099430B91A1
:10582000520500D492E100239A460B9B06930A9BF3
:105830000593434604930C9B039300230CE1202320
:10584000194360E6099B0A9A5B1B98464B469146B2
:105850001F00B2462600089C2A003B003100A047EA
:1058600043460135585D0028F6D14A463400B94612
:1058700056460A92F5E6C0239B00B07819430236DB
:105880005DE5C023B0781943023658E50C230A00C1
:105890009A4314331A43103B0B920C934B058DD44F
:1058A00096E7A14634005646DBE60A9A012A00D85C
:1058B00053E26B1E9F18089BB04626004C46994643
:1058C0002A002300013531002020C847BD42F7D10E
:1058D000A14634004646099B3A0001CB2100984678
:1058E0007D1C4B46089FC0B2B8474346013609931A
:1058F000DDE40B9B0A9AA8469A4200D8B5E6944686
:105900006544ED1A089B4746B04626004C4699462A
:105910003A002300013731002020C847AF42F7D1B9
:10592000A14634004646A0E60B9A0A99531C9142C0
:1059300000D814E24B199B1A1F00089BB2462600A0
:105940004C4699462A002300013531002020C847E3
:10595000BD42F7D10A9BA14601330B93099B34004A
:105960001B7856469C466046002800D058E67CE6E8
:105970000722099B07339343013294469C446246B5
:105980005F6809921A68FB17109311931098119988
:10599000030053400E930B007B400F9394460E9AE6
:1059A0000F9B121A8B410E920F93FB0F62461293BC
:1059B00000233A439B463DD00B9A6123920600D5C3
:1059C00041230022DBB20EA90A3B8C4692460D937E
:1059D00043461F3262441395159655460E9E0F9FFF
:1059E000A24690460C9C14930CE03032D2B243464F
:1059F00001355A55BB4500D18AE1202D00D18AE1FD
:105A000006000F002200002330003900FEF730F8B6
:105A1000D2B2092AE9D90D9B9C466244D2B2E6E78C
:105A2000FF23099904C913401A00099117E5C046DC
:105A3000F54700100B9A1033110099430B91520552
:105A4000BAD500239A460B9B06930A9B05934346BF
:105A500004930C9B0393129B02935346019316AB42
:105A60002A00009321004B460898FEF713FF0136E9
:105A700005001CE4FF22099B02CB11408B460993D1
:105A8000C5E65346454609930136FFF710FC5646D6
:105A90005C46AA46139DD6E708230C930B910B99FD
:105AA000642800D084E60B9B5B0500D586E6B4E451
:105AB0000722099B07339343013294469C44624674
:105AC00009921A685B6810009B4613005A461343FC
:105AD00007D10B9A1033110099430B91520500D551
:105AE000A1E60B9A6123920600D541230022DBB286
:105AF0000EA90A3B8C4692460D9343461F326244E0
:105B00005F461295A34655460400B24690460C9E49
:105B100013930DE03032D2B2434601355A5500237B
:105B2000BB4200D100E1202D00D100E104000F00B4
:105B30003200002320003900FDF79AFFD2B2092A73
:105B4000E8D90D9B9C466244D2B2E5E70B9A6123EB
:105B5000920600D54123DBB20EA90A3B1F228C46D8
:105B60000D93230062445C461295170055469B46F0
:105B7000B2460C9E08E03033DBB201357B55B442AF
:105B80000ED3202D0CD0040031002000FDF732FF91
:105B9000CBB20929EFD90D9A94466344DBB2ECE706
:105BA00056465C46AA46129D3FE6099B1A0008CA63
:105BB000D91713925A184A409246DA0F1292002BC4
:105BC00008D1802310220B99DB000B4091430B91ED
:105BD000002B2BD10B9A6123920600D541230EAAEC
:105BE0001F279446DBB20A3B0D9567445D46099337
:105BF000A3465446B2460C9E08E03033DBB2013572
:105C00007B55B4420ED3202D0CD00400310020006F
:105C1000FDF7F0FECBB20929EFD9099A9446634407
:105C2000DBB2ECE756465C46AB460D9D0B9B2A006B
:105C300006930A9B21000593434604930C9B089806
:105C40000393129B013602935B46019316AB0093BC
:105C50004B46FEF71FFE139B05000993FFF727FB3A
:105C600002230C931AE7099B04CB92461293002A55
:105C700008D1802310220B99DB000B4091430B913C
:105C8000002B2BD10B9A6123920600D541230EAA3B
:105C90001F279446DBB20A3B0D9567445D46099386
:105CA000A3465446B2460C9E08E03033DBB20135C1
:105CB0007B55B4420ED3202D0CD0040031002000BF
:105CC000FDF798FECBB20929EFD9099A94466344AF
:105CD000DBB2ECE756465C46AB460D9D0B9B2A00BB
:105CE00006930A9B21000593434604930C9B089856
:105CF0000393002302935B46019316AB00934B463C
:105D0000FEF7C8FD129B050009930136FFF7CFFA95
:105D1000B44200D871E6149B54460E960F97AA46DB
:105D20009846159E139D8EE6A64200D8FBE6139B6F
:105D300056469846AA465C46129D76E508C9D8178D
:105D40001A1842400991FFF78AFB00230B9350E495
:105D5000099B04CB9346099359E52F00BBE50B93B0
:105D600001E6063B0C939AE600B585B0039101214C
:105D700002900093034813004A4202A9FFF772FA07
:105D800005B000BD714A001010B5094A030014683F
:105D900084B0002C08D0012200910648524203A989
:105DA000A047012004B010BD00F0EAF90020F9E797
:105DB0007C2E0020614A001000BEFDE710B5FFF701
:105DC000FBFFC04670B5FDF7A9FC074D074EB54275
:105DD00009D20024013E761BB60808CD984723005F
:105DE0000134B342F9D170BDDC950010E495001088
:105DF000030010B5080011001B68984710BDC0468D
:105E0000F0B546464F46D646C0B5437D80460E00A7
:105E10001700002B46D0002A3FDD4B1E9946244B2D
:105E20000125002400209A460DE04B461B5D0D3BEA
:105E30005A425341325DDBB20A2A0BD02B000134A7
:105E400001359F421ADD002CEFD14346325D1B7DA8
:105E50000A2AF3D1002BF1D1A04204DA4346211AD9
:105E60001B6830189847434650461B6802219847E4
:105E7000013428002B0001359F42E4DC874204DD19
:105E80004346391A1B6830189847F619013E337893
:105E90000D3B5A42534142461375E0BCBA46B146E7
:105EA000A846F0BD0368110030009847F5E7C046EA
:105EB000D0AD0010F0B5C6460C000968060000B56C
:105EC000802906D04B1C23606418267180BCB8461C
:105ED000F0BD0F4B1D68002D16D0231D98460D4FA9
:105EE00002E02D69002D0FD02B68002BF9D03B6804
:105EF000002B01D0AB42F4D1280041462268FFF7C5
:105F00007FFF2D69002DEFD101230021DBE7C04683
:105F1000A0210020AC210020F0B5DE4657464E46B9
:105F20004546E0B585B017001C0006000D00FCF7E3
:105F3000BFFF0023314A12184B41002B59DB304977
:105F400008008A4603F00CFB01906B1C03D1300063
:105F500003F0EEF80500002C26D12A4B98462A4B78
:105F60001C68002C15D0002F21D1284F02E0246995
:105F7000002C0ED02368002BF9D03B68002B01D0F9
:105F8000A342F4D120002A003100C0472469002C2C
:105F9000F0D1019B002B28D1280005B0F0BCBB46F6
:105FA000B246A946A046F0BD194B9846D7E7174B15
:105FB000994602ABDF1D0A239B4602E02469002CB0
:105FC000E7D02368002BF9D04B461B68002B01D08B
:105FD000A342F3D12A0031002000C0475B460122D2
:105FE000390020003B70C047E8E7504603F070FAE4
:105FF000D2E70122074B5242A1E7C04640420F00C0
:1060000058160020F15D0010A0210020AC210020D6
:10601000015E0010FFFFFF7F0A4A1368002B05D1C5
:106020000CE01A001B691032002B07D09842F8D1FF
:10603000002902D103691360016170470029FCD077
:106040001060FAE7A021002010B500F04FFB10BD52
:10605000F0B5CE464746040080B583B0FCF728FF74
:106060002600002736184F41002F30DBB9461A4B67
:106070001A4D984643461C68002C03D116E024694B
:10608000002C13D02B68002B01D0A342F7D1A368BA
:10609000002BF4D0012101A898470028EFDD6B46C2
:1060A000187903B0C0BCB946B046F0BD0C4B5A6A73
:1060B0004A4507D39B6AB34201D24A4502D0022027
:1060C0004042EEE701200021FCF7FCFED2E701266A
:1060D000044B76429946CAE7A0210020AC2100205B
:1060E00000400540FFFFFF7FF0B5CE46474680B534
:1060F00083B06B460600DD1D2870FCF7D9FE002337
:106100001A4A12184B41002B2BDB1949080088460C
:1061100003F026FA174B81461C68002C14D0164F4A
:1061200002E02469002C0FD02368002BF9D03B68D3
:10613000002B01D0A342F4D1200001222900FFF757
:106140005FFE2469002CEFD14B46002B05D13000B7
:1061500003B0C0BCB946B046F0BD404603F0B8F944
:10616000F5E70122054B5242CFE7C04640420F00FF
:1061700058160020A0210020AC210020FFFFFF7F47
:1061800070B5040002F0D4FF0123010005000122D4
:106190002000FFF7C1FE084B1C68002C06D0636886
:1061A000002B05D098472469002CF8D1280070BD39
:1061B0002469002CF3D1F9E7A0210020F0B5CE46E8
:1061C000474680B5A5B004000D00FCF771FE002322
:1061D0002A4A12184B41002B49DB294E300003F0AC
:1061E000BFF900230700039322002B00254803A9D1
:1061F000FFF7BAFD039B8046002B14D1224B1C688D
:10620000002C06D06368002B0BD098472469002C23
:10621000F8D1002F27D1404625B0C0BCB946B046C2
:10622000F0BD2469ECE7184B1D689946002D22D07B
:10623000164C02E02D69002D11D02B68002BF9D0EF
:106240002368002B01D09D42F4D1039B28001A0043
:1062500004A90193FFF7D4FD2D69002DEDD14B4624
:1062600003951C68CCE7300003F032F9D3E7012234
:10627000074B5242B1E70395CBE7C04640420F00BF
:1062800058160020B55E0010A0210020AC2100208F
:10629000FFFFFF7F0FB400B583B004A901C90191CE
:1062A000FFF78CFF03B008BC04B018477047C04626
:1062B0000022014B1A707047724000204B79002079
:1062C000FF2B0BD18B79002B08D1CB79012B05D17A
:1062D000082A03D98A78024B09301A707047C046E1
:1062E000724000200120704710B5012909D11549DD
:1062F0005379107909781B0203430020994202D098
:1063000010BD0120FCE75378012B08D0022BF7D1F8
:10631000002064220021FDF733F90120F0E7D37853
:1063200091781B021943DB0507D54A0A10000123A7
:106330001A407E331940FDF7C1F901204A0A404254
:10634000F5E7C0467240002000487047F4AD0010E9
:1063500070B5050014000120012909D153780020EF
:10636000012B05D1637912791B021343072B00D04F
:1063700070BD21002800024A9F3301F06FFAF7E751
:1063800018AE00100123037000487047D4AD001010
:1063900048780B788A78000218431204104396223A
:1063A000CB7810B51B060343D200934200D010BD3A
:1063B0000022012011004042FDF780F9024B1860D5
:1063C000024B19607047C0463C210020402100204C
:1063D00010B5024B1878FBF721FF10BD7440002068
:1063E000154B70B51A68002A22D0EFF3108172B6EF
:1063F00010680028FCD0BFF35F8F00220F4859605F
:1064000002701B68BFF35F8F1A6081F3108800244D
:1064100000250B4E3078FBF7F5FE002804D1002450
:1064200000252900200070BD3078FBF7F7FEF8E763
:10643000FA240025A400ECE7882E002075400020F7
:106440007440002070B5040000200E0001F030FB05
:10645000002835D0002001F041FB002830D0FCF7A7
:1064600027FD0023184A12184B41002B24DB174D3F
:10647000280003F075F8002822D0002001F018FB56
:1064800000280BD1012000210324404200F018FD18
:106490006442280003F01CF8200070BD002001F0C9
:1064A0001DFB0028EED021003200002001F022FB6D
:1064B000041EEED1033CECE70122054B5242D6E725
:1064C00003246442E8E7C04640420F00B03F00208A
:1064D000FFFFFF7F10B5FCF7EBFC00230E4A1218FC
:1064E0004B41002B13DB0D4C200003F039F8002842
:1064F0000CD001200021404200F0E2FC002001F01D
:1065000043FB0028F5D1200002F0E2FF10BD01227C
:10651000034B5242E7E7C04640420F00B03F002025
:10652000FFFFFF7FF8B5DE46574680B505000C003B
:10653000FCF7BEFC0023364A12184B41002B5ADBF5
:10654000344908008A4603F00BF8002803D1C0BC88
:10655000BB46B246F8BD002001F0AAFA00284ED092
:106560000026002C43DD2C4B9B4614E0A91900208B
:1065700001F046FB070001200021404200F0A0FC92
:10658000002001F001FBFCF793FC234BF619186087
:106590005960B4422BDD002001F054FBA71B020020
:1065A000B84200DD3A00002AE0D10120002140423B
:1065B00000F086FC002001F0E7FA002001F078FAF4
:1065C000002814D0002001F03DFB0028E1D1FCF7A9
:1065D0006FFC5B460F001A685B68002184460F4819
:1065E00012184B419F4202D8D3D19445D1D950467D
:1065F00002F06EFFABE70122094B5242A0E70020F8
:106600000021054B18605960504602F061FF9EE77B
:1066100040420F00B03F0020E017002020A10700FB
:10662000FFFFFF7F30B52A4C85B00021200002F02B
:106630007FFF00281CD1274B1A68002A16D0EFF3E1
:10664000108172B610680028FCD0BFF35F8F012460
:106650002148596002781B68D2B20470BFF35F8F83
:106660000020186081F31088002A17D005B030BDD3
:1066700001200021404200F023FC002001F02EFA0E
:106680000500200002F024FF002DEFD0134B1B6803
:10669000002BEBD0124A10689847E7E7FCF7CAF9DD
:1066A0000400FCF705FCFA220023920012184B416B
:1066B000002B09DB012102910021019109492000F1
:1066C0000091FCF7BBF9D1E70122074B5242F1E7F9
:1066D000B03F0020882E0020754000203C21002083
:1066E00040210020E1630010FFFFFF7FD02310B5A1
:1066F0001B0684B01C68FCF79DF9FCF799FAA042D0
:1067000002D0002004B010BD294B002100201B78CE
:1067100001F08CFD27480368002B41D00120FBF7D6
:106720000FFFFF23244C254920701840FBF790FDF4
:1067300020780121FBF754FD0520FBF777FD0028A9
:1067400021D1082200211E48FEF748F8FCF772F913
:106750000400FCF7ADFBFA220023920012184B4113
:10676000002B20DB0121029100210191154920001D
:106770000091FCF763F90028C3DB13480121FFF700
:106780004BFC0120BEE70120FBF7FAFC01000C489E
:10679000FBF73CFF002205200C49FBF783FDECE7EB
:1067A000FBF716FFBAE70122094B5242DAE7C0466F
:1067B000F0B10010B03F00207440002025660010AA
:1067C000882E0020E1630010E0110020D16300104A
:1067D000FFFFFF7F10B5002001F06AF910BDC04631
:1067E0000048704760AF0010004870470CAF0010C1
:1067F00070B5040017480378002B21D0002C06D177
:10680000C1241548154BA4004380048070BD052C9D
:106810001DD8134B1048A400E558811C002304E048
:1068200001330A800231132B0ED0EA5CDCB2002A5D
:10683000F6D1C0230134E4B264009B001C43E4E7BA
:10684000112100F01FF8D9E7CA24A400DDE70020D9
:10685000DCE7C0465C4000207421002009040000F1
:1068600074AF001010B5024800F0E0F810BDC0464B
:10687000A03F002010B508220149FDF7B5FF10BD6B
:10688000A03F002030B54B1E012900D1A7E0664A89
:1068900011780D112C0030349F2900D9A2E004702A
:1068A000012B00D1BEE00F21147821400C003034C0
:1068B000092900DD98E04470022B00D1B2E0547841
:1068C0002511290030319F2C00D990E08170032BD5
:1068D00000D1A7E00F2121400C003034092900DD50
:1068E00087E0C470042B00D19CE094782511290026
:1068F00030319F2C00D97FE00171052B00D191E050
:106900000F2121400C003034092900DD76E044716C
:10691000062B00D186E0D4782511290030319F2C38
:1069200000D96EE08171072B00D17BE00F2121405F
:106930000C003034092966DCC471082B00D171E0E9
:1069400014792511290030319F2C5FD80172092B51
:1069500068D00F2121400C003034092958DC4472E2
:106960000A2B5FD054792511290030319F2C52D841
:1069700081720B2B56D00F2121400C003034092995
:106980004BDCC4720C2B4DD0947925112900303189
:106990009F2C00D9073101730D2B43D00F212140CB
:1069A0000C003034092901DD37310C0044730E2B03
:1069B00038D0D1790C11220030329F2900D907320A
:1069C00082730F2B2ED00F220A4011003731092A73
:1069D00001DC30321100C173102B23D010300023A2
:1069E000037030BD07345AE737310C0063E70731D5
:1069F0006CE737310C0074E707317DE737310C0065
:106A000085E707318EE737310C0095E707319DE7C1
:106A100037310C00A3E70731AAE737310C00C47205
:106A20000C2BB1D1C018DAE7A03F002030B500250B
:106A300089B004000922002101A80095FDF7CEFECF
:106A40000922002105A80495FDF7C8FE4B236A46DC
:106A50006846137004A90D2202F032FD15210822A8
:106A600020006944FDF7C0FE09B030BDF8B500F064
:106A700045F90C23194DFF22AB6705201849FBF798
:106A800011FC184C402200212000FDF7A7FE4027F2
:106A9000002301262121144A66702783A260136017
:106AA00063545F31618445396354104A104963600F
:106AB000E2602787A1620B606362E26202F020FD60
:106AC00080239B052E64EB6490230A4A0120EA5040
:106AD0008022094B5202DA64F8BDC0460000115012
:106AE00069060020F8290020840010500001105091
:106AF0008000105010D001000020115010B501216D
:106B00000520FBF76DFB10BD10B5002200210248E7
:106B100000F014F910BDC046182A0020044B19706B
:106B2000002904D080219023024A8902D150704765
:106B30006E400020002011500B785B0602D14B788C
:106B4000052B00D070478A78014B1A60FAE7C046DF
:106B500000001150F0B5C646C87800B58007830F15
:106B60001800012B61D08F780C794B797F211B02A3
:106B7000394023434E00FC09334D32195201AA1803
:106B8000977001276740577000275B055B0DD77032
:106B90001383D076B846CA00012C32D02B4FBC46A6
:106BA0008F016244BC46AC446746BA6047461760F2
:106BB000002932D0264AC9009046624641445160BD
:106BC0003F223F339343022838D0224937190A68BD
:106BD0007F01D3180B602049EF19FA608B422FD840
:106BE000341964012D19EB7E1C499B064A4013435E
:106BF00080220120120613436A68136080BCB846E5
:106C0000F0BD174FBC468F016244BC46AC4467469A
:106C1000BA6247461760002909D1002364012D1983
:106C20006B60104B0120EB60E8E70020E6E70B4AC1
:106C3000C9009046624641445162C1E75B00C4E727
:106C4000FCF766FDFA68CBE7F829002084001050B5
:106C500004001050842E0020FF0F10500000105030
:106C6000800010500001105010B502F049FC10BD1A
:106C700010B57F200C0020404000E40911000019ED
:106C80001A00034B4001C01800F058F8012010BD55
:106C9000F82900207F22130010B50B400A420BD0C8
:106CA000C9098022580040180649400140181201C5
:106CB000002102F06DFC10BD02220348C909521ADE
:106CC0008266EEE7F8290020002011507F22100094
:106CD00010B508400A4200D110BD0023C909400088
:106CE000401804494001081800220349C37002F00B
:106CF0004FFCF1E7F8290020FFF7FFFF80220A4B45
:106D0000520410B51A60094B09491A6010000B684B
:106D10009843FBD18022002152010648FDF75EFD19
:106D20000922054B5A6710BD00E0004000F000400A
:106D300008C00040000010500000115070B5837E64
:106D400004000D001600002B17D10023E38201334D
:106D50002000A682A376256102F0AAFB002804D0B9
:106D600080219023084A8902D150200002F0C0FB04
:106D7000002805D00123237770BD02F001FCE4E771
:106D8000200002F0F5FBF7E7002011507047C046E5
:106D90007047C04600207047002070477047C046CB
:106DA0007047C0467047C0467047C046024B58788F
:106DB000431E9841C0B27047B41B0020024B1878A4
:106DC0004007C00F7047C046B41B0020F0B54646D0
:106DD0004F46D646C0B52F4B814698461B780E00CD
:106DE0000124FF2B43D1002940D0002154222A48FE
:106DF000FDF7F4FC0022294C294B20001A70FBF708
:106E0000E7FB284B1C60284C20001430FBF7EEFBFE
:106E1000200001F0F7FD254B254D1C60254B002B74
:106E200004D02800FFF7AEFA234B18602349002452
:106E300000238A462A78204F10E03A68630194467E
:106E40006344002B12D05B68002B0FD098472A7840
:106E50000134E4B2511C2300A1420EDBA242ECD863
:106E60009B1A5B0153445B68002BEFD10024200088
:106E7000E0BCBA46B146A846F0BD43464A4631009A
:106E800048461A70FFF7F2FD041EEFD04846FFF7A0
:106E900035FEECE714120020B41B0020AC1B0020D0
:106EA0006F400020081C0020F81100200C1C00205E
:106EB0006D40002085630010041A002090B000107F
:106EC000F0B5DE4657464E464546E0B5C44B8BB05E
:106ED0001B78FF2B00D12EE1C24BC34D9A4607AC65
:106EE0002E687269EFF3108172B61368002BFCD024
:106EF000BFF35F8FB1613000210001F0C5FB726903
:106F0000B369BFF35F8F0021116083F310880028FD
:106F100000D110E16378082BE2D852469B00D35889
:106F20009F466368002BDBD0A0689847D8E77F2393
:106F30002179AE4E0B405800CA093618B6183200F7
:106F4000012730321079B843107110790337B843F4
:106F50001071002B00D1F7E0A54A337D12789342DF
:106F600000D3E5E0A34A5B011268D318002B00D1DF
:106F7000E1E09E6962792078A368B047B0E79E4A55
:106F80001378002B00D1D6E01378013BDBB21370ED
:106F90001378002BA4D10122944B01211B78934834
:106FA0001343924A914E13703423D25C8A43C254E5
:106FB000C25C04208243F2540133F25C8A43F254EF
:106FC000F25C8243F254237800209B4600F0AEFC32
:106FD000602223791A40602A0DD0402A00D1BEE0F9
:106FE000DB06DB0E012B00D10EE1022B00D1D0E03D
:106FF000002B00D1BFE020780021FFF74BFE80215D
:107000002078FFF747FE6BE7784E3378DB0700D434
:1070100066E7FFF7C9FE63E7744BDB78DB0700D454
:107020005EE76068FFF7B4FE5AE7704E3378DB071F
:1070300000D455E730780007C00FFFF7B3FE4FE7E5
:107040006E496B4E23788B466A49984689463100D3
:107050003278002346460027884611E04A461268E7
:107060007B0194466344002B6CD0DB68300098476A
:1070700043461A780137FFB2511C3B008F4241DC76
:107080009742EBD39B1A5B015B44EEE75B49584E9A
:1070900023788B4657499846894631003278002339
:1070A00046460027884611E04A4612687B0194460E
:1070B0006344002B21D0DB683000984743461A78A0
:1070C0000137FFB2511C3B008F4205DCBA42EBD8BE
:1070D0009B1A5B015B44EEE7444E542200213000D2
:1070E000FDF77CFB1022FF21301DFDF777FB300000
:1070F0002022FF211430FDF771FB00F00DFCFFF79B
:107100004FFEEDE6394E542200213000FDF766FBBC
:107110001022FF21301DFDF761FB30002022FF21EE
:107120001430FDF75BFB00F0F7FB2379B370D7E673
:10713000501C98420EDA0BB0F0BCBB46B246A946D2
:10714000A046F0BD294EEEE762792078A36800F0F2
:1071500001FCC5E69B1A294A5B01D31809E72848B8
:1071600000F0E4FB0121584608AAFFF7F1F80028D7
:1071700000D0B5E63FE7202A00D14EE1002A00D03A
:1071800039E76379092B00D935E71E4A9B00D358AC
:107190009F467023217A0B4200D02CE77F26CB0933
:1071A00098460E40114B76009B1943441F7D104BAF
:1071B0001B789F425ED3581CB84200DA49E1FF1A9F
:1071C0000E4B7F01DF19002A00D146E1786900F0FB
:1071D000ADFB012158467B6908AA9847C7E7C0461E
:1071E00014120020E8AF00100C1C0020B41B00207B
:1071F0006D400020041A00206F40002090B0001065
:10720000516300100CB00010237A0F2B00D9F2E666
:10721000D64A9446D64A63441B791278934234D3B3
:10722000511C994200DAE6E6D24E9B1A5B01F61831
:10723000706900F07BFB01215846736908AA9847E2
:10724000002800D04CE66022160023791E401A4226
:1072500000D0D0E663790A3B012B00D9CBE600F0E1
:1072600065FB63790A2B00D150E1584608A900F06C
:10727000DDFA35E6C04B7F011B68DF19002A00D11B
:10728000EBE0002F00D1B6E6A0E7BB4A5B01166831
:10729000F618002E00D1AEE6CAE7B44BA7795B78AA
:1072A0009F42E2D0B14B5B78002B00D06AE1AF4B3C
:1072B0005F70002F00D155E1781EC0B2FFF794FA3D
:1072C000002800D14AE143780493022B00D045E125
:1072D0000121C279931152110B400A4012015B0146
:1072E0001343A24A2F3112788A4313439F4A1370E3
:1072F00009239946C37882781B021343C31802936B
:107300009D4B814498464F46029BBB4200D806E104
:1073100001227B7800920B2B04D1FB7800933B7801
:10732000FF187B78042B00D018E1029BB946DB1BC9
:107330009BB203938E4B1E7800231F0001931BE02A
:10734000424612687B01D618002E00D106E149465C
:107350005846039A336998470590082803D9039A39
:10736000824200D3DEE0824B01371E78FFB2731CED
:1073700001979F4200DDF1E0BE42E1D8019B9E1BD8
:107380007C4B76019C466644E1E7784B06AA5B7825
:10739000023213705846012308A900F05FFA9FE5F6
:1073A000E088030AC0B20F2B00D924E673499A0083
:1073B0008A58974608A800F0BFFA5846A179FFF707
:1073C000A3FB0222694B1B781343684A137087E5BD
:1073D000E388012B00D00EE60822644B1B78934310
:1073E000624A137041E70220604B197806AB9A1C81
:1073F0008B068908DB0F01400B431380584602239C
:1074000008A900F02BFA6BE5E388012B00D0F2E528
:107410000822564B1B781343E2E7237A0F2B00D93F
:10742000E9E5524A9446524A63441B7912789342E2
:1074300027D2514A5B011668F618002E00D1DAE512
:10744000706900F073FA01215846736908AA9847D9
:107450008DE60027002A00D0CDE502226379994607
:107460009343012B16D04B46002B00D0C3E53F4B76
:1074700006AA9B19434430331B7902329B07DB0F6A
:10748000BBE7511C994200DAB5E53A4E9B1A5B0105
:10749000F618D5E7E388002B12D14B46012B24D0F8
:1074A000374B1878FFF7F6FB0221304B9B1943440A
:1074B00030331A790A4301211A711A790A431A7171
:1074C000002F00D10CE5786900F030FA7B6908AA3A
:1074D000012158469847002000F028FA3523234A16
:1074E000D35CDB0700D5FBE4BFE6254B1878FFF73C
:1074F000EDFB02211D4B9B19434430331A798A431B
:1075000049461A711A798A431A71D9E706AB9A1C4F
:107510005846012308A9167000F0A0F9E0E4FFF72F
:107520003DFCA2E63B004F469946009B012B00D153
:1075300089E0009B002B75D000234E46B97805E00A
:1075400016710133009ADBB293426AD207485A1887
:107550008446D2B262441079FF28F1D00023034A56
:10756000537048E5FFF71CFC7FE6C046B41B0020C3
:107570006D40002090B00010041A002034B00010BC
:107580001412002000215846FFF7C8FA5846FFF7AA
:107590006BFB454B454E9B7845490093894600233C
:1075A0003100327888461E0011E04A4612687301A5
:1075B00094466344002B22D0DB68584698474346E4
:1075C0001A780136F6B2511C33008E4207DCB24203
:1075D000EBD89B1A374A5B0194466344ECE754228C
:1075E00000213148FDF7FAF82F4B1022FF21181D1A
:1075F000FDF7F4F82022FF212F48FDF7EFF82A4B82
:10760000009A9A7053E6FEF79FFE021E00D1F2E444
:10761000D37891781B020B43584608A900F01EF955
:10762000A5E5B146059E4B4632003900224800F0E0
:10763000A1FEB4461D4B019A1B7867440133934267
:1076400000DB61E68AE71D4B32699A4200D073E79E
:10765000049B009370E7FFF79DFB021E00D1CAE474
:107660005846137808A900F0F9F880E52189FFF75A
:10767000BFF8021EF4D1BEE4022B0FD0FFF78CFB43
:10768000021EC5D1B7E4FFF7ABF8021E00D1B2E489
:107690001223584608A900F0E1F868E5FFF7A4F8BE
:1076A000021EB5D1A7E4C046B41B00206D400020E7
:1076B000041A002090B00010C81B00203D7D00106F
:1076C000F8B557464E46DE4645460C00E0B5160076
:1076D0001F00002A3CD0702398461E4B00259B4675
:1076E0001D4B9A461AE05B461B782000994653468C
:1076F000997800F003FE00281CD021004846FFF7CF
:1077000029FA002816D0A378DA09012A19D00A9A92
:10771000013513702378E418B54219DA6378052B24
:1077200008D1E3789B079B0FBB4203D14246A37865
:107730001A42D8D00020F0BCBB46B246A946A046AB
:10774000F8BD0B9A013513702378E418B542E5DBD8
:107750000120F0E714120020B41B0020702270B545
:107760008B780C001A4201D0002070BD064B20001F
:107770001D78064B997800F0C1FD0028F4D0210057
:107780002800FFF7E7F9F0E714120020B41B0020EF
:10779000074B080019687F2310B50340C0095B0040
:1077A00034301818034B181800F064FD10BDC046A3
:1077B000081C0020B41B0020074B080019687F2319
:1077C00010B50340C0095B0034301818034B18187B
:1077D00000F078FD10BDC046081C0020B41B00203E
:1077E0007F2070B508400F4C4000CD092418641963
:1077F000303425790020ED0700D570BD01262579AC
:107800000948354300782571FFF732FA0028F4D192
:107810000122237993432371237903329343237104
:10782000EBE7C046B41B00201412002070B50A4ECE
:107830000500300008220C00FCF7D6FF00237F2152
:10784000F3602278B36091425B412800D9010022A5
:107850000023FFF7C5FF70BD941B0020F8B5CE468E
:10786000474691462A4E80B50822070030000D0099
:107870009846FCF7B9FF4B46B3600023F381EC79DF
:10788000A97924020C43231C444500D943469AB2EB
:107890009046B381002C13D0002A1FD04B46002BFA
:1078A00034D0131C402A1FD89BB2984633787F2BC4
:1078B00020D80021174A43463800FFF791FF09E01E
:1078C0007F222B7838009A42644100230022E10194
:1078D000FFF786FFC0BCB946B046F8BD33787F2BB2
:1078E00011D980210022E6E740239BB298463378E5
:1078F0007F2BDED9074C424649462000FCF774FF37
:1079000080212200D7E700210022D4E70020E1E710
:10791000941B0020541B002010B5142200210248A3
:10792000FCF75CFF10BDC046941B0020014B1861A2
:107930007047C046941B002010B5054C010008227A
:107940002000FCF751FF0023A360E36010BDC04698
:10795000941B0020F8B5394C1D0023780600DA0985
:10796000C9098A4210D00020002D00D0F8BD2100A6
:107970003000FFF7E1F82369002B42D022000321F9
:10798000300098470120F1E77F2B06D8A068002837
:1079900039D02A002A49FCF727FFA368E289591940
:1079A0005219E38892B2E281A160934214D03F2D34
:1079B00012D9A589A81A071C80B240282FD823788D
:1079C000BFB27F2B2DD80021AA4235D01C4A3B00E4
:1079D0003000FFF705FFC9E72369002B05D022001F
:1079E00002213000984700280FD07F220021237801
:1079F00030009A42494100230022C901FFF7F0FEFE
:107A0000B4E70120B2E70020B0E700213000FFF723
:107A100041F930008021FFF73DF90120A6E740271A
:107A2000CDE7AA4207D0064C3A002000FCF7DCFE66
:107A300080212200CBE780210022C8E7941B002090
:107A4000541B002070B50500FFF7B0F9002800D1E5
:107A500070BDFFF7B3F90028FAD1C8236B43124A6F
:107A6000D618F1780029F3D010339C18200000F0CC
:107A7000F5FD3F28ECD90020F178FFF789FE0028BA
:107A8000E6D0200000F0EAFD3F2808D9EA01074DC2
:107A90004023F17852190020FFF7A2FED8E7F178D1
:107AA0000020FFF789FED3E78C1A0020081A002077
:107AB00010B50400FFF77AF9002801D1002010BDAD
:107AC000FFF77CF90028F9D1C83044430248001977
:107AD000037901201840F2E78C1A0020C82358438C
:107AE00010B5034B1030C01800F09AFD10BDC04611
:107AF0008C1A0020F0B5C824C64644431E4F1F4BC5
:107B00001034050000B53C199A4200D91C4A2000E7
:107B100092B200F009FE8046FFF748F9002803D131
:107B2000404680BCB846F0BDFFF748F90028F7D1C1
:107B3000C8266E43BE19F378002BF1D0200000F068
:107B40008DFD3F28ECD90020F178FFF721FE0028B9
:107B5000E6D0200000F082FD3F2808D9EA01094D57
:107B60004023F17852190020FFF73AFED8E7F17868
:107B70000020FFF721FED3E78C1A0020FEFF000053
:107B8000FFFF0000081A0020F8B50600FFF70EF905
:107B9000002801D10020F8BDFFF710F90028F9D125
:107BA000C82474432500144F2435ED19280000F033
:107BB00037FD0028EED03F190020B978FFF7E8FD27
:107BC0000028E7D00D48F601403636183100402233
:107BD000280000F0A9FDB978041E08D00300320087
:107BE0000020FFF7FDFD0028D4D02000D3E70020BF
:107BF000FFF7E2FDCEE7C0468C1A0020081A0020ED
:107C000070B5C82444430C4B2434E4180B4B0500D6
:107C10009A4200D90A4A200092B200F03FFE0600C4
:107C2000200000F0FDFC3F2801D8300070BD280086
:107C3000FFF7AAFFF9E7C0468C1A0020FEFF0000FC
:107C4000FFFF0000C823584310B5034B2430C01871
:107C500000F004FD10BDC0468C1A0020F0B50025D0
:107C6000184C83B0C82200212000FCF7B7FD164B4A
:107C700021001D70FF236371E1235B02A3602000DC
:107C800008234022A37338310095073B103000F0E1
:107C90008FFC27000123210020002600402278319C
:107CA0000093B837243000F083FCC0363800FAF770
:107CB0008FFC3000FAF78CFCE56127622663656370
:107CC00003B0F0BD8C1A0020881A0020074B1A6AF6
:107CD000196B002A02D00022DA611A62002902D050
:107CE00000221A635A6301207047C0468C1A002094
:107CF00070B50F4C052200212000FCF76FFD0D4DE3
:107D00002B78DA0707D50C4C9B070CD501212000F6
:107D100000F098FE70BD2000103000F073FE2B784C
:107D2000054C9B07F2D4200000F06CFEEEE7C04645
:107D30008C1A0020881A0020B01A0020F0B54B7968
:107D4000060083B0022B02D18B79022B03D00025D1
:107D5000280003B0F0BD214FBB78002BF7D18B7802
:107D600009253B700C780C196378242B0BD1082A59
:107D700002D80FE0AA420DD32378E418ED186378F7
:107D8000ADB2242BF6D0052B08D0042B02D1637999
:107D90000A2B11D00020FFF755FED9E72100300053
:107DA000FFF7DCFC0028D2D0A3787B702378ED1895
:107DB000E4186378ADB2E8E7094B27780193013303
:107DC0000093022202233000E119FFF779FC00281A
:107DD000BDD00E35ED19ADB2DCE7C0468C1A0020DF
:107DE0008E1A0020F8B560231400127805001340A5
:107DF0000020202B07D1304A6379277916781B029F
:107E00003B439E4200D0F8BD6378222B28D007D890
:107E1000202B17D0212BF6D101293ED00120F2E7EB
:107E2000232BF0D1012940D00329F7D1234B002B7C
:107E3000F4D0E178A37809020020194300E000BFE4
:107E40000120E0E7012928D00329E7D11C4B002BB2
:107E5000E4D0083200201100FEF79AFA0120D2E7A0
:107E6000012922D00329D9D10125A178E4782E0057
:107E700024020C4301211471264024321000714069
:107E800000F0E0FD0F4B002BC8D06208002031004D
:107E90002A4000E000BF0120B5E7072321002800A9
:107EA000094AFFF7DBFC0120ADE721002800FFF7BE
:107EB000BDFC0120A7E7C0468C1A0020000000008E
:107EC0009163001000000000941A0020F0B54F46A6
:107ED0004646D646C0B5354D8046EA780C001F00B0
:107EE0008A425BD19AB210239A46314EAA4431009D
:107EF000504600F0D3FC2F4B002B17D06B79FF2B93
:107F000014D0002F12D0F219914603E001364E45ED
:107F10000CD06B7932789A42F8D1504600F096FB3B
:107F20000028F3D1697900E000BFEFE7224B002B76
:107F300004D0224800F08AFB002834D00020FFF74C
:107F400081FDAB78A34206D001242000E0BCBA46F4
:107F5000B146A846F0BD1A4B002B02D0002000E02D
:107F600000BF0020FFF710FE0028EDD1154D2800BE
:107F700000F056FB0028E7D1002FE5D0BB06E3D187
:107F8000243D4046A978FFF703FC041EDCD0002303
:107F900000224046A978FFF723FCD6E7AB788B4256
:107FA000D9D00024D1E700E000BFC7E78C1A002039
:107FB000081A002000000000000000009C1A0020A9
:107FC00000000000B01A00209322F0B5134C85B0D9
:107FD000002120009200FCF701FC230020008026F5
:107FE00040270F4D4D337600FF3329300295009323
:107FF00000220023002103970196FF3000F0D4F9FE
:108000004035201D283400230122002103970295CA
:108010000196009400F0C8F905B0F0BD501D002095
:10802000D01C002010B5054C200000F0F3F9200012
:108030002538FF3800F0EEF9012010BD781E002031
:1080400070B5084C0025200031302570FF3000F05D
:10805000D9FC20000C3000F0D5FC2A23FF33E55476
:10806000657170BD501D0020F8B54E464546DE4690
:108070005746E0B54B7981468846FF2B25D12A2308
:10808000414FFF330C78FE5C7B794444A5181E43B6
:108090001BD1982252009246253AFF3A93468B789C
:1080A000BA443B700B79BB44002B0AD06378052B94
:1080B00005D111E02378E4186378052B0CD0A54294
:1080C000F8D84346E01A80B200E00020F0BCBB467E
:1080D000B246A946A046F8BDA542F2D921004846BD
:1080E000FFF73CFB0028F0D0A3780136F6B2DB099D
:1080F000012B2AD0504600F085FC2A23A278FF33BA
:10810000FA54224A6379944621791B020B435B059A
:1081100094215B0D63445A425341022049007A5C2A
:108120005B00824313437B5451464846083900F0B4
:10813000D1F90028C9D02378E41843461B79B3420B
:10814000B4D84346E01A80B2C0E7584600F05AFC63
:108150005A460E49A3788C460C3A537163792079BC
:108160001B0203435B055B0D634459424B410220F4
:1081700011795B0081430B43594613710839002084
:1081800000F076F9D7E7C046501D002000FEFFFF43
:10819000F8B52A251F4CFF35655D06001F008D428E
:1081A0001DD19A235B00E35A002B0ED11A4B002BF2
:1081B00004D000201949BAB200E000BF30001849CD
:1081C00000F088F901242000F8BD2000962331300A
:1081D0005B00E158BAB2FF3000F060FBE6E763797C
:1081E0008B4201D00024EEE70E4B002B04D0390463
:1081F0000020090C00E000BF0B4D3000290000F00A
:1082000037F901240028DED13A002900300000F0BF
:1082100003F9D8E7501D002000000000D01C00200A
:10822000781E002000000000541D002000B503004F
:1082300083B0002910D00020012B07D80A78002A2B
:1082400004D00B48C2540120012A01D003B000BD64
:108250001800FEF7BBFDF9E7012301A900200B8000
:10826000FEF7B4FD0028F1D00122014B1A70EDE7B2
:10827000A81B0020037870B5DB0704000E00DD0F9B
:10828000002B17D103785B0701D5280070BD0121B1
:108290003000494201F05CF92378DB07DD0F002B49
:1082A0000AD123785B0708D40422237801251343DD
:1082B000237002E00025E8E70025300001F008F90E
:1082C000E3E7C04670B50D000121040049422800D3
:1082D00001F03EF923785B07DE0F002B04DB28005A
:1082E00001F0F6F8300070BD2378DB0704D40422D7
:1082F000237893432370F2E70026F0E710B5437923
:1083000004791B0223435B055A0DC3789B079B0F1F
:10831000022B05D0032B15D00020012B08D010BD57
:1083200002291CD00020402393424041C0B2F6E70E
:1083300002394B4259410D4B9C46614491424041A8
:10834000C0B2ECE702394B425941F02300204942C8
:108350009B001940403191424041C0B2DFE7044BDD
:10836000D3185A425341D8B2D9E7C046FF030000A0
:1083700000FEFFFF8A1870B5914207D27F264C7825
:10838000052C04D00C7809198A42F8D870BD340045
:108390008D782C4064000419ED0963550C78091997
:1083A0008A42ECD8F2E7C046F0B5C64600B582B0C6
:1083B000150008AA40CA040017880BAA12880120D9
:1083C00090460A0021780240814320001143217029
:1083D00000933A0001233100083000F0E9F8002E44
:1083E00001D0002F08D10A9B0120636043466380BF
:1083F00002B080BCB846F0BD26001C363000FAF74B
:10840000E7F80023002D01D0330000266361A66148
:10841000E9E7C04601207047F8B5E02307000800EF
:108420000C785B00A407E4171C4008300D00160010
:108430003F3400F0F5F8002807D1002E05D0344273
:1084400003D101242B781C4201D00020F8BD380054
:108450006978FFF79DF90028F7D02B781C42F4D1FA
:108460000023002238006978FFF7BAF9EEE7C0462A
:10847000F8B50D000835060028000C0000F0D0F813
:10848000002803D0012723781F4201D00020F8BD27
:1084900030006178FFF77CF90028F7D02800628867
:1084A000616800F041F92378051E0BD01F42EDD121
:1084B0000300626830006178FFF792F90028E5D088
:1084C0002800E4E71F42E1D130006178FFF774F93A
:1084D000DCE7C046F8B5CE46474680B58B89060036
:1084E0000C00002B08D101250B781D4241D0002043
:1084F000C0BCB946B046F8BD0B789B0734D44023C6
:108500005B429946402527000837380000F0A6F85E
:10851000A842ECD30122237890461A42E7D13000DA
:108520006178FFF735F90028E1D0380000F096F8BF
:1085300042462378854231D81A42D8D14B466288C8
:108540001840051C80B2904200D9151CADB2002223
:108550006178002D00D062682B003000FFF740F9F1
:108560000028C4D02800C3E78025104BAD009946F1
:10857000C9E74978FFF70CF90028B8D023781D42E5
:10858000B5D1638800226178002B00D0626830008A
:10859000FFF726F90028AAD06088A9E71A42A6D1D9
:1085A00030006178FFF708F9A1E7C04600FEFFFF41
:1085B000F0B5C64600B5040006A8057880208846B8
:1085C00017001E000002824227D8E068002803D06E
:1085D0000121494200F0BCFF2069002803D001219D
:1085E000494200F0B5FF4346236073045B0CED0382
:1085F0001D430023E0686381A780E5802381002874
:1086000001D000F065FF20690124002801D000F0AE
:108610005FFF200080BCB846F0BD0024F9E7C046EB
:1086200010B5048941898288A3B288B28C4207D3ED
:108630001B1A9BB2101C9A4200D9181C80B210BDA4
:108640005100091A5B189BB2F4E7C0460300008989
:108650005B89C01A43425841C0B2704710B50489C3
:1086600041898288A3B288B28C4207D31B1A9BB27D
:1086700000209A4201D9D31A98B210BD5100091AAC
:108680005B189BB2F4E7C04670B5040000690E00A9
:10869000002803D00121494200F05AFF2589608952
:1086A000A288A9B283B285422CD3CD1AADB2002DD7
:1086B0002ED0AA4208D2914231D38B1A9BB2638149
:1086C0009A4203D89B1A9BB29A42FBD9E28821684E
:1086D0005204520C53433000C918FCF785F86189E5
:1086E00001254B1C9BB2A288994214D90023520049
:1086F0009B1A9BB220696381002801D000F0E8FE3C
:10870000280070BD5500ED1A4D19ADB2002DD0D125
:10871000002563899BB252009342EBDBE8E789189E
:108720008BB26381CCE7C046F0B546464F46D6468D
:10873000C0B50600006989469046002803D0012193
:10874000494200F005FF31897289B5888BB294B235
:10875000914257D31F1BBFB2002F4DD0BD4205D24F
:10876000AB4254D25B199CB22F0074814346B8458A
:1087700040D89FB2A54203D8641BA4B2A542FBD93E
:10878000F288281B5204530C190098463368614341
:108790009C4680B26144874226D94346584383B2FF
:1087A0001A0048469A46FCF71FF8434648467D1B88
:1087B00064195C4331685044A2B2FCF715F8718922
:1087C000B588CB199BB26A00994217D99B1A9BB204
:1087D00030697381002801D000F07AFE3800E0BCD7
:1087E000BA46B146A846F0BD424648467A43FBF732
:1087F000FBFFE4E73B1CBCE773899BB26A00934232
:10880000E6DBE3E76F003F1BDF19BFB2A4E75B1BAA
:108810009CB2A9E7F8B50400C0680E00002803D098
:108820000121494200F094FE258920896189A288AE
:10883000ADB283B28FB2884228D3DB1B9BB29A427F
:1088400009D8E779FF0906D1E068002801D000F0D7
:108850003FFE3800F8BD2B00954203D39B1A9BB214
:108860009342FBD2E28821685204520C5343C81849
:108870003100FBF7B9FFA2886B1C9BB252009D42EE
:1088800009D99B1A9BB201272381DDE75100C91B3F
:108890005B189BB2D3E79342F5DBF2E7F0B54E46A7
:1088A0004546DE465746E0B589460500140083B0CC
:1088B000002A6ED0C068002803D00121494200F090
:1088C00047FE2F89EA796B89BFB29BB2D20942D1A8
:1088D000AE889F4267D27200D31AFB189BB2002267
:1088E00090469E4231D9F31A1A1C9BB2A34200D97A
:1088F000221C93B29846E8884346DB199BB29B46FC
:108900003C00BE4203D8A41BA4B2B442FBD2400434
:10891000430C18009A462B6860439C46311B89B271
:10892000604441454ED35246434649465A43FBF7BD
:108930005BFFAB885B00BB4501D39B4503DB5A461D
:10894000D31A9BB29B465B462B81E868002822D055
:1089500000F0BEFD1FE0AA889046944226D29F42B6
:1089600044D34146FA1A92B2490012198A4209DBED
:1089700042469A1892B2171BBFB29346BB423AD9ED
:108980007F1ABFB2E3199BB246469B46A046E888D1
:10899000B6E700239846404603B0F0BCBB46B2465B
:1089A000A946A046F0BDFB1A9BB298E7E888A21A38
:1089B0004404640C54434246A144002AC5D04646B0
:1089C0001F0099E75346594389B20A00019149466D
:1089D000FBF70AFF43469A1B5346A2185A430199D4
:1089E000286892B24944FBF7FFFEA2E75100CA1A79
:1089F000BA1892B2B9E7B942C2DD4646E888A04645
:108A00007EE7C04610B50400C068002803D00121ED
:108A1000494200F09DFD2069002803D00121494210
:108A200000F096FD0023E06863812381002801D0D7
:108A300000F04EFD2069002801D000F049FD012022
:108A400010BDC04670B50400C0680D00002803D0FA
:108A50000121494200F07CFD2069002803D001215A
:108A6000494200F075FD7F21E379ED011940E0688E
:108A70002943E171002801D000F02AFD2069002877
:108A800001D000F025FD012070BDC04603BDC046E9
:108A900010B50400FAF756FEA04710BDF0B504006B
:108AA00087B00F200E001700F9F7ACFB002105007E
:108AB0000F20F9F795FB0023002200920193012378
:108AC0000293D0230496059400260024012102205D
:108AD00003971B06002C14D01A6D1042FCD05C6565
:108AE00040BF1A6D114203D120BF1A6D1142FBD055
:108AF0009A6DA2420AD000266C46B200A458E9E75B
:108B00009A6D1A6D1142FBD140BFE5E70136052E83
:108B1000F2D929000F20F9F763FB07B0F0BDC0467A
:108B20000B4B0C4A10B5934201D201235B420A4C15
:108B30000A4A190092681851FF20A446C0001B5031
:108B4000074B0848C85008486144FFF7A7FF10BD0D
:108B50000008042000000420F407000000ED00E0FD
:108B6000FC070000918A00108D8A0010012301216A
:108B7000084A1360084A1360084A080013689843BB
:108B8000FBD1074A11608021490013680B42FCD0D9
:108B90007047C04600E0004000F0004008C00040C0
:108BA00000C00440F0B557464E464546DE46E0B5A7
:108BB00087B007000192129A1C009046002202938F
:108BC00010AB18783B68119EDA6601325960059047
:108BD000DA66231E00DC97E0013B0093012343404B
:108BE0005B02049300239A460393103300249946B2
:108BF000002E02D001214046B04753460021002BF1
:108C000003D13A79531E9A419102009B00205345AB
:108C10005BD05546019A3B68525D00250A430243EA
:108C20001A61002E30D0444604E049463B685A6B36
:108C300011421AD100212000B0470543EDB20028AF
:108C4000F3D0A0460400002D46D101239C46029B90
:108C5000E2445345CCD15046059B3B7107B0F0BC74
:108C6000BB46B246A946A046F0BD80229A58A0460F
:108C70000392002A13D1002D13D1009A52453ED001
:108C8000002300240393E0E7002CDED149465A6B11
:108C90001142FBD080229A580392002AEDD0012580
:108CA0005A6D002E25D080239B009B46444604E04D
:108CB00059463B685A6B0A4209D100212000B0474F
:108CC0000543EDB20028F3D0BBE70498A1E7A04626
:108CD00000241B6E002DB8D0002C18D1039B002B54
:108CE00003D0DA0701D41B07B5D401235B429A46AF
:108CF000B1E7802189005A6B0A42FCD0E8E7059A67
:108D0000002ABDD10025CCE700239A46A3E7022321
:108D10005B429A469FE7C046F0B557464E464546E9
:108D2000DE46E0B5060085B0019200229A460EAB01
:108D3000187833680F9CDA6601325960DA66534658
:108D4000109D0390002B68DD012300275B425344F4
:108D50009B460123A946B846250043405B02029387
:108D6000002D02D001214846A84733685A6F102AC7
:108D7000FCD04246002A3DD0802200215200D84536
:108D800041D01A61002D2BD0802440271A595A6BEC
:108D9000174211D0002148465B6DA847002826D015
:108DA00002277F423800039B337105B0F0BCBB46FD
:108DB000B246A946A046F0BD00214846A847002873
:108DC000EED133689A6F002AE0D041461B69019AC0
:108DD000535401239C46E044C245C1D14746E1E7D4
:108DE000802040211A585A6B114212D05B6D012726
:108DF0007F42D7E73279002ABED0A0228021D2005C
:108E0000C900D845BDD1029A0A43802149000A43CE
:108E1000B7E79A6F002AE5D0D7E70027C2E7C04638
:108E2000054BC01A43425841072340429843034B25
:108E3000103018607047C0461812002000E0004053
:108E4000F8B5DE4657464E4645468346E0B5052012
:108E50000C00FAF75FF90600600821008019FAF7A4
:108E6000C9FD430098468044070005214046FAF7B3
:108E7000C1FD3B1A9A461E4B8146700080199C42E8
:108E800031D81C49FAF7B6FD451C5B461C68002327
:108E90000422E366236801205A40062313408022FF
:108EA0005201A21813605346E3614B4623624346C6
:108EB0004F2B03D950214046FAF79CFDA023E050E8
:108EC000E06F0D4B45402D042D0CE3181D60012370
:108ED00039003000E366FAF78DFDF0BCBB46B246C0
:108EE000A946A046F8BD0549FAF784FD451CCCE724
:108EF0003F420F00809698007C10000040787D0172
:108F0000104A70B5821A53425A41072352429A437B
:108F10000D4B10321A600D4B0D4C1A601500236872
:108F20009D432B1EFAD166240268FF340571D56675
:108F30001460633C8833FF3CD5639563D450FFF7DE
:108F40007FFF70BD1812002000E0004000F00040DC
:108F500008C00040F0B5CE46474680B589B01F0036
:108F600010AB1B780400994604AB98461600129A81
:108F7000139B40460D00F9F783FF434602934B468F
:108F80000190009332003B0029002000FFF70AFE09
:108F900009B0C0BCB946B046F0BDC046F0B5CE463B
:108FA000474680B589B01F0010AB1B780400994676
:108FB00004AB98461600129A139B40460D00F9F731
:108FC0005FFF434602934B460190009332003B0003
:108FD00029002000FFF7A0FE09B0C0BCB946B0468A
:108FE000F0BDC04610B50A22002100F043FA10BDC2
:108FF00010B50A23002200F019FA10BDF0B588421E
:109000000AD98B18984207D2531E002A03D0CA5C93
:10901000C254013BFBD2F0BD0F2A0BD80500561EEF
:10902000002AF8D00023CC5C1A00EC54013396429D
:10903000F9D1F0E703270D003E0005430C000300C3
:109040002E402F422BD11500103D2D09AC462F018B
:109050003F1825681D6065685D60A5689D60E568CE
:109060001034DD601D001033BD42F2D165460F2380
:109070000C2401352D01491913404519144211D012
:109080008C59AC5104369C1B032CF9D8043B9B082B
:1090900001339B00ED18C91803231A40BFE70500F0
:1090A000561EBFE71A00BAE7024670B50A43920798
:1090B0002AD11E4DEE0104C808C9541B9443344004
:1090C00017D0D0B2D9B2401A2106014310D190B2C4
:1090D00099B2401A210401430AD110021902000A70
:1090E000090A401A2102014302D1100E190E401A3A
:1090F00070BD9A42DFD010BA19BA884201D9012056
:1091000070BD0020C04370BD02780B780130013182
:10911000002A09D09A4207D102780B780130013138
:10912000002A01D09A42EFD0D01A70BD010101018E
:1091300010B583070AD00300032102E001330B427C
:1091400005D01A78002AF9D1181A10BD0300196841
:109150000C4A0D4C8A188A4322420FD15968094A99
:1091600004338A188A43224208D15968054A0433D5
:109170008A188A432242F1D000E001331A78002A8B
:10918000FBD1E1E7FFFEFEFE80808080F0B50400A9
:10919000830716D10568144B144EEB18AB433342CA
:1091A0000FD16568104B0434EB18AB43334208D140
:1091B00065680D4B0434EB18AB433342F1D000E04B
:1091C00001342378002BFBD10023671C002A09D02F
:1091D000CD5CFE18E554002D04D001339A42F7D13E
:1091E00000233370F0BDC046FFFEFEFE808080800D
:1091F000F0B50C00044303000700A40712D1032AB2
:1092000010D9144CA44667460D68134C1E002C1947
:10921000AC433C421BD10433043A1F000431356097
:10922000032AF0D80024BE1806E00D5D013A3D5532
:10923000B31A0134002D02D0002AF6D1F0BD00216E
:10924000002AFBD0197001339E42FBD1F6E71F00C4
:10925000E8E7C04680808080FFFEFEFE034B10B52D
:109260001A6801235C3200F003F810BD20120020C0
:10927000F0B500282AD0070038000C000678013726
:1092800002E00134AE4217D02578002DF9D1002E2E
:1092900021D07E1CB4460B003D7802E00133002C47
:1092A0000FD01C78A542F9D1002D0CD00023013E2F
:1092B000337063461360F0BD002BDDD1176003707F
:1092C000F9E73700E5E700239C46F2E7106800283D
:1092D000D1D10020EFE700201660ECE710B50123A4
:1092E000FFF7C6FF10BDC046F0B557464E4645468F
:1092F000DE468246E0B5914688461E000A000820F8
:10930000484F83B013001C78551C395D2A00084271
:10931000F8D12D2C66D02B2C29D0434B9B46002313
:109320000193002E2BD0102E64D037003900584600
:10933000FAF760FB2B008C460022002107E08842F0
:1093400012D33FD00122794369181C7801332500DC
:10935000303D092D04D9113D192D15D8373C250074
:10936000AE4219DD002AEADA01225242EDE72C78FA
:109370009D1C2D4B9B4600230193002ED3D1302CF6
:1093800046D00A270A26D1E72500613D192D03D8CA
:10939000573C2500AE42E5DC002A18DB0198002886
:1093A00000D049424846002804D0002A38D14B4614
:1093B00042461A60080003B0F0BCBB46B246A9465C
:1093C000A046F0BDAC45BDDA01225242BDE72222E3
:1093D00051460A604A465946002AEBD0013B98465E
:1093E0005946E4E72C789D1C80231B069B460123ED
:1093F000019396E7302C04D120222B789343582BED
:1094000001D0102792E76C781027102602358DE7DF
:1094100020222B789343582BF5D00827082685E780
:109420008B46DBE7D1B00010FFFFFF7F10B5012BAB
:1094300004D0242B02D8FFF757FF04E000F030F8E7
:1094400016230360002010BD130010B5012A09D0B7
:10945000242A07D8064A14680A0001002000FFF7F2
:1094600043FF04E000F01CF816230360002010BD49
:1094700020120020130010B5012A09D0242A07D891
:10948000064A14680A0001002000FFF72DFF04E0DF
:1094900000F006F816230360002010BD2012002003
:1094A000014B18687047C04620120020F8B5C0462E
:1094B00001B40248844601BC604700BF690D00202A
:1094C00001B40248844601BC604700BF410400204B
:1094D00001B40248844601BC604700BF310200204D
:1094E00001B40248844601BC604700BFBD100020A3
:1094F00001B40248844601BC604700BF910D0020C2
:1095000001B40248844601BC604700BF1505002035
:1095100001B40248844601BC604700BFB10300208B
:1095200001B40248844601BC604700BFBD10002062
:1095300001B40248844601BC604700BFC10000205E
:1095400001B40248844601BC604700BF21030020EB
:1095500001B40248844601BC604700BFA10100205D
:1095600001B40248844601BC604700BF05010020E9
:1095700001B40248844601BC604700BF210E0020B0
:1095800001B40248844601BC604700BFC50D0020FD
:1095900001B40248844601BC604700BFD10D0020E1
:1095A0006D3700109937001095390010CD47001025
:1095B000394000100D470010BD380010B5370010BD
:1095C000D5370010E937001079250010F137001069
:1095D000592900100D370010BD21001065680010DA
:0495E000FD02001078
:1095E8006865617274626561740000005B6B657226
:1095F8006E656C5D20696E697469616C697A656411
:10960800000000005B626F6F745D20666C617368B8
:1096180020636F6E66696720626C616E6B20E28002
:1096280094207573696E672064656661756C7473E0
:10963800000000005B626F6F745D20656E74657278
:10964800696E67205553422044465520626F6F74F7
:109658006C6F616465722E2E2E0000005B626F6F66
:10966800745D206370752073657420746F20256C99
:1096780075204D487A0A000020202A2A2A205245BF
:10968800434F56455259204D4F444520E28094207F
:109698006F6E6C79206275696C742D696E20636FCA
:1096A8006D6D616E647320617661696C61626C6571
:1096B800202A2A2A0A0000002020E29594E29590A8
:1096C800E29590E29590E29590E29590E29590E28D
:1096D8009590E29590E29590E29590E29590E295CA
:1096E80090E29590E29590E29590E29590E29590BF
:1096F800E29590E29590E29590E29590E29590E25D
:109708009590E29590E29590E29590E29590E29599
:1097180090E29590E29590E29590E29590E295908E
:10972800E29590E2959700002020E2959120202074
:109738004465636B4F532076312E302E302020E263
:109748008094202052503230343020202020202095
:1097580020E29591000000004D61792020392032E7
:10976800303236002020E295912020204275696C25
:10977800743A20257320202020202020202020E259
:1097880095910A002020E2959AE29590E29590E260
:109798009590E29590E29590E29590E29590E29509
:1097A80090E29590E29590E29590E29590E29590FE
:1097B800E29590E29590E29590E29590E29590E29C
:1097C8009590E29590E29590E29590E29590E295D9
:1097D80090E29590E29590E29590E29590E29590CE
:1097E800E29590E29590E29590E29590E29590E26C
:1097F800959D000020206D6F64652020203A20256B
:10980800730A00002020686F73742020203A2025F6
:10981800730A00006E6F726D616C00007265636F91
:109828007665727900000000646675001C98001067
:1098380024980010309800107069636F00000000D1
:109848005B636F6E6669675D20435243206D697381
:109858006D6174636820E28094206C6F6164696E46
:10986800672064656661756C747300005B636F6E76
:109878006669675D20736176656420746F20666C25
:109888006173682040203078253035580A00000080
:10989800637573746F6D000064656661756C742020
:1098A800313235204D487A00796573006E6F0000BB
:1098B800686F73746E616D65202020203A202573CF
:1098C8000A000000626F6F745F6370755F6D687A7D
:1098D8003A20256C752020282573290A00000000ED
:1098E800626F6F745F6C6564202020203A202573B6
:1098F8000A0000007368656C6C5F6563686F202000
:109908003A2025730A000000637263333220202056
:10991800202020203A2030782530386C580A000062
:109928005B73636865645D20636F726531206C6189
:10993800756E63686564000049442020454E4142C5
:109948004C45442020494E54455256414C20204E07
:10995800414D4500202564202020252D35732020E9
:109968002025346C75206D7320202025730A000093
:109978005B7368656C6C5D20696E697469616C699C
:109988007A6564202028686973746F72793A202593
:109998006420736C6F7473290A0000000A5479708C
:1099A80065202768656C702720666F722061766174
:1099B800696C61626C6520636F6D6D616E64732E96
:1099C8000A0000003E2000000D1B5B324B3E2000C9
:1099D80025730000082008005E430A3E20000000AE
:1099E8000A5B757074696D655D2000001B5B324A07
:1099F8001B5B483E20000000757074696D650000AF
:109A0800636F72652074656D703A20252E3166206B
:109A18004320202F2020252E316620460A000000F2
:109A28001B5B324A1B5B4800686561702061766188
:109A3800696C61626C65203A207E256C75206279BC
:109A48007465732020287E256C75204B42290A00F6
:109A5800746F74616C205352414D20202020203AAD
:109A680020323634204B4200666C61736820202017
:109A7800202020202020203A2032204D42000000C3
:109A88004465636B4F532076312E302E3020207C76
:109A9800202052617370626572727920506920507B
:109AA80069636F0031313A30323A313200000000D8
:109AB8004275696C643A2025732025730A000000FA
:109AC800656E746572696E67205553422044465529
:109AD8002028424F4F5453454C29206D6F64652E02
:109AE8002E2E000073686F770000000073617665A2
:109AF800000000007265736574000000636F6E6695
:109B0800696720726573657420746F206465666187
:109B1800756C747320616E642073617665640000EF
:109B280073657400686F73746E616D650000000082
:109B3800686F73746E616D65203D20257320202841
:109B480072756E2027636F6E66696720736176652C
:109B58002720746F2070657273697374290A000076
:109B68006370755F6D687A00736166652072616EF7
:109B780067653A2034382D323030204D487A2C2011
:109B88006F72203020666F722064656661756C7430
:109B980000000000626F6F745F6370755F6D687AB4
:109BA800203D20256420202872756E2027636F6E63
:109BB80066696720736176652720746F2070657207
:109BC80073697374290A0000626F6F745F6C65644F
:109BD80000000000626F6F745F6C6564203D202593
:109BE800640A0000756E6B6E6F776E206B65793A4C
:109BF8002025730A0000000076616C6964206B659B
:109C080079733A20686F73746E616D652C20637088
:109C1800755F6D687A2C20626F6F745F6C65640085
:109C280075736167653A00002020636F6E66696727
:109C38002073686F770000002020636F6E66696785
:109C480020736574203C6B65793E203C76616C75A9
:109C5800653E00002020636F6E6669672073617639
:109C6800650000002020636F6E6669672072657367
:109C78006574000075736167653A20736C6565707B
:109C8800203C6D733E00000072616E67653A2031BA
:109C98002D3330303030206D73000000736C6565F3
:109CA80070696E67202564206D732E2E2E0A0000C1
:109CB80075736167653A20616463203C307C317C50
:109CC800323E2020284750494F32362C20475049F1
:109CD8004F32372C204750494F32382900000000B6
:109CE8006368616E6E656C206D75737420626520A3
:109CF800302C20312C206F72203200004144432543
:109D08006420207261773D2534642020766F6C745E
:109D18006167653D252E336620560A002573257335
:109D2800000000003D3D3D3D3D3D3D3D3D3D3D3D4F
:109D38003D3D3D3D3D3D3D3D3D3D3D3D3D3D3D3D4B
:109D48003D3D3D3D3D00000020204465636B4F5381
:109D58002076312E302E302020E280942020737916
:109D68007374656D20696E666F2020200000000006
:109D7800626F6172642020203A20526173706265BC
:109D8800727279205069205069636F006370752082
:109D9800202020203A205250323034302020647560
:109DA800616C2D636F72652041524D20436F727450
:109DB80065782D4D302B2020313235204D487A00E2
:109DC80072616D20202020203A20323634204B4208
:109DD800205352414D000000666C617368202020BA
:109DE8003A2032204D420000757074696D6520205C
:109DF8003A200000253032756820253032756D20F4
:109E0800253032757300000074656D7020202020A5
:109E18003A20252E316620430A0000004750494F5A
:109E280020737461746520736E617073686F743A1F
:109E38000000000050494E2020444952202056413D
:109E48004C0000004F55540020252D336420202558
:109E58002D3473202025640A00000000494E0000BC
:109E680075736167653A206C6564203C6F6E7C6F22
:109E780066667C746F67676C657C626C696E6B2064
:109E88005B6E5D3E000000004C4544206F6E000094
:109E98004C4544206F666600746F67676C65000008
:109EA8004C45442025730A00626C696E6B00000003
:109EB800626C696E6B20636F756E74206D75737458
:109EC80020626520312D353000000000626C696E1B
:109ED8006B696E672025642074696D65732E2E2E5C
:109EE8000A000000646F6E6500000000756E6B6EFE
:109EF8006F776E206C656420737562636F6D6D613A
:109F08006E643A2025730A00594553006C617374D6
:109F1800207265626F6F742062792077617463685C
:109F2800646F673A2025730A000000007761746344
:109F380068646F6720687720736372617463685B15
:109F4800305D203A2030782530386C580A000000FF
:109F5800626F617264205549443A200025303258B6
:109F6800000000007265626F6F74696E6720696E29
:109F78002031732E2E2E0000656E61626C65000024
:109F88007461736B20256420656E61626C65640A78
:109F98000000000064697361626C65007461736B32
:109FA8002025642064697361626C65640A0000009E
:109FB80020206770696F207265616420203C706999
:109FC8006E3E000020206770696F207772697465A3
:109FD800203C70696E3E203C307C313E0000000021
:109FE800696E76616C69642070696E202564202032
:109FF8002876616C69642072616E67653A20302D3D
:10A008003238290A0000000072656164000000000F
:10A018004750494F252D3264203D2025640A000011
:10A02800777269746500000075736167653A206727
:10A0380070696F207772697465203C70696E3E2084
:10A048003C307C313E0000004750494F252D32649A
:10A05800203C2D2025640A006D6F64650000000017
:10A0680075736167653A206770696F206D6F646505
:10A07800203C70696E3E203C696E7C6F75743E00B2
:10A088004750494F252D32642073657420746F2022
:10A09800494E5055540A00006F7574004750494F97
:10A0A800252D32642073657420746F204F555450E9
:10A0B80055540A00756E6B6E6F776E206D6F646510
:10A0C8003A2025732020287573652027696E27207C
:10A0D8006F7220276F757427290A0000756E6B6EE2
:10A0E8006F776E206770696F20737562636F6D6D2F
:10A0F800616E643A2025730A000000007573616779
:10A10800653A2070756C6C203C70696E3E203C7519
:10A11800707C646F776E7C6E6F6E653E0000000029
:10A12800696E76616C69642070696E004750494FAA
:10A1380025642070756C6C2D757020656E61626C7D
:10A1480065640A00646F776E000000004750494F4D
:10A1580025642070756C6C2D646F776E20656E6158
:10A16800626C65640A0000006E6F6E650000000096
:10A178004750494F25642070756C6C73206469736F
:10A1880061626C65640A0000756E6B6E6F776E3A7B
:10A198002025732020287573652075707C646F777F
:10A1A8006E7C6E6F6E65290A00000000757361672A
:10A1B800653A2070776D203C70696E3E203C64756E
:10A1C800747920302D3130303E000000696E7661A0
:10A1D8006C69642070696E2025640A00647574795E
:10A1E800206D75737420626520302D313030000089
:10A1F80050574D206F6E204750494F252D3264200F
:10A2080020647574793D256425250A00756E6B6E8A
:10A218006F776E20636F6D6D616E643A20272573CA
:10A228002720202874797065202768656C7027209E
:10A23800666F72206C697374290A00007573616710
:10A24800653A20726570656174203C6E3E203C63FF
:10A258006F6D6D616E643E00636F756E74206D7511
:10A26800737420626520312D3130300063707520A1
:10A27800636C6F636B3A20256C75204D487A0A0031
:10A28800736166652072616E67653A2034382D32D5
:10A298003030204D487A000063707520636C6F631E
:10A2A8006B2073657420746F202564204D487A0AEA
:10A2B800000000002020693263207363616E202053
:10A2C8002020202020202020202020202D207363E3
:10A2D800616E2062757320666F72206465766963AB
:10A2E8006573000020206932632072656164202054
:10A2F8003C616464723E203C7265673E20202020E9
:10A308002020202D2072656164206F6E652062799F
:10A3180074650000202069326320777269746520B3
:10A328003C616464723E203C7265673E203C766105
:10A338006C3E202D207772697465206F6E652062EF
:10A34800797465007363616E000000004932433020
:10A35800207363616E20285344413D475034205395
:10A36800434C3D475035293A00000000202020206A
:10A37800203020203120203220203320203420207B
:10A388003520203620203720203820203920204131
:10A398002020422020432020442020452020460021
:10A3A800253032583A20000025303258200000006D
:10A3B8002D2D20002564206465766963652873293E
:10A3C80020666F756E640A0075736167653A206967
:10A3D80032632072656164203C616464725F686501
:10A3E800783E203C7265675F6865783E0000000033
:10A3F800493243206572726F7220286E6F20414384
:10A408004B3F2900307825303258207265675B3021
:10A4180078253032585D203D20307825303258205C
:10A42800282564290A00000075736167653A206968
:10A438003263207772697465203C616464725F6876
:10A4480065783E203C7265675F6865783E203C769B
:10A45800616C5F6865783E004932432077726974A1
:10A4680065206661696C65640000000077726F742E
:10A478006520307825303258202D3E203078253020
:10A4880032585B3078253032585D0A00756E6B6E35
:10A498006F776E2069326320737562636F6D6D61CB
:10A4A8006E643A2025730A00757074696D653A20E8
:10A4B80000000000617661696C61626C6520636F01
:10A4C8006D6D616E64733A002020252D3130732044
:10A4D8002D2025730A0000005B636F6D6D616E644B
:10A4E800735D20256420636F6D6D616E64732072E7
:10A4F8006567697374657265640A000068656C70E5
:10A508000000000073686F77207468697320636FB8
:10A518006D6D616E64206C6973740000766572738A
:10A52800696F6E0073686F77204F5320766572737A
:10A53800696F6E20616E64206275696C6420696E53
:10A54800666F0000636C656172000000636C656192
:10A558007220746865207465726D696E616C207311
:10A56800637265656E0000006563686F0000000037
:10A578006563686F203C746578743E20202D2070D8
:10A5880072696E74207465787400000073686F7760
:10A598002074696D6520656C6170736564207369EA
:10A5A8006E636520626F6F740000000073797369D1
:10A5B8006E666F0073686F772066756C6C207379B0
:10A5C8007374656D20696E666F726D6174696F6E04
:10A5D8000000000074656D70000000007265616421
:10A5E80020696E7465726E616C20636F7265207489
:10A5F800656D706572617475726500006D656D00DA
:10A6080073686F77206D656D6F727920696E666FFC
:10A61800000000006C6564203C6F6E7C6F66667C91
:10A62800746F67676C657C626C696E6B205B6E5DCE
:10A638003E0000006770696F000000006770696F76
:10A64800203C726561647C77726974657C6D6F64A7
:10A65800653E203C70696E3E205B76616C5D000053
:10A6680070776D0070776D203C70696E3E203C6499
:10A6780075747920302D3130303E20202D207365BF
:10A68800742050574D2064757479206379636C6524
:10A698000000000061646300616463203C63683EFD
:10A6A80020202D2072656164204144432063682086
:10A6B800302D3220284750494F32362D3238290064
:10A6C800736C656570000000736C656570203C6D87
:10A6D800733E20202D207061757365206578656351
:10A6E8007574696F6E0000007265706561740000B2
:10A6F800726570656174203C6E3E203C636D643EFB
:10A7080020202D2072756E20636D64206E20746980
:10A718006D6573007265626F6F7400007265626FB9
:10A728006F7420746865206465766963652076694E
:10A7380061207761746368646F67000070756C6C82
:10A748000000000070756C6C203C70696E3E203C07
:10A7580075707C646F776E7C6E6F6E653E20202D01
:10A7680020736574204750494F2070756C6C2072B7
:10A7780065736973746F7200636C6F636B000000BC
:10A78800636C6F636B205B6D687A5D20202D20679A
:10A7980065742F7365742043505520667265717512
:10A7A800656E6379202834382D323030204D487A50
:10A7B800290000007569640073686F7720756E69F9
:10A7C80071756520626F6172642049440000000061
:10A7D80077646F670000000073686F772077617493
:10A7E8006368646F67207374617475730000000098
:10A7F80064756D70207374617465206F6620616C78
:10A808006C204750494F2070696E730069326300AD
:10A81800693263207363616E7C726561647C7772F0
:10A8280069746520202D2049324320627573206F9A
:10A838007065726174696F6E730000006472697686
:10A84800657273006C697374206C6F616465642051
:10A858006472697665727320616E642074686569D4
:10A868007220737461747573000000007461736BF7
:10A87800730000006C697374206261636B67726FA8
:10A88800756E64207461736B73206F6E20636F72D2
:10A8980065203100636F6E6669672073686F777C27
:10A8A8007365747C736176657C726573657420204A
:10A8B8002D20666C61736820636F6E66696700009F
:10A8C8007265626F6F7420696E746F2055534220F1
:10A8D800444655202F20424F4F5453454C206D6F0E
:10A8E8006465000004A50010611D00100CA500108F
:10A8F80024A50010AD0E00102CA500104CA50010CA
:10A90800690E001054A5001070A500104911001020
:10A9180078A50010009A0010011D001094A50010E1
:10A92800B4A50010B1110010BCA50010DCA50010E2
:10A93800B90D0010E4A5001004A60010790E00104F
:10A9480008A60010249C0010491300101CA6001033
:10A958003CA600108D15001044A6001068A6001033
:10A96800B51700106CA600109CA60010B1100010BE
:10A97800A0A60010C8A6001069100010D0A60010EC
:10A98800F0A6001019190010F8A600101CA7001056
:10A99800FD14001024A7001044A70010F916001099
:10A9A8004CA7001080A70010C919001088A7001034
:10A9B800BCA70010C5140010C0A70010D8A700102D
:10A9C8008D140010E0A7001030A10010D51200105F
:10A9D800F8A7001014A80010411A001018A80010B9
:10A9E80044A80010411100104CA8001074A80010D1
:10A9F8001D1500107CA80010C0A80010ED0E001056
:10AA08009CA8001030980010D10E0010C8A80010A3
:10AA18004F4B00004641494C00000000693263304A
:10AA2800000000005B647269766572735D20696E70
:10AA3800697469616C6973696E6720256420647242
:10AA480069766572730A00002020252D387320204E
:10AA58005B25735D0A0000006572726F720000006A
:10AA68006F6B0000756E6C6F6164656400000000B8
:10AA780044524956455220202053544154555300BE
:10AA88002020252D38732025730A00000A2A2A2A37
:10AA98002050414E4943202A2A2A0A004E6F20732B
:10AAA80070696E6C6F636B7320617265206176618B
:10AAB800696C61626C6500004E6F20757365722069
:10AAC800495251732061726520617661696C6162D7
:10AAD8006C650000486172647761726520616C6121
:10AAE800726D20256420616C726561647920636CE5
:10AAF80061696D6564000000486172642061737368
:10AB08006572740052656C6561736500626F6F747D
:10AB1800325F77323571303830000000322E322EF5
:10AB2800300000004465636B4F530000050052502D
:10AB3800DE65F46894C70010060052505422A29DA6
:10AB48006097001006005250861C03022CAB0010C0
:10AB580006005250BBFF3CB6409800100600525009
:10AB6800ABB3605324AB001006005250E182887FDB
:10AB780014AB001006005250D3F075420CAB001015
:10AB8800666E6900666E692B000000006E616E00DB
:10AB9800666E692D000000002C530010E252001070
:10ABA800E252001024530010E2520010E25200104A
:10ABB800E2520010E2520010E2520010E25200107D
:10ABC800E25200101C530010E252001014530010FF
:10ABD800E2520010E25200100C530010DE54001034
:10ABE8003E530010D25400103E530010EE54001093
:10ABF8003E5300103E5300103E5300103E530010C9
:10AC08003E5300103E5300103E53001034530010C2
:10AC18003E5300103E5300103E5300103E530010A8
:10AC28003E53001034530010345500109E5200104B
:10AC38009E5200109E5200109E5200109E5200100C
:10AC48009E5200109E5200109E5200109E520010FC
:10AC58009E5200109E5200109E5200109E520010EC
:10AC68009E5200109E5200109E5200109E520010DC
:10AC78009E5200109E5200109E5200109E520010CC
:10AC88009E5200109E5200109E5200109E520010BC
:10AC98009E5200109E5200109E5200109E520010AC
:10ACA8009E5200109E52001062570010005500106E
:10ACB800625700109E5200109E5200109E520010C3
:10ACC8009E5200109E5200109E5200109E5200107C
:10ACD8009E5200109E5200109E5200109E5200106C
:10ACE8009E5200109E5200109E5200109E5200105C
:10ACF8009E520010E65300109E5200109E52001003
:10AD08009E5200109E5200109E5200109E5200103B
:10AD18009E5200109E5200109E520010E6530010E2
:10AD280048550010E65300106257001000550010F7
:10AD3800625700109E520010E65300109E520010F9
:10AD48009E5200109E5200109E5200109E520010FB
:10AD5800E6530010725600109E5200109E520010CA
:10AD6800B45500109E520010E65300109E52001079
:10AD78009E520010E6530010000000000000F03F53
:10AD880000000000000024400000000000005940BE
:10AD98000000000000408F40000000000088C34011
:10ADA80000000000006AF8400000000080842E4186
:10ADB80000000000D01263410000000084D79741D2
:10ADC8000000000065CDCD410D0A00000000000024
:10ADD800AD62001000000000B1620010BD620010FA
:10ADE800E9620010E562001000000000050F210074
:10ADF800011C100500DF60DDD88945C74C9CD26571
:10AE08009D9E648A9F00000306A6000100000000C2
:10AE18000A00000000000306A60008000200020065
:10AE28009C001400030057494E555342000000008F
:10AE38000000000000008000040001002800440019
:10AE48006500760069006300650049006E007400C3
:10AE580065007200660061006300650047005500E8
:10AE68004900440000004E007B0062006300370088
:10AE7800330039003800630031002D0037003300FB
:10AE8800630064002D0034006300620037002D0069
:10AE980039003800620038002D00390031003300D5
:10AEA80061003800660063006100370062006600D8
:10AEB80036007D0000000000555342207374646919
:10AEC8006E202F207374646F757400000600525052
:10AED80053B4F4A1C0AE001052617370626572720F
:10AEE80079205069000000005069636F000000007D
:10AEF800426F6172642043444300000052657365E9
:10AF08007400000009025400030100807D080B0052
:10AF180002020200000904000001020200040524E4
:10AF2800002001052401000104240206052406006E
:10AF3800010705810308001009040100020A000046
:10AF480000070502024000000705820240000009D0
:10AF580004020000FF00010512011002EF02014087
:10AF68008A2E0A000001010203010000000000000F
:10AF7800E0AE0010F0AE00105C400020F8AE00100B
:10AF880004AF0010556E68616E646C6564204952A8
:10AF98005120307825780A006570202530325820F5
:10AFA80077617320616C726561647920617661698B
:10AFB8006C61626C6500000043616E277420636FEA
:10AFC8006E74696E75652078666572206F6E20698B
:10AFD8006E6163746976652065702025303258008B
:10AFE800E06E0010407000108C7000101870001097
:10AFF8002A700010087000107E6F00102E6F00106D
:10B00800226F0010E6730010D0730010F66F001066
:10B0180008740010F66F0010B4730010A0730010CD
:10B02800F66F00108A7300109A720010F66F001005
:10B0380086760010787600106C760010F66F001097
:10B04800F66F00105676001078760010F66F001034
:10B05800F66F0010F66F0010F66F0010F66F001014
:10B06800F66F0010F66F001006760010060F00202D
:10B07800060F0020E80E00205C0F00206C10002056
:10B0880080100020500F0020000000005D7C0010A0
:10B09800CD7C0010F17C00103D7D0010E57D001096
:10B0A800CD7E00100000000000000000C97F0010E5
:10B0B8002580001041800010698000105163001045
:10B0C8009181001000000000002020202020202076
:10B0D8002020282828282820202020202020202040
:10B0E8002020202020202020208810101010101050
:10B0F800101010101010101010040404040404049C
:10B108000404041010101010101041414141414135
:10B118000101010101010101010101010101010117
:10B128000101010110101010101042424242424227
:10B1380002020202020202020202020202020202E7
:10B14800020202021010101020000000000000008F
:10B1580000000000000000000000000000000000E7
:10B1680000000000000000000000000000000000D7
:10B1780000000000000000000000000000000000C7
:10B1880000000000000000000000000000000000B7
:10B1980000000000000000000000000000000000A7
:10B1A8000000000000000000000000000000000097
:10B1B8000000000000000000000000000000000087
:0CB1C8000000000000000000000000007B
:10B1D40034AB001040AB00104CAB001058AB001067
:10B1E40064AB001070AB00107CAB0010D4AE001048
:10B1F40003000068EFF3108C72B60268002AFCD0DA
:10B20400BFF35F8F04229A56002A0BDB00290FD06C
:10B2140000200A601B68BFF35F8F00221A608CF362
:10B2240010887047D0221206126801201A71F1E7C3
:10B234000020EFE7F0B5C646150000B504001E0077
:10B244000268EFF3108172B61368002BFCD0BFF3D1
:10B254005F8F0423E356002B2DDB2268BFF35F8F3F
:10B264000020106081F31088D0221206127852B2A6
:10B2740090469A4203D1002080BCB846F0BD002716
:10B284000BE02368BFF35F8F1F6081F310882800F1
:10B29400310000F0EDFF0028EDD12268EFF31081BA
:10B2A40072B61368002BFCD0BFF35F8F23797F2B1A
:10B2B400E7D9434602E0D0231B061B6823712368A9
:10B2C400BFF35F8F00221A6081F310880120D3E757
:10B2D400F0B5C64600B50D00040000F089FFFA225F
:10B2E40006000F00002328000021920000F0B8FFA0
:10B2F40036184F41002F2CDBD0231B061B6800257A
:10B3040098460BE02368BFF35F8F1D6081F31088BC
:10B314003000390000F0ACFF002818D12268EFF3A8
:10B32400108172B61368002BFCD0BFF35F8F2379B2
:10B334007F2BE7D9434623712368BFF35F8F002235
:10B344001A6081F31088012080BCB846F0BD00204B
:10B35400FAE70126014F7642CEE7C046FFFFFF7FA2
:10B364000268EFF3108172B61368002BFCD0BFF3B0
:10B374005F8FFF2303710368BFF35F8F00221A609E
:10B3840081F3108840BF704710B5084C2378002B18
:10B394000AD18023064807495B051A68C250043362
:10B3A4008B42FAD10123237010BDC04670400020A7
:10B3B400BC1F00100001001010B5024B0133984768
:10B3C40010BDC046BC1F0020074B5B680360074BE1
:10B3D4005A6842609A688260DA68C2601A695B6976
:10B3E400026143617047C04600000240040002400D
:10B3F4000268074B5A604268064B5A6082689A603A
:10B40400C268DA6002691A6142695A617047C046CB
:10B414000000024004000240034B1A68C0239B0052
:10B424009343024A136070470C8001400C90014022
:10B43400054B1A6880239B005340C022920013409E
:10B44400024A13607047C0460C8001400C900140D2
:10B45400F0B5D6464F4646468023C0B54218040090
:10B464000D0086B09B039A422ED8142718263888DC
:10B47400338817499847338882461649388898474D
:10B48400338881461449388898473388134980465D
:10B49400388898470600FFF777FF6846FFF794FF60
:10B4A400D047C8478022D823290020005202C04731
:10B4B400B047FFF781FF6846FFF79AFF06B0E0BC8C
:10B4C400BA46B146A846F0BD00F0B2FECDE7C0468C
:10B4D400494600004558000052450000464300001C
:10B4E400F0B54E464546DE4657468023E0B5150086
:10B4F40082180400894687B09B039A422DD81427EA
:10B50400182638883388164998473388834615495E
:10B51400388898473388824613493888984733884F
:10B5240012498046388898470600FFF72DFF684681
:10B53400FFF74AFFD847D0472A0049462000C047B2
:10B54400B047FFF739FF6846FFF752FF07B0F0BC7A
:10B55400BB46B246A946A046F0BD00F069FECEE760
:10B564004946000045580000525000004643000080
:10B574001423F0B5D6464F4646469A46C0B5814692
:10B584001888043386B098460E001B882A49140094
:10B594009847534607001888434628491B8898470C
:10B5A400534605001888434625491B88984780461A
:10B5B400FFF7EAFE6846FFF707FFB847A847FFF71B
:10B5C40037FF002C1BD0C021220008270220490588
:10B5D4003D008B6A1D4018420BD0002C09D0131B70
:10B5E4000D2B23D84B461B78013C0B6601239C464C
:10B5F400E1442300002D10D11343002BE8D1FFF7C1
:10B604000BFFC047FFF7D8FE6846FFF7F1FE06B010
:10B61400E0BCBA46B146A846F0BD002AEDD00B6E98
:10B62400013A3370130001362343E6E7002DCFD0EF
:10B63400002ACDD0F3E7C046494600004558000033
:10B644004643000000231C4A10B59360D3601B4A94
:10B6540000219360D3601A4A1A489360D3601A4A4F
:10B664009360D360194A9360D360194A9360D3609E
:10B67400184A9360D360184A9360D360174A936062
:10B68400D360174A9360D360164A9360D360164A16
:10B694009360D360154A9360D360154A9360D36076
:10B6A400144A9360D360F022920000F0C9FD124B5B
:10B6B400124A1A6010BDC046000010500800105015
:10B6C40010001050382A002018001050200010508C
:10B6D4002800105030001050380010504000105016
:10B6E4004800105050001050580010506000105086
:10B6F4006800105070001050842E002080011050FB
:10B70400F0B54F46D6464646C0B5204B84B09F6D33
:10B71400002F23D01E4B00249A46012399461D4B2B
:10B724000126984604E001347600E4B2202C15D0BA
:10B734003E42F8D053469E654B4665086D00A343D0
:10B74400ED186D014544280000F038FC00280BD1A9
:10B754000134B743E4B27600002FE7D104B0E0BC73
:10B76400BA46B146A846F0BDEB8AE0210393002314
:10B7740001A8AA78C900018001210271437100F077
:10B784003DFC280000F0B6FBE2E7C0460000115083
:10B7940000301150F82900209823F0B54646D646CB
:10B7A4004F46CD4AC0B5D55880232C009B021026A5
:10B7B40084B01C401D4273D0C84BC94C9A6AC94B13
:10B7C40000261A603B23E35C022B00D1FEE07B23BE
:10B7D400E35C022B00D11CE1BB23E35C022B00D110
:10B7E40005E1FB23E35C022B00D163E13C23FF333F
:10B7F400E35C022B00D148E17C23FF33E35C022BA2
:10B8040000D12DE1BC23FF33E35C022B00D112E114
:10B81400FC23FF33E35C022B00D10DE2B24BE35C6B
:10B82400022B00D1F4E1B14BE35C022B00D1DBE14C
:10B83400AF4BE35C022B00D1C2E1AE4BE35C022BC5
:10B8440000D1A9E1AC4BE35C022B00D190E1AB4BFE
:10B85400E35C022B00D177E1A94BE35C022B00D11E
:10B864005CE1A84BE35C022B00D1FAE1002E08D185
:10B87400A54B1B78002B04D18021A44A9033890264
:10B88400D150C022944B01A89B6C92005B055B0DC8
:10B89400012180240280436000F0B0FB9C4EA4028E
:10B8A400EB0600D586E080235B021D4237D01C43A3
:10B8B4000023984602339946964B894E9A46B37EA6
:10B8C400002B17D04B4642469F1A00F0A9FC0128D2
:10B8D40000D973E0C02200213000920100F010FB77
:10B8E400300000F007FB00F09BFC012802D9874BD5
:10B8F4005F661F660123F37043462036012B23D174
:10B90400C02301A8DB00844A038002AB42CA42C3BD
:10B91400012100F073FB80227C4B92021A65802384
:10B924005B011D4213D18023DB011D4226D18023FC
:10B934001B021D4231D1AC4200D0ACE104B0E0BCEA
:10B94400BA46B146A846F0BD01239846B7E700269B
:10B954001C43614B1E60FFF775FE80236A465B0043
:10B9640093801672012101A800F048FB8022674BE6
:10B9740012031A658023DB011D42D8D01C438023A7
:10B9840001A8DB000380012100F038FB10225F4B8B
:10B994001A6580231B021D42CDD01C43A02301A89D
:10B9A400DB000380012100F029FB8022574B1201A8
:10B9B4001A65C0E7FFF7A4FE340074E75346464A0D
:10B9C4001F66536E3B40BB42FBD183E73833E65CD2
:10B9D400002E00D1FBE60233E25C002A00D1F6E639
:10B9E40000222000E254203000F0B2FAEFE6B8332F
:10B9F400E35C002B00D1F4E6BC22A15C1E0000290C
:10BA040000D1EEE600232000A354A03000F0A0FAF9
:10BA1400E7E67833E35C002B00D1DDE67C22A15C11
:10BA24001E00002900D1D7E600232000A354603073
:10BA340000F08EFAD0E6B933FF33E35C002B00D17B
:10BA4400E6E6DE225200A15C1E00002900D1DFE6FA
:10BA540020000023A130A354FF3000F079FAD7E688
:10BA64007933FF33E35C002B00D1CBE6BE225200D6
:10BA7400A15C1E00002900D1C4E62000002361302F
:10BA8400A354FF3000F064FABCE63933FF33E35CBF
:10BA9400002B00D1B0E69E225200A15C1E000029BA
:10BAA40000D1A9E6200000232130A354FF3000F088
:10BAB4004FFAA1E6F833E35C002B00D196E6FC22B2
:10BAC400A15C1E00002900D190E600232000A354AD
:10BAD400E03000F03DFA89E60000115000400540D6
:10BAE400F8290020A42100203B0200007B02000072
:10BAF400BB020000FB0200003B0300007B030000CC
:10BB0400BB030000FB0300006E4000200030115016
:10BB1400100002000020115000001050604BE35C44
:10BB2400002B00D19DE6EF239B00E25C002A00D0AD
:10BB3400A9E05C4BE35C022B00D0A2E65A4BE35C29
:10BB4400002B00D092E09CE6584BE35C002B00D124
:10BB540082E6DF229200A15C1E00002900D17BE670
:10BB64000023A354D8239B00E01800F0F1F973E6F6
:10BB74004F4BE35C002B00D169E6CF229200A15C1D
:10BB84001E00002900D162E60023A354C8239B00B1
:10BB9400E01800F0DDF95AE6464BE35C002B00D1D7
:10BBA40050E6BF229200A15C1E00002900D149E6A4
:10BBB4000023A354B8239B00E01800F0C9F941E620
:10BBC4003D4BE35C002B00D137E6AF229200A15C31
:10BBD4001E00002900D130E60023A354A8239B00B3
:10BBE400E01800F0B5F928E6344BE35C002B00D1F3
:10BBF4001EE69F229200A15C1E00002900D117E6D8
:10BC04000023A35498239B00E01800F0A1F90FE649
:10BC14002B4BE35C002B00D105E68F229200A15C44
:10BC24001E00002900D1FEE50023A35488239B00B5
:10BC3400E01800F08DF9F6E5F933FF33E35C002BEF
:10BC440000D1EBE5FE225200A15C1E00002900D1C8
:10BC5400E4E520000023E130A354FF3000F078F93C
:10BC6400DCE5114BE35C002B00D1FFE5FF239B00D7
:10BC7400E25C002A00D104E60022E2541C3BE018F6
:10BC840000F066F9FDE50022E254E8239B00E01889
:10BC940000F05EF94DE721000A48694000F0B8FA67
:10BCA400BA030000FB030000FA0300007A0300005B
:10BCB4003A030000FA020000BA0200007A0200000F
:10BCC4003A0200008CAF0010F0B5D6464F46464607
:10BCD4000300C0B51C8B808A8A46221C844200D98A
:10BCE400021C802692B2801ADD7884B2F6009C820F
:10BCF4001643002D02D09026B601164301277D403D
:10BD0400DD705D783000002D41D151468801D9683D
:10BD14001F698C46511E88468444002A32D06146ED
:10BD240002207C1C0C1BA042804108244445A441F1
:10BD340040426442044238D060463843810734D1DB
:10BD4400151FAD08691C89460020002461463D5832
:10BD540001340D500430A145F8D849468D006146A0
:10BD64004C1941467F19481BAA4209D03D782570D9
:10BD7400002805D07D786570012801D0B878A070BE
:10BD84001F699C8A8020BA1800021A613043002C73
:10BD940002D18023DB0118435346002B00D000045A
:10BDA400E0BCBA46B146A846F0BD002061463C5C02
:10BDB4000C5401308242F9D1E2E7C04682680300A4
:10BDC400F0B51068002900D0000C5A788005800D69
:10BDD400002A08D1DA8A8218DA821A8B824201D9BF
:10BDE40000229A82F0BDDA688901451EAC461C69BE
:10BDF400561800282ED00131511825000222611A4C
:10BE04008A428941354301322A4055426A414942B6
:10BE14000A4225D06246082A22D900220021051FA1
:10BE2400AD080135B7580131A75004328D42F9D815
:10BE34006246AD0076196419571BA84209D03278BE
:10BE44002270002F05D072786270012F01D0B27871
:10BE5400A2701C69DA8A24188218DA821C61BCE791
:10BE64000022B15CA15401329042FAD11C69F1E77D
:10BE740010B50400836800211B68FFF79FFF636807
:10BE84001B685B0002D5238B834200D010BD0121C7
:10BE94002000FFF793FFF9E7084A0300126C002023
:10BEA400920703D49A78D209012A00D07047D87E29
:10BEB400023843425841C0B2F8E7C046000011506E
:10BEC40010B5FFF7E9FF00280CD00749074B8C4653
:10BED400074A9B6A126863449B1A0020C6229A424E
:10BEE4004041C0B210BDC046E0FCFFFF0040054029
:10BEF400A421002000238376436103617047C04678
:10BF040010B58368002901D01C682140002A12D092
:10BF14008024E400114322420DD01A6822420CD13D
:10BF2400084A0A401A60084A126C920703D40C2388
:10BF3400033BFDD28368196010BD8178034800F08B
:10BF440067F9C046FFFBFFFF00001150A0AF0010CF
:10BF5400436870B5002180251E680400FFF7B4FE15
:10BF6400134B6D011B6C05439B070FD5A3785B0630
:10BF74000FD0104B1E4080239B0533436268002181
:10BF8400136020002A00FFF7BBFF70BDA378DB0914
:10BF9400EFD0A38A002BECD001212000FFF794FE00
:10BFA400A023054ADB05324005431343E6E7C046B8
:10BFB40000001150FFFFFFAFFFFFFFDF70B5857E6C
:10BFC4000400002D13D0FFF753FFA38A002B01D1E7
:10BFD400280070BD2000FFF773FF051E03D0012366
:10BFE40000252377F4E72000FFF7B2FFF0E781781C
:10BFF400014800F00DF9C046C0AF0010F0B5CE46C0
:10C00400474680B5437805000E0085B0062B12D84C
:10C014006F4A9B00D3589F4601216E4B1A788A437E
:10C024001A701A7801318A431A7000225A701A78E9
:10C0340002318A431A70684B1C686269EFF31081FD
:10C0440072B61368002BFCD0BFF35F8FA161200090
:10C05400290000F0FDF86269A369BFF35F8F002136
:10C06400116083F31088002804D105B0C0BCB94620
:10C07400B046F0BD32006978287800F0C1F8F4E7E2
:10C08400564A13780133DBB21370D4E75449554F41
:10C09400894655490024002388463A780CE04146F5
:10C0A400096863018C466344002B0AD10134E4B26D
:10C0B400511C2300A14211DB9442F0D39B1A5B0173
:10C0C4004B44DB69002BF1D06968287898473A78AB
:10C0D4000134E4B2511C2300A142EDDA3D4F3B7818
:10C0E4005B072AD504223B7801AC9343002120004E
:10C0F40008323B7000F0A4F82B782370052363709A
:10C10400354B1B6898465A69EFF3108172B6136871
:10C11400002BFCD0BFF35F8F43464046996121005A
:10C1240000F096F843465A699B69BFF35F8F00217C
:10C13400116083F31088002844D1FB78DB0700D416
:10C1440093E701AC0C220021200000F079F82B7851
:10C154002370032363706B6863601F4B1D686A69F7
:10C16400EFF3108172B61368002BFCD0BFF35F8F1E
:10C17400A9612800210000F06BF86A69AB69BFF37C
:10C184005F8F0021116083F31088002800D16CE7D1
:10C1940032006178207800F033F866E70D4B1A78A6
:10C1A400D20700D461E704211A780A431A7042E7DF
:10C1B400084B1A78D20700D457E704211A788A4327
:10C1C4001A7038E732006178207800F019F8B4E783
:10C1D40074B00010B41B00200C1C00206F40002021
:10C1E40090B000106D400020041A00207047C04633
:10C1F40001B40248844601BC604700BFB12E001060
:10C2040001B40248844601BC604700BF8D6D001034
:10C2140001B40248844601BC604700BF59200010A5
:10C2240001B40248844601BC604700BF4D200010A1
:10C2340001B40248844601BC604700BF11370010B6
:10C2440001B40248844601BC604700BFDD470010CA
:10C2540001B40248844601BC604700BF1588001041
:10C2640001B40248844601BC604700BF394600104F
:10C2740001B40248844601BC604700BF5D2D001034
:10C284001000000000000000000001000000000099
:10C294000000000000000200000000000000000098
:10C2A4000000030000000000000000000000FF0088
:10C2B4000000000001B5486801318E460047704611
:10C2C40009380149884701BD8D2400100000000091
:10C2D400000000000000000000000000000000005A
:10C2E40060160020000000000000000000000000B4
:10C2F400503300004C33000054330000523300002C
:10C304004D5300004D4300005334000043340000FB
:10C3140025650010D564001045640010BD6300104D
:10C324000000000000010000101C002010000C00A0
:10C3340000000000000000000000000000000000F9
:10C3440000000000FF000000004004400000000066
:10C354002812002000000000000000001415002036
:10C364007C150020E41500200000000000000000FF
:10C3740000000000000000000000000000000000B9
:10C3840000000000000000000000000000000000A9
:10C394000000000000000000000000000000000099
:10C3A4000000000000000000000000000000000089
:10C3B4000000000000000000000000000000000079
:10C3C4000000000000000000000000000000000069
:10C3D4000000000000000000000000000000000059
:10C3E4000000000000000000000000000000000049
:10C3F4000000000000000000000000000000000039
:10C4040001000000000000000E33CDAB34126DE6D5
:10C41400ECDE05000B00000000000000000000003E
:10C424000000000000000000000000000000000008
:10C4340000000000000000000000000000000000F8
:10C4440000000000000000000000000000000000E8
:10C4540000000000000000000000000000000000D8
:10C4640000000000000000000000000000000000C8
:10C4740000000000000000000000000000000000B8
:10C4840000000000000000000000000000000000A8
:10C494000000000000000000000000000000000098
:10C4A4000000000000000000000000000000000088
:10C4B4000000000000000000000000000000000078
:10C4C4000000000000000000000000000000000068
:10C4D4000000000000000000000000000000000058
:10C4E4000000000000000000000000000000000048
:10C4F4000000000000000000000000000000000038
:10C504000000000000000000000000000000000027
:10C514000000000000000000000000000000000017
:10C524000000000000000000000000000000000007
:10C5340000000000000000000000000000000000F7
:10C5440000000000000000000000000000000000E7
:10C5540000000000000000000000000000000000D7
:10C5640000000000000000000000000000000000C7
:10C5740000000000000000000000000000000000B7
:10C5840000000000000000000000000000000000A7
:10C594000000000000000000000000000000000097
:10C5A4000000000000000000000000000000000087
:10C5B4000000000000000000000000000000000077
:10C5C4000000000000000000000000000000000067
:10C5D4000000000000000000000000000000000057
:10C5E4000000000000000000000000000000000047
:10C5F4000000000000000000000000000000000037
:10C604000000000000000000000000000000000026
:10C614000000000000000000000000000000000016
:10C624000000000000000000000000000000000006
:10C6340000000000000000000000000000000000F6
:10C6440000000000000000000000000000000000E6
:10C6540000000000000000000000000000000000D6
:10C6640000000000000000000000000000000000C6
:10C6740000000000000000000000000000000000B6
:10C6840000000000000000000000000000000000A6
:10C694000000000000000000000000000000000096
:10C6A4000000000000000000000000000000000086
:10C6B4000000000000000000000000000000000076
:10C6C4000000000000000000000000000000000066
:10C6D4000000000000000000000000000000000056
:10C6E4000000000000000000000000000000000046
:10C6F4000000000000000000000000000000000036
:10C704000000000000000000000000000000000025
:10C714000000000000000000000000000000000015
:10C724000000000000000000000000000000000005
:10C7340000000000000000000000000000000000F5
:10C7440000000000000000000000000000000000E5
:10C7540000000000000000000000000000000000D5
:10C7640000000000000000000000000000000000C5
:10C7740000000000000000000000000000000000B5
:10C7840000000000000000000000000000000000A5
:04000005100001E9FD
:00000001FF
