
/home/indresh/embedded/DeckOS/build/DeckOS.elf:     file format elf32-littlearm

Sections:
Idx Name          Size      VMA       LMA       File off  Algn
  0 .boot2        00000100  10000000  10000000  00001000  2**0
                  CONTENTS, ALLOC, LOAD, READONLY, CODE
  1 .text         000094e4  10000100  10000100  00001100  2**3
                  CONTENTS, ALLOC, LOAD, READONLY, CODE
  2 .rodata       00001bec  100095e8  100095e8  0000a5e8  2**3
                  CONTENTS, ALLOC, LOAD, READONLY, DATA
  3 .binary_info  00000020  1000b1d4  1000b1d4  0000c1d4  2**2
                  CONTENTS, ALLOC, LOAD, READONLY, DATA
  4 .ram_vector_table 000000c0  20000000  20000000  0000f000  2**2
                  ALLOC
  5 .uninitialized_data 00000000  200000c0  200000c0  0000e660  2**0
                  CONTENTS
  6 .data         000015a0  200000c0  1000b1f4  0000d0c0  2**4
                  CONTENTS, ALLOC, LOAD, READONLY, CODE
  7 .tdata        00000000  20001660  20001660  0000e660  2**0
                  CONTENTS, ALLOC, LOAD, DATA, THREAD_LOCAL
  8 .tbss         00000000  20001660  20001660  00000000  2**0
                  ALLOC, THREAD_LOCAL
  9 .bss          00002a18  20001660  1000c794  0000e660  2**3
                  ALLOC
 10 .heap         00000800  20004078  1000c794  0000f078  2**2
                  ALLOC, READONLY
 11 .scratch_x    00000000  20040000  20040000  0000e660  2**0
                  CONTENTS
 12 .scratch_y    00000000  20041000  20041000  0000e660  2**0
                  CONTENTS
 13 .stack1_dummy 00000800  20040000  20040000  0000f000  2**2
                  ALLOC
 14 .stack_dummy  00000800  20041000  20041000  0000f000  2**5
                  ALLOC, READONLY
 15 .ARM.attributes 00000028  00000000  00000000  0000e660  2**0
                  CONTENTS, READONLY
 16 .comment      00000033  00000000  00000000  0000e688  2**0
                  CONTENTS, READONLY
 17 .debug_info   0003fdea  00000000  00000000  0000e6bb  2**0
                  CONTENTS, READONLY, DEBUGGING, OCTETS
 18 .debug_abbrev 0000b1ec  00000000  00000000  0004e4a5  2**0
                  CONTENTS, READONLY, DEBUGGING, OCTETS
 19 .debug_aranges 00001c00  00000000  00000000  00059698  2**3
                  CONTENTS, READONLY, DEBUGGING, OCTETS
 20 .debug_ranges 0000e638  00000000  00000000  0005b298  2**3
                  CONTENTS, READONLY, DEBUGGING, OCTETS
 21 .debug_line   00028fc3  00000000  00000000  000698d0  2**0
                  CONTENTS, READONLY, DEBUGGING, OCTETS
 22 .debug_str    0000a533  00000000  00000000  00092893  2**0
                  CONTENTS, READONLY, DEBUGGING, OCTETS
 23 .debug_frame  00003ca0  00000000  00000000  0009cdc8  2**2
                  CONTENTS, READONLY, DEBUGGING, OCTETS
 24 .debug_loc    0002efc3  00000000  00000000  000a0a68  2**0
                  CONTENTS, READONLY, DEBUGGING, OCTETS

/home/indresh/embedded/DeckOS/build/DeckOS.elf:     file format elf32-littlearm


Disassembly of section .boot2:

10000000 <__boot2_start__>:
10000000:	4b32b500 	.word	0x4b32b500
10000004:	60582021 	.word	0x60582021
10000008:	21026898 	.word	0x21026898
1000000c:	60984388 	.word	0x60984388
10000010:	611860d8 	.word	0x611860d8
10000014:	4b2e6158 	.word	0x4b2e6158
10000018:	60992100 	.word	0x60992100
1000001c:	61592102 	.word	0x61592102
10000020:	22f02101 	.word	0x22f02101
10000024:	492b5099 	.word	0x492b5099
10000028:	21016019 	.word	0x21016019
1000002c:	20356099 	.word	0x20356099
10000030:	f844f000 	.word	0xf844f000
10000034:	42902202 	.word	0x42902202
10000038:	2106d014 	.word	0x2106d014
1000003c:	f0006619 	.word	0xf0006619
10000040:	6e19f834 	.word	0x6e19f834
10000044:	66192101 	.word	0x66192101
10000048:	66182000 	.word	0x66182000
1000004c:	f000661a 	.word	0xf000661a
10000050:	6e19f82c 	.word	0x6e19f82c
10000054:	6e196e19 	.word	0x6e196e19
10000058:	f0002005 	.word	0xf0002005
1000005c:	2101f82f 	.word	0x2101f82f
10000060:	d1f94208 	.word	0xd1f94208
10000064:	60992100 	.word	0x60992100
10000068:	6019491b 	.word	0x6019491b
1000006c:	60592100 	.word	0x60592100
10000070:	481b491a 	.word	0x481b491a
10000074:	21016001 	.word	0x21016001
10000078:	21eb6099 	.word	0x21eb6099
1000007c:	21a06619 	.word	0x21a06619
10000080:	f0006619 	.word	0xf0006619
10000084:	2100f812 	.word	0x2100f812
10000088:	49166099 	.word	0x49166099
1000008c:	60014814 	.word	0x60014814
10000090:	60992101 	.word	0x60992101
10000094:	2800bc01 	.word	0x2800bc01
10000098:	4700d000 	.word	0x4700d000
1000009c:	49134812 	.word	0x49134812
100000a0:	c8036008 	.word	0xc8036008
100000a4:	8808f380 	.word	0x8808f380
100000a8:	b5034708 	.word	0xb5034708
100000ac:	20046a99 	.word	0x20046a99
100000b0:	d0fb4201 	.word	0xd0fb4201
100000b4:	42012001 	.word	0x42012001
100000b8:	bd03d1f8 	.word	0xbd03d1f8
100000bc:	6618b502 	.word	0x6618b502
100000c0:	f7ff6618 	.word	0xf7ff6618
100000c4:	6e18fff2 	.word	0x6e18fff2
100000c8:	bd026e18 	.word	0xbd026e18
100000cc:	40020000 	.word	0x40020000
100000d0:	18000000 	.word	0x18000000
100000d4:	00070000 	.word	0x00070000
100000d8:	005f0300 	.word	0x005f0300
100000dc:	00002221 	.word	0x00002221
100000e0:	180000f4 	.word	0x180000f4
100000e4:	a0002022 	.word	0xa0002022
100000e8:	10000100 	.word	0x10000100
100000ec:	e000ed08 	.word	0xe000ed08
	...
100000fc:	7a4eb274 	.word	0x7a4eb274

Disassembly of section .text:

10000100 <__VECTOR_TABLE>:
10000100:	20042000 	.word	0x20042000
10000104:	100001f7 	.word	0x100001f7
10000108:	100001cb 	.word	0x100001cb
1000010c:	100001cd 	.word	0x100001cd
10000110:	100001c9 	.word	0x100001c9
10000114:	100001c9 	.word	0x100001c9
10000118:	100001c9 	.word	0x100001c9
1000011c:	100001c9 	.word	0x100001c9
10000120:	100001c9 	.word	0x100001c9
10000124:	100001c9 	.word	0x100001c9
10000128:	100001c9 	.word	0x100001c9
1000012c:	100001cf 	.word	0x100001cf
10000130:	100001c9 	.word	0x100001c9
10000134:	100001c9 	.word	0x100001c9
10000138:	100001d1 	.word	0x100001d1
1000013c:	100001d3 	.word	0x100001d3
10000140:	100001c1 	.word	0x100001c1
10000144:	100001c1 	.word	0x100001c1
10000148:	100001c1 	.word	0x100001c1
1000014c:	100001c1 	.word	0x100001c1
10000150:	100001c1 	.word	0x100001c1
10000154:	100001c1 	.word	0x100001c1
10000158:	100001c1 	.word	0x100001c1
1000015c:	100001c1 	.word	0x100001c1
10000160:	100001c1 	.word	0x100001c1
10000164:	100001c1 	.word	0x100001c1
10000168:	100001c1 	.word	0x100001c1
1000016c:	100001c1 	.word	0x100001c1
10000170:	100001c1 	.word	0x100001c1
10000174:	100001c1 	.word	0x100001c1
10000178:	100001c1 	.word	0x100001c1
1000017c:	100001c1 	.word	0x100001c1
10000180:	100001c1 	.word	0x100001c1
10000184:	100001c1 	.word	0x100001c1
10000188:	100001c1 	.word	0x100001c1
1000018c:	100001c1 	.word	0x100001c1
10000190:	100001c1 	.word	0x100001c1
10000194:	100001c1 	.word	0x100001c1
10000198:	100001c1 	.word	0x100001c1
1000019c:	100001c1 	.word	0x100001c1
100001a0:	100001c1 	.word	0x100001c1
100001a4:	100001c1 	.word	0x100001c1
100001a8:	100001c1 	.word	0x100001c1
100001ac:	100001c1 	.word	0x100001c1
100001b0:	100001c1 	.word	0x100001c1
100001b4:	100001c1 	.word	0x100001c1
100001b8:	100001c1 	.word	0x100001c1
100001bc:	100001c1 	.word	0x100001c1

100001c0 <__unhandled_user_irq>:
100001c0:	f3ef 8005 	mrs	r0, IPSR
100001c4:	3810      	subs	r0, #16

100001c6 <unhandled_user_irq_num_in_r0>:
100001c6:	be00      	bkpt	0x0000

100001c8 <isr_invalid>:
100001c8:	be00      	bkpt	0x0000

100001ca <isr_nmi>:
100001ca:	be00      	bkpt	0x0000

100001cc <isr_hardfault>:
100001cc:	be00      	bkpt	0x0000

100001ce <isr_svcall>:
100001ce:	be00      	bkpt	0x0000

100001d0 <isr_pendsv>:
100001d0:	be00      	bkpt	0x0000

100001d2 <isr_systick>:
100001d2:	be00      	bkpt	0x0000

100001d4 <__default_isrs_end>:
100001d4:	7188ebf2 	.word	0x7188ebf2
100001d8:	1000b1d4 	.word	0x1000b1d4
100001dc:	1000b1f4 	.word	0x1000b1f4
100001e0:	10000238 	.word	0x10000238
100001e4:	e71aa390 	.word	0xe71aa390

100001e8 <_entry_point>:
100001e8:	481e      	ldr	r0, [pc, #120]	; (10000264 <data_cpy_table+0x2c>)

100001ea <_enter_vtable_in_r0>:
100001ea:	491f      	ldr	r1, [pc, #124]	; (10000268 <data_cpy_table+0x30>)
100001ec:	6008      	str	r0, [r1, #0]
100001ee:	c806      	ldmia	r0!, {r1, r2}
100001f0:	f381 8808 	msr	MSP, r1
100001f4:	4710      	bx	r2

100001f6 <_reset_handler>:
100001f6:	481d      	ldr	r0, [pc, #116]	; (1000026c <data_cpy_table+0x34>)
100001f8:	6800      	ldr	r0, [r0, #0]
100001fa:	2800      	cmp	r0, #0
100001fc:	d001      	beq.n	10000202 <hold_non_core0_in_bootrom+0x4>

100001fe <hold_non_core0_in_bootrom>:
100001fe:	4819      	ldr	r0, [pc, #100]	; (10000264 <data_cpy_table+0x2c>)
10000200:	e7f3      	b.n	100001ea <_enter_vtable_in_r0>
10000202:	a40d      	add	r4, pc, #52	; (adr r4, 10000238 <data_cpy_table>)
10000204:	cc0e      	ldmia	r4!, {r1, r2, r3}
10000206:	2900      	cmp	r1, #0
10000208:	d002      	beq.n	10000210 <hold_non_core0_in_bootrom+0x12>
1000020a:	f000 f812 	bl	10000232 <data_cpy>
1000020e:	e7f9      	b.n	10000204 <hold_non_core0_in_bootrom+0x6>
10000210:	4917      	ldr	r1, [pc, #92]	; (10000270 <data_cpy_table+0x38>)
10000212:	4a18      	ldr	r2, [pc, #96]	; (10000274 <data_cpy_table+0x3c>)
10000214:	2000      	movs	r0, #0
10000216:	e000      	b.n	1000021a <bss_fill_test>

10000218 <bss_fill_loop>:
10000218:	c101      	stmia	r1!, {r0}

1000021a <bss_fill_test>:
1000021a:	4291      	cmp	r1, r2
1000021c:	d1fc      	bne.n	10000218 <bss_fill_loop>

1000021e <platform_entry>:
1000021e:	4916      	ldr	r1, [pc, #88]	; (10000278 <data_cpy_table+0x40>)
10000220:	4788      	blx	r1
10000222:	4916      	ldr	r1, [pc, #88]	; (1000027c <data_cpy_table+0x44>)
10000224:	4788      	blx	r1
10000226:	4916      	ldr	r1, [pc, #88]	; (10000280 <data_cpy_table+0x48>)
10000228:	4788      	blx	r1
1000022a:	be00      	bkpt	0x0000
1000022c:	e7fd      	b.n	1000022a <platform_entry+0xc>

1000022e <data_cpy_loop>:
1000022e:	c901      	ldmia	r1!, {r0}
10000230:	c201      	stmia	r2!, {r0}

10000232 <data_cpy>:
10000232:	429a      	cmp	r2, r3
10000234:	d3fb      	bcc.n	1000022e <data_cpy_loop>
10000236:	4770      	bx	lr

10000238 <data_cpy_table>:
10000238:	1000b1f4 	.word	0x1000b1f4
1000023c:	200000c0 	.word	0x200000c0
10000240:	20001660 	.word	0x20001660
10000244:	1000c794 	.word	0x1000c794
10000248:	20040000 	.word	0x20040000
1000024c:	20040000 	.word	0x20040000
10000250:	1000c794 	.word	0x1000c794
10000254:	20041000 	.word	0x20041000
10000258:	20041000 	.word	0x20041000
1000025c:	00000000 	.word	0x00000000
10000260:	4770      	bx	lr
10000262:	0000      	.short	0x0000
10000264:	00000000 	.word	0x00000000
10000268:	e000ed08 	.word	0xe000ed08
1000026c:	d0000000 	.word	0xd0000000
10000270:	20001660 	.word	0x20001660
10000274:	20004078 	.word	0x20004078
10000278:	10005dc5 	.word	0x10005dc5
1000027c:	10000321 	.word	0x10000321
10000280:	10005dbd 	.word	0x10005dbd

10000284 <_init>:
10000284:	b5f8      	push	{r3, r4, r5, r6, r7, lr}
10000286:	46c0      	nop			; (mov r8, r8)

10000288 <deregister_tm_clones>:
10000288:	4804      	ldr	r0, [pc, #16]	; (1000029c <deregister_tm_clones+0x14>)
1000028a:	4b05      	ldr	r3, [pc, #20]	; (100002a0 <deregister_tm_clones+0x18>)
1000028c:	b510      	push	{r4, lr}
1000028e:	4283      	cmp	r3, r0
10000290:	d003      	beq.n	1000029a <deregister_tm_clones+0x12>
10000292:	4b04      	ldr	r3, [pc, #16]	; (100002a4 <deregister_tm_clones+0x1c>)
10000294:	2b00      	cmp	r3, #0
10000296:	d000      	beq.n	1000029a <deregister_tm_clones+0x12>
10000298:	4798      	blx	r3
1000029a:	bd10      	pop	{r4, pc}
1000029c:	20001660 	.word	0x20001660
100002a0:	20001660 	.word	0x20001660
100002a4:	00000000 	.word	0x00000000

100002a8 <register_tm_clones>:
100002a8:	4806      	ldr	r0, [pc, #24]	; (100002c4 <register_tm_clones+0x1c>)
100002aa:	4907      	ldr	r1, [pc, #28]	; (100002c8 <register_tm_clones+0x20>)
100002ac:	1a09      	subs	r1, r1, r0
100002ae:	108b      	asrs	r3, r1, #2
100002b0:	0fc9      	lsrs	r1, r1, #31
100002b2:	18c9      	adds	r1, r1, r3
100002b4:	b510      	push	{r4, lr}
100002b6:	1049      	asrs	r1, r1, #1
100002b8:	d003      	beq.n	100002c2 <register_tm_clones+0x1a>
100002ba:	4b04      	ldr	r3, [pc, #16]	; (100002cc <register_tm_clones+0x24>)
100002bc:	2b00      	cmp	r3, #0
100002be:	d000      	beq.n	100002c2 <register_tm_clones+0x1a>
100002c0:	4798      	blx	r3
100002c2:	bd10      	pop	{r4, pc}
100002c4:	20001660 	.word	0x20001660
100002c8:	20001660 	.word	0x20001660
100002cc:	00000000 	.word	0x00000000

100002d0 <__do_global_dtors_aux>:
100002d0:	b510      	push	{r4, lr}
100002d2:	4c07      	ldr	r4, [pc, #28]	; (100002f0 <__do_global_dtors_aux+0x20>)
100002d4:	7823      	ldrb	r3, [r4, #0]
100002d6:	2b00      	cmp	r3, #0
100002d8:	d109      	bne.n	100002ee <__do_global_dtors_aux+0x1e>
100002da:	f7ff ffd5 	bl	10000288 <deregister_tm_clones>
100002de:	4b05      	ldr	r3, [pc, #20]	; (100002f4 <__do_global_dtors_aux+0x24>)
100002e0:	2b00      	cmp	r3, #0
100002e2:	d002      	beq.n	100002ea <__do_global_dtors_aux+0x1a>
100002e4:	4804      	ldr	r0, [pc, #16]	; (100002f8 <__do_global_dtors_aux+0x28>)
100002e6:	e000      	b.n	100002ea <__do_global_dtors_aux+0x1a>
100002e8:	bf00      	nop
100002ea:	2301      	movs	r3, #1
100002ec:	7023      	strb	r3, [r4, #0]
100002ee:	bd10      	pop	{r4, pc}
100002f0:	200019e8 	.word	0x200019e8
100002f4:	00000000 	.word	0x00000000
100002f8:	100095e4 	.word	0x100095e4

100002fc <frame_dummy>:
100002fc:	4b05      	ldr	r3, [pc, #20]	; (10000314 <frame_dummy+0x18>)
100002fe:	b510      	push	{r4, lr}
10000300:	2b00      	cmp	r3, #0
10000302:	d003      	beq.n	1000030c <frame_dummy+0x10>
10000304:	4904      	ldr	r1, [pc, #16]	; (10000318 <frame_dummy+0x1c>)
10000306:	4805      	ldr	r0, [pc, #20]	; (1000031c <frame_dummy+0x20>)
10000308:	e000      	b.n	1000030c <frame_dummy+0x10>
1000030a:	bf00      	nop
1000030c:	f7ff ffcc 	bl	100002a8 <register_tm_clones>
10000310:	bd10      	pop	{r4, pc}
10000312:	46c0      	nop			; (mov r8, r8)
10000314:	00000000 	.word	0x00000000
10000318:	200019ec 	.word	0x200019ec
1000031c:	100095e4 	.word	0x100095e4

10000320 <main>:
10000320:	b510      	push	{r4, lr}
10000322:	f000 f819 	bl	10000358 <kernel_init>
10000326:	f000 f83b 	bl	100003a0 <kernel_run>
1000032a:	e7fc      	b.n	10000326 <main+0x6>

1000032c <task_heartbeat>:
1000032c:	2019      	movs	r0, #25
1000032e:	b510      	push	{r4, lr}
10000330:	f001 fe6c 	bl	1000200c <gpio_init>
10000334:	2401      	movs	r4, #1
10000336:	22d0      	movs	r2, #208	; 0xd0
10000338:	2180      	movs	r1, #128	; 0x80
1000033a:	4806      	ldr	r0, [pc, #24]	; (10000354 <task_heartbeat+0x28>)
1000033c:	0612      	lsls	r2, r2, #24
1000033e:	7803      	ldrb	r3, [r0, #0]
10000340:	0489      	lsls	r1, r1, #18
10000342:	4063      	eors	r3, r4
10000344:	6251      	str	r1, [r2, #36]	; 0x24
10000346:	7003      	strb	r3, [r0, #0]
10000348:	d001      	beq.n	1000034e <task_heartbeat+0x22>
1000034a:	6151      	str	r1, [r2, #20]
1000034c:	bd10      	pop	{r4, pc}
1000034e:	6191      	str	r1, [r2, #24]
10000350:	e7fc      	b.n	1000034c <task_heartbeat+0x20>
10000352:	46c0      	nop			; (mov r8, r8)
10000354:	20004076 	.word	0x20004076

10000358 <kernel_init>:
10000358:	b510      	push	{r4, lr}
1000035a:	f005 fe75 	bl	10006048 <stdio_init_all>
1000035e:	e002      	b.n	10000366 <kernel_init+0xe>
10000360:	2064      	movs	r0, #100	; 0x64
10000362:	f002 fce1 	bl	10002d28 <sleep_ms>
10000366:	f006 fa35 	bl	100067d4 <stdio_usb_connected>
1000036a:	2800      	cmp	r0, #0
1000036c:	d0f8      	beq.n	10000360 <kernel_init+0x8>
1000036e:	f000 f81b 	bl	100003a8 <bootloader_run>
10000372:	f001 fd53 	bl	10001e1c <drivers_init_all>
10000376:	f000 fb3b 	bl	100009f0 <sched_init>
1000037a:	22fa      	movs	r2, #250	; 0xfa
1000037c:	4905      	ldr	r1, [pc, #20]	; (10000394 <kernel_init+0x3c>)
1000037e:	0092      	lsls	r2, r2, #2
10000380:	4805      	ldr	r0, [pc, #20]	; (10000398 <kernel_init+0x40>)
10000382:	f000 fb49 	bl	10000a18 <sched_register>
10000386:	4805      	ldr	r0, [pc, #20]	; (1000039c <kernel_init+0x44>)
10000388:	f005 fefa 	bl	10006180 <__wrap_puts>
1000038c:	f000 fbb6 	bl	10000afc <shell_init>
10000390:	bd10      	pop	{r4, pc}
10000392:	46c0      	nop			; (mov r8, r8)
10000394:	1000032d 	.word	0x1000032d
10000398:	100095e8 	.word	0x100095e8
1000039c:	100095f4 	.word	0x100095f4

100003a0 <kernel_run>:
100003a0:	b510      	push	{r4, lr}
100003a2:	f000 fbbf 	bl	10000b24 <shell_run>
100003a6:	bd10      	pop	{r4, pc}

100003a8 <bootloader_run>:
100003a8:	b570      	push	{r4, r5, r6, lr}
100003aa:	4c45      	ldr	r4, [pc, #276]	; (100004c0 <bootloader_run+0x118>)
100003ac:	b084      	sub	sp, #16
100003ae:	0020      	movs	r0, r4
100003b0:	f000 f904 	bl	100005bc <config_load>
100003b4:	2800      	cmp	r0, #0
100003b6:	d04c      	beq.n	10000452 <bootloader_run+0xaa>
100003b8:	f003 f92e 	bl	10003618 <watchdog_caused_reboot>
100003bc:	2800      	cmp	r0, #0
100003be:	d005      	beq.n	100003cc <bootloader_run+0x24>
100003c0:	4b40      	ldr	r3, [pc, #256]	; (100004c4 <bootloader_run+0x11c>)
100003c2:	68da      	ldr	r2, [r3, #12]
100003c4:	4b40      	ldr	r3, [pc, #256]	; (100004c8 <bootloader_run+0x120>)
100003c6:	429a      	cmp	r2, r3
100003c8:	d100      	bne.n	100003cc <bootloader_run+0x24>
100003ca:	e068      	b.n	1000049e <bootloader_run+0xf6>
100003cc:	26d0      	movs	r6, #208	; 0xd0
100003ce:	2580      	movs	r5, #128	; 0x80
100003d0:	200f      	movs	r0, #15
100003d2:	022d      	lsls	r5, r5, #8
100003d4:	0636      	lsls	r6, r6, #24
100003d6:	f001 fe19 	bl	1000200c <gpio_init>
100003da:	62b5      	str	r5, [r6, #40]	; 0x28
100003dc:	2200      	movs	r2, #0
100003de:	2101      	movs	r1, #1
100003e0:	200f      	movs	r0, #15
100003e2:	f001 fdf9 	bl	10001fd8 <gpio_set_pulls>
100003e6:	2005      	movs	r0, #5
100003e8:	f002 fc9e 	bl	10002d28 <sleep_ms>
100003ec:	6876      	ldr	r6, [r6, #4]
100003ee:	8920      	ldrh	r0, [r4, #8]
100003f0:	402e      	ands	r6, r5
100003f2:	4275      	negs	r5, r6
100003f4:	4175      	adcs	r5, r6
100003f6:	88e3      	ldrh	r3, [r4, #6]
100003f8:	0400      	lsls	r0, r0, #16
100003fa:	4318      	orrs	r0, r3
100003fc:	0003      	movs	r3, r0
100003fe:	3b30      	subs	r3, #48	; 0x30
10000400:	b2ed      	uxtb	r5, r5
10000402:	2b98      	cmp	r3, #152	; 0x98
10000404:	d933      	bls.n	1000046e <bootloader_run+0xc6>
10000406:	7aa3      	ldrb	r3, [r4, #10]
10000408:	2b00      	cmp	r3, #0
1000040a:	d126      	bne.n	1000045a <bootloader_run+0xb2>
1000040c:	200a      	movs	r0, #10
1000040e:	f005 fe6b 	bl	100060e8 <__wrap_putchar>
10000412:	482e      	ldr	r0, [pc, #184]	; (100004cc <bootloader_run+0x124>)
10000414:	f005 feb4 	bl	10006180 <__wrap_puts>
10000418:	482d      	ldr	r0, [pc, #180]	; (100004d0 <bootloader_run+0x128>)
1000041a:	f005 feb1 	bl	10006180 <__wrap_puts>
1000041e:	492d      	ldr	r1, [pc, #180]	; (100004d4 <bootloader_run+0x12c>)
10000420:	482d      	ldr	r0, [pc, #180]	; (100004d8 <bootloader_run+0x130>)
10000422:	f005 ff37 	bl	10006294 <__wrap_printf>
10000426:	482d      	ldr	r0, [pc, #180]	; (100004dc <bootloader_run+0x134>)
10000428:	f005 feaa 	bl	10006180 <__wrap_puts>
1000042c:	4b2c      	ldr	r3, [pc, #176]	; (100004e0 <bootloader_run+0x138>)
1000042e:	00aa      	lsls	r2, r5, #2
10000430:	58d1      	ldr	r1, [r2, r3]
10000432:	482c      	ldr	r0, [pc, #176]	; (100004e4 <bootloader_run+0x13c>)
10000434:	f005 ff2e 	bl	10006294 <__wrap_printf>
10000438:	0021      	movs	r1, r4
1000043a:	482b      	ldr	r0, [pc, #172]	; (100004e8 <bootloader_run+0x140>)
1000043c:	310c      	adds	r1, #12
1000043e:	f005 ff29 	bl	10006294 <__wrap_printf>
10000442:	200a      	movs	r0, #10
10000444:	f005 fe50 	bl	100060e8 <__wrap_putchar>
10000448:	2e00      	cmp	r6, #0
1000044a:	d024      	beq.n	10000496 <bootloader_run+0xee>
1000044c:	0028      	movs	r0, r5
1000044e:	b004      	add	sp, #16
10000450:	bd70      	pop	{r4, r5, r6, pc}
10000452:	4826      	ldr	r0, [pc, #152]	; (100004ec <bootloader_run+0x144>)
10000454:	f005 fe94 	bl	10006180 <__wrap_puts>
10000458:	e7ae      	b.n	100003b8 <bootloader_run+0x10>
1000045a:	2019      	movs	r0, #25
1000045c:	f001 fdd6 	bl	1000200c <gpio_init>
10000460:	23d0      	movs	r3, #208	; 0xd0
10000462:	2280      	movs	r2, #128	; 0x80
10000464:	061b      	lsls	r3, r3, #24
10000466:	0492      	lsls	r2, r2, #18
10000468:	625a      	str	r2, [r3, #36]	; 0x24
1000046a:	615a      	str	r2, [r3, #20]
1000046c:	e7ce      	b.n	1000040c <bootloader_run+0x64>
1000046e:	0143      	lsls	r3, r0, #5
10000470:	1a1b      	subs	r3, r3, r0
10000472:	009b      	lsls	r3, r3, #2
10000474:	1818      	adds	r0, r3, r0
10000476:	00c0      	lsls	r0, r0, #3
10000478:	ab03      	add	r3, sp, #12
1000047a:	aa02      	add	r2, sp, #8
1000047c:	a901      	add	r1, sp, #4
1000047e:	f002 ff2f 	bl	100032e0 <check_sys_clock_khz>
10000482:	2800      	cmp	r0, #0
10000484:	d115      	bne.n	100004b2 <bootloader_run+0x10a>
10000486:	8921      	ldrh	r1, [r4, #8]
10000488:	88e3      	ldrh	r3, [r4, #6]
1000048a:	0409      	lsls	r1, r1, #16
1000048c:	4319      	orrs	r1, r3
1000048e:	4818      	ldr	r0, [pc, #96]	; (100004f0 <bootloader_run+0x148>)
10000490:	f005 ff00 	bl	10006294 <__wrap_printf>
10000494:	e7b7      	b.n	10000406 <bootloader_run+0x5e>
10000496:	4817      	ldr	r0, [pc, #92]	; (100004f4 <bootloader_run+0x14c>)
10000498:	f005 fe72 	bl	10006180 <__wrap_puts>
1000049c:	e7d6      	b.n	1000044c <bootloader_run+0xa4>
1000049e:	4816      	ldr	r0, [pc, #88]	; (100004f8 <bootloader_run+0x150>)
100004a0:	f005 fe6e 	bl	10006180 <__wrap_puts>
100004a4:	20c8      	movs	r0, #200	; 0xc8
100004a6:	f002 fc3f 	bl	10002d28 <sleep_ms>
100004aa:	2100      	movs	r1, #0
100004ac:	2000      	movs	r0, #0
100004ae:	f003 f8f5 	bl	1000369c <rom_reset_usb_boot>
100004b2:	9a03      	ldr	r2, [sp, #12]
100004b4:	9902      	ldr	r1, [sp, #8]
100004b6:	9801      	ldr	r0, [sp, #4]
100004b8:	f002 fe32 	bl	10003120 <set_sys_clock_pll>
100004bc:	e7e3      	b.n	10000486 <bootloader_run+0xde>
100004be:	46c0      	nop			; (mov r8, r8)
100004c0:	200021b0 	.word	0x200021b0
100004c4:	40058000 	.word	0x40058000
100004c8:	dfdfdfdf 	.word	0xdfdfdfdf
100004cc:	100096c0 	.word	0x100096c0
100004d0:	10009730 	.word	0x10009730
100004d4:	10009760 	.word	0x10009760
100004d8:	1000976c 	.word	0x1000976c
100004dc:	1000978c 	.word	0x1000978c
100004e0:	10009834 	.word	0x10009834
100004e4:	100097fc 	.word	0x100097fc
100004e8:	1000980c 	.word	0x1000980c
100004ec:	1000960c 	.word	0x1000960c
100004f0:	10009664 	.word	0x10009664
100004f4:	10009680 	.word	0x10009680
100004f8:	1000963c 	.word	0x1000963c

100004fc <config_defaults>:
100004fc:	b570      	push	{r4, r5, r6, lr}
100004fe:	0004      	movs	r4, r0
10000500:	223c      	movs	r2, #60	; 0x3c
10000502:	2100      	movs	r1, #0
10000504:	3004      	adds	r0, #4
10000506:	f004 f969 	bl	100047dc <__wrap_memset>
1000050a:	2302      	movs	r3, #2
1000050c:	2200      	movs	r2, #0
1000050e:	0020      	movs	r0, r4
10000510:	425b      	negs	r3, r3
10000512:	7023      	strb	r3, [r4, #0]
10000514:	3b34      	subs	r3, #52	; 0x34
10000516:	7063      	strb	r3, [r4, #1]
10000518:	3b0a      	subs	r3, #10
1000051a:	70a3      	strb	r3, [r4, #2]
1000051c:	331e      	adds	r3, #30
1000051e:	70e3      	strb	r3, [r4, #3]
10000520:	3323      	adds	r3, #35	; 0x23
10000522:	4924      	ldr	r1, [pc, #144]	; (100005b4 <config_defaults+0xb8>)
10000524:	7123      	strb	r3, [r4, #4]
10000526:	7162      	strb	r2, [r4, #5]
10000528:	72e3      	strb	r3, [r4, #11]
1000052a:	300c      	adds	r0, #12
1000052c:	320f      	adds	r2, #15
1000052e:	f008 fe5f 	bl	100091f0 <strncpy>
10000532:	0026      	movs	r6, r4
10000534:	2301      	movs	r3, #1
10000536:	0025      	movs	r5, r4
10000538:	2001      	movs	r0, #1
1000053a:	491f      	ldr	r1, [pc, #124]	; (100005b8 <config_defaults+0xbc>)
1000053c:	363c      	adds	r6, #60	; 0x3c
1000053e:	425b      	negs	r3, r3
10000540:	782a      	ldrb	r2, [r5, #0]
10000542:	3501      	adds	r5, #1
10000544:	405a      	eors	r2, r3
10000546:	0853      	lsrs	r3, r2, #1
10000548:	4002      	ands	r2, r0
1000054a:	4252      	negs	r2, r2
1000054c:	400a      	ands	r2, r1
1000054e:	4053      	eors	r3, r2
10000550:	085a      	lsrs	r2, r3, #1
10000552:	4003      	ands	r3, r0
10000554:	425b      	negs	r3, r3
10000556:	400b      	ands	r3, r1
10000558:	405a      	eors	r2, r3
1000055a:	0853      	lsrs	r3, r2, #1
1000055c:	4002      	ands	r2, r0
1000055e:	4252      	negs	r2, r2
10000560:	400a      	ands	r2, r1
10000562:	4053      	eors	r3, r2
10000564:	085a      	lsrs	r2, r3, #1
10000566:	4003      	ands	r3, r0
10000568:	425b      	negs	r3, r3
1000056a:	400b      	ands	r3, r1
1000056c:	405a      	eors	r2, r3
1000056e:	0853      	lsrs	r3, r2, #1
10000570:	4002      	ands	r2, r0
10000572:	4252      	negs	r2, r2
10000574:	400a      	ands	r2, r1
10000576:	4053      	eors	r3, r2
10000578:	085a      	lsrs	r2, r3, #1
1000057a:	4003      	ands	r3, r0
1000057c:	425b      	negs	r3, r3
1000057e:	400b      	ands	r3, r1
10000580:	405a      	eors	r2, r3
10000582:	0853      	lsrs	r3, r2, #1
10000584:	4002      	ands	r2, r0
10000586:	4252      	negs	r2, r2
10000588:	400a      	ands	r2, r1
1000058a:	4053      	eors	r3, r2
1000058c:	085a      	lsrs	r2, r3, #1
1000058e:	4003      	ands	r3, r0
10000590:	425b      	negs	r3, r3
10000592:	400b      	ands	r3, r1
10000594:	4053      	eors	r3, r2
10000596:	42ae      	cmp	r6, r5
10000598:	d1d2      	bne.n	10000540 <config_defaults+0x44>
1000059a:	43da      	mvns	r2, r3
1000059c:	213c      	movs	r1, #60	; 0x3c
1000059e:	233d      	movs	r3, #61	; 0x3d
100005a0:	5462      	strb	r2, [r4, r1]
100005a2:	0a11      	lsrs	r1, r2, #8
100005a4:	54e1      	strb	r1, [r4, r3]
100005a6:	0c11      	lsrs	r1, r2, #16
100005a8:	3301      	adds	r3, #1
100005aa:	54e1      	strb	r1, [r4, r3]
100005ac:	0e12      	lsrs	r2, r2, #24
100005ae:	3301      	adds	r3, #1
100005b0:	54e2      	strb	r2, [r4, r3]
100005b2:	bd70      	pop	{r4, r5, r6, pc}
100005b4:	10009840 	.word	0x10009840
100005b8:	edb88320 	.word	0xedb88320

100005bc <config_load>:
100005bc:	b5f0      	push	{r4, r5, r6, r7, lr}
100005be:	46c6      	mov	lr, r8
100005c0:	4980      	ldr	r1, [pc, #512]	; (100007c4 <config_load+0x208>)
100005c2:	4b81      	ldr	r3, [pc, #516]	; (100007c8 <config_load+0x20c>)
100005c4:	680a      	ldr	r2, [r1, #0]
100005c6:	0004      	movs	r4, r0
100005c8:	b500      	push	{lr}
100005ca:	429a      	cmp	r2, r3
100005cc:	d102      	bne.n	100005d4 <config_load+0x18>
100005ce:	888b      	ldrh	r3, [r1, #4]
100005d0:	2b01      	cmp	r3, #1
100005d2:	d05e      	beq.n	10000692 <config_load+0xd6>
100005d4:	223c      	movs	r2, #60	; 0x3c
100005d6:	2100      	movs	r1, #0
100005d8:	1d20      	adds	r0, r4, #4
100005da:	f004 f8ff 	bl	100047dc <__wrap_memset>
100005de:	2302      	movs	r3, #2
100005e0:	2200      	movs	r2, #0
100005e2:	0020      	movs	r0, r4
100005e4:	425b      	negs	r3, r3
100005e6:	7023      	strb	r3, [r4, #0]
100005e8:	3b34      	subs	r3, #52	; 0x34
100005ea:	7063      	strb	r3, [r4, #1]
100005ec:	3b0a      	subs	r3, #10
100005ee:	70a3      	strb	r3, [r4, #2]
100005f0:	331e      	adds	r3, #30
100005f2:	70e3      	strb	r3, [r4, #3]
100005f4:	3323      	adds	r3, #35	; 0x23
100005f6:	4975      	ldr	r1, [pc, #468]	; (100007cc <config_load+0x210>)
100005f8:	7123      	strb	r3, [r4, #4]
100005fa:	7162      	strb	r2, [r4, #5]
100005fc:	72e3      	strb	r3, [r4, #11]
100005fe:	320f      	adds	r2, #15
10000600:	300c      	adds	r0, #12
10000602:	f008 fdf5 	bl	100091f0 <strncpy>
10000606:	0026      	movs	r6, r4
10000608:	2301      	movs	r3, #1
1000060a:	0025      	movs	r5, r4
1000060c:	2001      	movs	r0, #1
1000060e:	4970      	ldr	r1, [pc, #448]	; (100007d0 <config_load+0x214>)
10000610:	363c      	adds	r6, #60	; 0x3c
10000612:	425b      	negs	r3, r3
10000614:	782a      	ldrb	r2, [r5, #0]
10000616:	3501      	adds	r5, #1
10000618:	405a      	eors	r2, r3
1000061a:	0853      	lsrs	r3, r2, #1
1000061c:	4002      	ands	r2, r0
1000061e:	4252      	negs	r2, r2
10000620:	400a      	ands	r2, r1
10000622:	4053      	eors	r3, r2
10000624:	085a      	lsrs	r2, r3, #1
10000626:	4003      	ands	r3, r0
10000628:	425b      	negs	r3, r3
1000062a:	400b      	ands	r3, r1
1000062c:	405a      	eors	r2, r3
1000062e:	0853      	lsrs	r3, r2, #1
10000630:	4002      	ands	r2, r0
10000632:	4252      	negs	r2, r2
10000634:	400a      	ands	r2, r1
10000636:	4053      	eors	r3, r2
10000638:	085a      	lsrs	r2, r3, #1
1000063a:	4003      	ands	r3, r0
1000063c:	425b      	negs	r3, r3
1000063e:	400b      	ands	r3, r1
10000640:	405a      	eors	r2, r3
10000642:	0853      	lsrs	r3, r2, #1
10000644:	4002      	ands	r2, r0
10000646:	4252      	negs	r2, r2
10000648:	400a      	ands	r2, r1
1000064a:	4053      	eors	r3, r2
1000064c:	085a      	lsrs	r2, r3, #1
1000064e:	4003      	ands	r3, r0
10000650:	425b      	negs	r3, r3
10000652:	400b      	ands	r3, r1
10000654:	405a      	eors	r2, r3
10000656:	0853      	lsrs	r3, r2, #1
10000658:	4002      	ands	r2, r0
1000065a:	4252      	negs	r2, r2
1000065c:	400a      	ands	r2, r1
1000065e:	4053      	eors	r3, r2
10000660:	085a      	lsrs	r2, r3, #1
10000662:	4003      	ands	r3, r0
10000664:	425b      	negs	r3, r3
10000666:	400b      	ands	r3, r1
10000668:	4053      	eors	r3, r2
1000066a:	42ae      	cmp	r6, r5
1000066c:	d1d2      	bne.n	10000614 <config_load+0x58>
1000066e:	43da      	mvns	r2, r3
10000670:	213c      	movs	r1, #60	; 0x3c
10000672:	233d      	movs	r3, #61	; 0x3d
10000674:	5462      	strb	r2, [r4, r1]
10000676:	0a11      	lsrs	r1, r2, #8
10000678:	54e1      	strb	r1, [r4, r3]
1000067a:	0c11      	lsrs	r1, r2, #16
1000067c:	3301      	adds	r3, #1
1000067e:	54e1      	strb	r1, [r4, r3]
10000680:	0e12      	lsrs	r2, r2, #24
10000682:	3301      	adds	r3, #1
10000684:	54e2      	strb	r2, [r4, r3]
10000686:	2300      	movs	r3, #0
10000688:	4698      	mov	r8, r3
1000068a:	4640      	mov	r0, r8
1000068c:	bc80      	pop	{r7}
1000068e:	46b8      	mov	r8, r7
10000690:	bdf0      	pop	{r4, r5, r6, r7, pc}
10000692:	2240      	movs	r2, #64	; 0x40
10000694:	f004 f8a8 	bl	100047e8 <__wrap___aeabi_memcpy>
10000698:	0026      	movs	r6, r4
1000069a:	2301      	movs	r3, #1
1000069c:	0027      	movs	r7, r4
1000069e:	0020      	movs	r0, r4
100006a0:	2501      	movs	r5, #1
100006a2:	494b      	ldr	r1, [pc, #300]	; (100007d0 <config_load+0x214>)
100006a4:	363c      	adds	r6, #60	; 0x3c
100006a6:	425b      	negs	r3, r3
100006a8:	7802      	ldrb	r2, [r0, #0]
100006aa:	3001      	adds	r0, #1
100006ac:	405a      	eors	r2, r3
100006ae:	0853      	lsrs	r3, r2, #1
100006b0:	402a      	ands	r2, r5
100006b2:	4252      	negs	r2, r2
100006b4:	400a      	ands	r2, r1
100006b6:	4053      	eors	r3, r2
100006b8:	085a      	lsrs	r2, r3, #1
100006ba:	402b      	ands	r3, r5
100006bc:	425b      	negs	r3, r3
100006be:	400b      	ands	r3, r1
100006c0:	405a      	eors	r2, r3
100006c2:	0853      	lsrs	r3, r2, #1
100006c4:	402a      	ands	r2, r5
100006c6:	4252      	negs	r2, r2
100006c8:	400a      	ands	r2, r1
100006ca:	4053      	eors	r3, r2
100006cc:	085a      	lsrs	r2, r3, #1
100006ce:	402b      	ands	r3, r5
100006d0:	425b      	negs	r3, r3
100006d2:	400b      	ands	r3, r1
100006d4:	405a      	eors	r2, r3
100006d6:	0853      	lsrs	r3, r2, #1
100006d8:	402a      	ands	r2, r5
100006da:	4252      	negs	r2, r2
100006dc:	400a      	ands	r2, r1
100006de:	4053      	eors	r3, r2
100006e0:	085a      	lsrs	r2, r3, #1
100006e2:	402b      	ands	r3, r5
100006e4:	425b      	negs	r3, r3
100006e6:	400b      	ands	r3, r1
100006e8:	405a      	eors	r2, r3
100006ea:	0853      	lsrs	r3, r2, #1
100006ec:	402a      	ands	r2, r5
100006ee:	4252      	negs	r2, r2
100006f0:	400a      	ands	r2, r1
100006f2:	4053      	eors	r3, r2
100006f4:	085a      	lsrs	r2, r3, #1
100006f6:	402b      	ands	r3, r5
100006f8:	425b      	negs	r3, r3
100006fa:	400b      	ands	r3, r1
100006fc:	4053      	eors	r3, r2
100006fe:	4286      	cmp	r6, r0
10000700:	d1d2      	bne.n	100006a8 <config_load+0xec>
10000702:	213d      	movs	r1, #61	; 0x3d
10000704:	223c      	movs	r2, #60	; 0x3c
10000706:	5c61      	ldrb	r1, [r4, r1]
10000708:	5ca2      	ldrb	r2, [r4, r2]
1000070a:	0209      	lsls	r1, r1, #8
1000070c:	4311      	orrs	r1, r2
1000070e:	223e      	movs	r2, #62	; 0x3e
10000710:	5ca2      	ldrb	r2, [r4, r2]
10000712:	43db      	mvns	r3, r3
10000714:	0412      	lsls	r2, r2, #16
10000716:	4311      	orrs	r1, r2
10000718:	223f      	movs	r2, #63	; 0x3f
1000071a:	5ca2      	ldrb	r2, [r4, r2]
1000071c:	0612      	lsls	r2, r2, #24
1000071e:	430a      	orrs	r2, r1
10000720:	2101      	movs	r1, #1
10000722:	4688      	mov	r8, r1
10000724:	429a      	cmp	r2, r3
10000726:	d0b0      	beq.n	1000068a <config_load+0xce>
10000728:	482a      	ldr	r0, [pc, #168]	; (100007d4 <config_load+0x218>)
1000072a:	f005 fd29 	bl	10006180 <__wrap_puts>
1000072e:	223c      	movs	r2, #60	; 0x3c
10000730:	2100      	movs	r1, #0
10000732:	1d20      	adds	r0, r4, #4
10000734:	f004 f852 	bl	100047dc <__wrap_memset>
10000738:	2302      	movs	r3, #2
1000073a:	425b      	negs	r3, r3
1000073c:	7023      	strb	r3, [r4, #0]
1000073e:	3b34      	subs	r3, #52	; 0x34
10000740:	7063      	strb	r3, [r4, #1]
10000742:	3b0a      	subs	r3, #10
10000744:	70a3      	strb	r3, [r4, #2]
10000746:	331e      	adds	r3, #30
10000748:	70e3      	strb	r3, [r4, #3]
1000074a:	4643      	mov	r3, r8
1000074c:	0020      	movs	r0, r4
1000074e:	7123      	strb	r3, [r4, #4]
10000750:	2300      	movs	r3, #0
10000752:	491e      	ldr	r1, [pc, #120]	; (100007cc <config_load+0x210>)
10000754:	7163      	strb	r3, [r4, #5]
10000756:	220f      	movs	r2, #15
10000758:	72e5      	strb	r5, [r4, #11]
1000075a:	300c      	adds	r0, #12
1000075c:	f008 fd48 	bl	100091f0 <strncpy>
10000760:	2301      	movs	r3, #1
10000762:	2001      	movs	r0, #1
10000764:	491a      	ldr	r1, [pc, #104]	; (100007d0 <config_load+0x214>)
10000766:	425b      	negs	r3, r3
10000768:	783a      	ldrb	r2, [r7, #0]
1000076a:	3701      	adds	r7, #1
1000076c:	405a      	eors	r2, r3
1000076e:	0853      	lsrs	r3, r2, #1
10000770:	4002      	ands	r2, r0
10000772:	4252      	negs	r2, r2
10000774:	400a      	ands	r2, r1
10000776:	4053      	eors	r3, r2
10000778:	085a      	lsrs	r2, r3, #1
1000077a:	4003      	ands	r3, r0
1000077c:	425b      	negs	r3, r3
1000077e:	400b      	ands	r3, r1
10000780:	405a      	eors	r2, r3
10000782:	0853      	lsrs	r3, r2, #1
10000784:	4002      	ands	r2, r0
10000786:	4252      	negs	r2, r2
10000788:	400a      	ands	r2, r1
1000078a:	4053      	eors	r3, r2
1000078c:	085a      	lsrs	r2, r3, #1
1000078e:	4003      	ands	r3, r0
10000790:	425b      	negs	r3, r3
10000792:	400b      	ands	r3, r1
10000794:	405a      	eors	r2, r3
10000796:	0853      	lsrs	r3, r2, #1
10000798:	4002      	ands	r2, r0
1000079a:	4252      	negs	r2, r2
1000079c:	400a      	ands	r2, r1
1000079e:	4053      	eors	r3, r2
100007a0:	085a      	lsrs	r2, r3, #1
100007a2:	4003      	ands	r3, r0
100007a4:	425b      	negs	r3, r3
100007a6:	400b      	ands	r3, r1
100007a8:	405a      	eors	r2, r3
100007aa:	0853      	lsrs	r3, r2, #1
100007ac:	4002      	ands	r2, r0
100007ae:	4252      	negs	r2, r2
100007b0:	400a      	ands	r2, r1
100007b2:	4053      	eors	r3, r2
100007b4:	085a      	lsrs	r2, r3, #1
100007b6:	4003      	ands	r3, r0
100007b8:	425b      	negs	r3, r3
100007ba:	400b      	ands	r3, r1
100007bc:	4053      	eors	r3, r2
100007be:	42be      	cmp	r6, r7
100007c0:	d1d2      	bne.n	10000768 <config_load+0x1ac>
100007c2:	e754      	b.n	1000066e <config_load+0xb2>
100007c4:	101ff000 	.word	0x101ff000
100007c8:	dec0cafe 	.word	0xdec0cafe
100007cc:	10009840 	.word	0x10009840
100007d0:	edb88320 	.word	0xedb88320
100007d4:	10009848 	.word	0x10009848

100007d8 <config_save>:
100007d8:	2302      	movs	r3, #2
100007da:	425b      	negs	r3, r3
100007dc:	b570      	push	{r4, r5, r6, lr}
100007de:	7003      	strb	r3, [r0, #0]
100007e0:	3b34      	subs	r3, #52	; 0x34
100007e2:	7043      	strb	r3, [r0, #1]
100007e4:	3b0a      	subs	r3, #10
100007e6:	7083      	strb	r3, [r0, #2]
100007e8:	331e      	adds	r3, #30
100007ea:	70c3      	strb	r3, [r0, #3]
100007ec:	3323      	adds	r3, #35	; 0x23
100007ee:	7103      	strb	r3, [r0, #4]
100007f0:	2300      	movs	r3, #0
100007f2:	0006      	movs	r6, r0
100007f4:	7143      	strb	r3, [r0, #5]
100007f6:	0004      	movs	r4, r0
100007f8:	0005      	movs	r5, r0
100007fa:	2001      	movs	r0, #1
100007fc:	492e      	ldr	r1, [pc, #184]	; (100008b8 <config_save+0xe0>)
100007fe:	363c      	adds	r6, #60	; 0x3c
10000800:	3b01      	subs	r3, #1
10000802:	782a      	ldrb	r2, [r5, #0]
10000804:	3501      	adds	r5, #1
10000806:	405a      	eors	r2, r3
10000808:	0853      	lsrs	r3, r2, #1
1000080a:	4002      	ands	r2, r0
1000080c:	4252      	negs	r2, r2
1000080e:	400a      	ands	r2, r1
10000810:	4053      	eors	r3, r2
10000812:	085a      	lsrs	r2, r3, #1
10000814:	4003      	ands	r3, r0
10000816:	425b      	negs	r3, r3
10000818:	400b      	ands	r3, r1
1000081a:	405a      	eors	r2, r3
1000081c:	0853      	lsrs	r3, r2, #1
1000081e:	4002      	ands	r2, r0
10000820:	4252      	negs	r2, r2
10000822:	400a      	ands	r2, r1
10000824:	4053      	eors	r3, r2
10000826:	085a      	lsrs	r2, r3, #1
10000828:	4003      	ands	r3, r0
1000082a:	425b      	negs	r3, r3
1000082c:	400b      	ands	r3, r1
1000082e:	405a      	eors	r2, r3
10000830:	0853      	lsrs	r3, r2, #1
10000832:	4002      	ands	r2, r0
10000834:	4252      	negs	r2, r2
10000836:	400a      	ands	r2, r1
10000838:	4053      	eors	r3, r2
1000083a:	085a      	lsrs	r2, r3, #1
1000083c:	4003      	ands	r3, r0
1000083e:	425b      	negs	r3, r3
10000840:	400b      	ands	r3, r1
10000842:	405a      	eors	r2, r3
10000844:	0853      	lsrs	r3, r2, #1
10000846:	4002      	ands	r2, r0
10000848:	4252      	negs	r2, r2
1000084a:	400a      	ands	r2, r1
1000084c:	4053      	eors	r3, r2
1000084e:	085a      	lsrs	r2, r3, #1
10000850:	4003      	ands	r3, r0
10000852:	425b      	negs	r3, r3
10000854:	400b      	ands	r3, r1
10000856:	4053      	eors	r3, r2
10000858:	42ae      	cmp	r6, r5
1000085a:	d1d2      	bne.n	10000802 <config_save+0x2a>
1000085c:	43da      	mvns	r2, r3
1000085e:	213c      	movs	r1, #60	; 0x3c
10000860:	233d      	movs	r3, #61	; 0x3d
10000862:	5462      	strb	r2, [r4, r1]
10000864:	0a11      	lsrs	r1, r2, #8
10000866:	54e1      	strb	r1, [r4, r3]
10000868:	0c11      	lsrs	r1, r2, #16
1000086a:	3301      	adds	r3, #1
1000086c:	54e1      	strb	r1, [r4, r3]
1000086e:	0e12      	lsrs	r2, r2, #24
10000870:	3301      	adds	r3, #1
10000872:	54e2      	strb	r2, [r4, r3]
10000874:	2280      	movs	r2, #128	; 0x80
10000876:	4d11      	ldr	r5, [pc, #68]	; (100008bc <config_save+0xe4>)
10000878:	21ff      	movs	r1, #255	; 0xff
1000087a:	0028      	movs	r0, r5
1000087c:	0152      	lsls	r2, r2, #5
1000087e:	f003 ffad 	bl	100047dc <__wrap_memset>
10000882:	2240      	movs	r2, #64	; 0x40
10000884:	0021      	movs	r1, r4
10000886:	0028      	movs	r0, r5
10000888:	f003 ffae 	bl	100047e8 <__wrap___aeabi_memcpy>
1000088c:	f3ef 8410 	mrs	r4, PRIMASK
10000890:	b672      	cpsid	i
10000892:	2180      	movs	r1, #128	; 0x80
10000894:	480a      	ldr	r0, [pc, #40]	; (100008c0 <config_save+0xe8>)
10000896:	0149      	lsls	r1, r1, #5
10000898:	f008 fe52 	bl	10009540 <__flash_range_erase_veneer>
1000089c:	2280      	movs	r2, #128	; 0x80
1000089e:	0029      	movs	r1, r5
100008a0:	4807      	ldr	r0, [pc, #28]	; (100008c0 <config_save+0xe8>)
100008a2:	0152      	lsls	r2, r2, #5
100008a4:	f008 fe34 	bl	10009510 <__flash_range_program_veneer>
100008a8:	f384 8810 	msr	PRIMASK, r4
100008ac:	4904      	ldr	r1, [pc, #16]	; (100008c0 <config_save+0xe8>)
100008ae:	4805      	ldr	r0, [pc, #20]	; (100008c4 <config_save+0xec>)
100008b0:	f005 fcf0 	bl	10006294 <__wrap_printf>
100008b4:	bd70      	pop	{r4, r5, r6, pc}
100008b6:	46c0      	nop			; (mov r8, r8)
100008b8:	edb88320 	.word	0xedb88320
100008bc:	20002e90 	.word	0x20002e90
100008c0:	001ff000 	.word	0x001ff000
100008c4:	10009874 	.word	0x10009874

100008c8 <config_print>:
100008c8:	0001      	movs	r1, r0
100008ca:	b510      	push	{r4, lr}
100008cc:	0004      	movs	r4, r0
100008ce:	310c      	adds	r1, #12
100008d0:	4820      	ldr	r0, [pc, #128]	; (10000954 <config_print+0x8c>)
100008d2:	f005 fcdf 	bl	10006294 <__wrap_printf>
100008d6:	79e3      	ldrb	r3, [r4, #7]
100008d8:	79a1      	ldrb	r1, [r4, #6]
100008da:	7a22      	ldrb	r2, [r4, #8]
100008dc:	021b      	lsls	r3, r3, #8
100008de:	430b      	orrs	r3, r1
100008e0:	7a61      	ldrb	r1, [r4, #9]
100008e2:	0412      	lsls	r2, r2, #16
100008e4:	4313      	orrs	r3, r2
100008e6:	0609      	lsls	r1, r1, #24
100008e8:	4319      	orrs	r1, r3
100008ea:	d123      	bne.n	10000934 <config_print+0x6c>
100008ec:	4a1a      	ldr	r2, [pc, #104]	; (10000958 <config_print+0x90>)
100008ee:	481b      	ldr	r0, [pc, #108]	; (1000095c <config_print+0x94>)
100008f0:	f005 fcd0 	bl	10006294 <__wrap_printf>
100008f4:	7aa3      	ldrb	r3, [r4, #10]
100008f6:	2b00      	cmp	r3, #0
100008f8:	d123      	bne.n	10000942 <config_print+0x7a>
100008fa:	4919      	ldr	r1, [pc, #100]	; (10000960 <config_print+0x98>)
100008fc:	4819      	ldr	r0, [pc, #100]	; (10000964 <config_print+0x9c>)
100008fe:	f005 fcc9 	bl	10006294 <__wrap_printf>
10000902:	7ae3      	ldrb	r3, [r4, #11]
10000904:	2b00      	cmp	r3, #0
10000906:	d123      	bne.n	10000950 <config_print+0x88>
10000908:	4917      	ldr	r1, [pc, #92]	; (10000968 <config_print+0xa0>)
1000090a:	4818      	ldr	r0, [pc, #96]	; (1000096c <config_print+0xa4>)
1000090c:	f005 fcc2 	bl	10006294 <__wrap_printf>
10000910:	233c      	movs	r3, #60	; 0x3c
10000912:	223e      	movs	r2, #62	; 0x3e
10000914:	5ce1      	ldrb	r1, [r4, r3]
10000916:	3301      	adds	r3, #1
10000918:	5ce3      	ldrb	r3, [r4, r3]
1000091a:	5ca2      	ldrb	r2, [r4, r2]
1000091c:	021b      	lsls	r3, r3, #8
1000091e:	430b      	orrs	r3, r1
10000920:	0412      	lsls	r2, r2, #16
10000922:	4313      	orrs	r3, r2
10000924:	223f      	movs	r2, #63	; 0x3f
10000926:	5ca1      	ldrb	r1, [r4, r2]
10000928:	4811      	ldr	r0, [pc, #68]	; (10000970 <config_print+0xa8>)
1000092a:	0609      	lsls	r1, r1, #24
1000092c:	4319      	orrs	r1, r3
1000092e:	f005 fcb1 	bl	10006294 <__wrap_printf>
10000932:	bd10      	pop	{r4, pc}
10000934:	4a0f      	ldr	r2, [pc, #60]	; (10000974 <config_print+0xac>)
10000936:	4809      	ldr	r0, [pc, #36]	; (1000095c <config_print+0x94>)
10000938:	f005 fcac 	bl	10006294 <__wrap_printf>
1000093c:	7aa3      	ldrb	r3, [r4, #10]
1000093e:	2b00      	cmp	r3, #0
10000940:	d0db      	beq.n	100008fa <config_print+0x32>
10000942:	490d      	ldr	r1, [pc, #52]	; (10000978 <config_print+0xb0>)
10000944:	4807      	ldr	r0, [pc, #28]	; (10000964 <config_print+0x9c>)
10000946:	f005 fca5 	bl	10006294 <__wrap_printf>
1000094a:	7ae3      	ldrb	r3, [r4, #11]
1000094c:	2b00      	cmp	r3, #0
1000094e:	d0db      	beq.n	10000908 <config_print+0x40>
10000950:	490a      	ldr	r1, [pc, #40]	; (1000097c <config_print+0xb4>)
10000952:	e7da      	b.n	1000090a <config_print+0x42>
10000954:	100098b8 	.word	0x100098b8
10000958:	100098a0 	.word	0x100098a0
1000095c:	100098cc 	.word	0x100098cc
10000960:	10009e9c 	.word	0x10009e9c
10000964:	100098e8 	.word	0x100098e8
10000968:	100098b4 	.word	0x100098b4
1000096c:	100098fc 	.word	0x100098fc
10000970:	10009910 	.word	0x10009910
10000974:	10009898 	.word	0x10009898
10000978:	10009e94 	.word	0x10009e94
1000097c:	100098b0 	.word	0x100098b0

10000980 <core1_entry>:
10000980:	b5f0      	push	{r4, r5, r6, r7, lr}
10000982:	46c6      	mov	lr, r8
10000984:	4b18      	ldr	r3, [pc, #96]	; (100009e8 <core1_entry+0x68>)
10000986:	b500      	push	{lr}
10000988:	4698      	mov	r8, r3
1000098a:	4f18      	ldr	r7, [pc, #96]	; (100009ec <core1_entry+0x6c>)
1000098c:	f002 fa90 	bl	10002eb0 <time_us_64>
10000990:	2900      	cmp	r1, #0
10000992:	d022      	beq.n	100009da <core1_entry+0x5a>
10000994:	22fa      	movs	r2, #250	; 0xfa
10000996:	2300      	movs	r3, #0
10000998:	0092      	lsls	r2, r2, #2
1000099a:	f003 f869 	bl	10003a70 <__wrap___aeabi_uldivmod>
1000099e:	0006      	movs	r6, r0
100009a0:	683a      	ldr	r2, [r7, #0]
100009a2:	4644      	mov	r4, r8
100009a4:	2500      	movs	r5, #0
100009a6:	2a00      	cmp	r2, #0
100009a8:	dd0f      	ble.n	100009ca <core1_entry+0x4a>
100009aa:	7c23      	ldrb	r3, [r4, #16]
100009ac:	2b00      	cmp	r3, #0
100009ae:	d008      	beq.n	100009c2 <core1_entry+0x42>
100009b0:	68e3      	ldr	r3, [r4, #12]
100009b2:	68a1      	ldr	r1, [r4, #8]
100009b4:	1af3      	subs	r3, r6, r3
100009b6:	428b      	cmp	r3, r1
100009b8:	d303      	bcc.n	100009c2 <core1_entry+0x42>
100009ba:	6863      	ldr	r3, [r4, #4]
100009bc:	4798      	blx	r3
100009be:	683a      	ldr	r2, [r7, #0]
100009c0:	60e6      	str	r6, [r4, #12]
100009c2:	3501      	adds	r5, #1
100009c4:	3414      	adds	r4, #20
100009c6:	4295      	cmp	r5, r2
100009c8:	dbef      	blt.n	100009aa <core1_entry+0x2a>
100009ca:	2064      	movs	r0, #100	; 0x64
100009cc:	2100      	movs	r1, #0
100009ce:	f002 f999 	bl	10002d04 <sleep_us>
100009d2:	f002 fa6d 	bl	10002eb0 <time_us_64>
100009d6:	2900      	cmp	r1, #0
100009d8:	d1dc      	bne.n	10000994 <core1_entry+0x14>
100009da:	21fa      	movs	r1, #250	; 0xfa
100009dc:	0089      	lsls	r1, r1, #2
100009de:	f003 f809 	bl	100039f4 <__wrap___aeabi_uidiv>
100009e2:	0006      	movs	r6, r0
100009e4:	e7dc      	b.n	100009a0 <core1_entry+0x20>
100009e6:	46c0      	nop			; (mov r8, r8)
100009e8:	20003fbc 	.word	0x20003fbc
100009ec:	20003fb8 	.word	0x20003fb8

100009f0 <sched_init>:
100009f0:	b510      	push	{r4, lr}
100009f2:	22a0      	movs	r2, #160	; 0xa0
100009f4:	2100      	movs	r1, #0
100009f6:	4805      	ldr	r0, [pc, #20]	; (10000a0c <sched_init+0x1c>)
100009f8:	f003 fef0 	bl	100047dc <__wrap_memset>
100009fc:	4804      	ldr	r0, [pc, #16]	; (10000a10 <sched_init+0x20>)
100009fe:	f008 f88f 	bl	10008b20 <multicore_launch_core1>
10000a02:	4804      	ldr	r0, [pc, #16]	; (10000a14 <sched_init+0x24>)
10000a04:	f005 fbbc 	bl	10006180 <__wrap_puts>
10000a08:	bd10      	pop	{r4, pc}
10000a0a:	46c0      	nop			; (mov r8, r8)
10000a0c:	20003fbc 	.word	0x20003fbc
10000a10:	10000981 	.word	0x10000981
10000a14:	10009928 	.word	0x10009928

10000a18 <sched_register>:
10000a18:	b5f0      	push	{r4, r5, r6, r7, lr}
10000a1a:	4e10      	ldr	r6, [pc, #64]	; (10000a5c <sched_register+0x44>)
10000a1c:	0007      	movs	r7, r0
10000a1e:	6830      	ldr	r0, [r6, #0]
10000a20:	2807      	cmp	r0, #7
10000a22:	dc17      	bgt.n	10000a54 <sched_register+0x3c>
10000a24:	2900      	cmp	r1, #0
10000a26:	d015      	beq.n	10000a54 <sched_register+0x3c>
10000a28:	0085      	lsls	r5, r0, #2
10000a2a:	4c0d      	ldr	r4, [pc, #52]	; (10000a60 <sched_register+0x48>)
10000a2c:	182b      	adds	r3, r5, r0
10000a2e:	009b      	lsls	r3, r3, #2
10000a30:	50e7      	str	r7, [r4, r3]
10000a32:	18e3      	adds	r3, r4, r3
10000a34:	6059      	str	r1, [r3, #4]
10000a36:	2a00      	cmp	r2, #0
10000a38:	d00a      	beq.n	10000a50 <sched_register+0x38>
10000a3a:	609a      	str	r2, [r3, #8]
10000a3c:	2300      	movs	r3, #0
10000a3e:	182d      	adds	r5, r5, r0
10000a40:	00ad      	lsls	r5, r5, #2
10000a42:	1964      	adds	r4, r4, r5
10000a44:	60e3      	str	r3, [r4, #12]
10000a46:	3301      	adds	r3, #1
10000a48:	7423      	strb	r3, [r4, #16]
10000a4a:	1c43      	adds	r3, r0, #1
10000a4c:	6033      	str	r3, [r6, #0]
10000a4e:	bdf0      	pop	{r4, r5, r6, r7, pc}
10000a50:	3201      	adds	r2, #1
10000a52:	e7f2      	b.n	10000a3a <sched_register+0x22>
10000a54:	2001      	movs	r0, #1
10000a56:	4240      	negs	r0, r0
10000a58:	e7f9      	b.n	10000a4e <sched_register+0x36>
10000a5a:	46c0      	nop			; (mov r8, r8)
10000a5c:	20003fb8 	.word	0x20003fb8
10000a60:	20003fbc 	.word	0x20003fbc

10000a64 <sched_enable>:
10000a64:	2800      	cmp	r0, #0
10000a66:	db09      	blt.n	10000a7c <sched_enable+0x18>
10000a68:	4b05      	ldr	r3, [pc, #20]	; (10000a80 <sched_enable+0x1c>)
10000a6a:	681b      	ldr	r3, [r3, #0]
10000a6c:	4283      	cmp	r3, r0
10000a6e:	dd05      	ble.n	10000a7c <sched_enable+0x18>
10000a70:	0083      	lsls	r3, r0, #2
10000a72:	1818      	adds	r0, r3, r0
10000a74:	4b03      	ldr	r3, [pc, #12]	; (10000a84 <sched_enable+0x20>)
10000a76:	0080      	lsls	r0, r0, #2
10000a78:	1818      	adds	r0, r3, r0
10000a7a:	7401      	strb	r1, [r0, #16]
10000a7c:	4770      	bx	lr
10000a7e:	46c0      	nop			; (mov r8, r8)
10000a80:	20003fb8 	.word	0x20003fb8
10000a84:	20003fbc 	.word	0x20003fbc

10000a88 <sched_list>:
10000a88:	b5f0      	push	{r4, r5, r6, r7, lr}
10000a8a:	46ce      	mov	lr, r9
10000a8c:	4647      	mov	r7, r8
10000a8e:	b580      	push	{r7, lr}
10000a90:	4814      	ldr	r0, [pc, #80]	; (10000ae4 <sched_list+0x5c>)
10000a92:	b083      	sub	sp, #12
10000a94:	f005 fb74 	bl	10006180 <__wrap_puts>
10000a98:	4e13      	ldr	r6, [pc, #76]	; (10000ae8 <sched_list+0x60>)
10000a9a:	6833      	ldr	r3, [r6, #0]
10000a9c:	2b00      	cmp	r3, #0
10000a9e:	dd1c      	ble.n	10000ada <sched_list+0x52>
10000aa0:	4b12      	ldr	r3, [pc, #72]	; (10000aec <sched_list+0x64>)
10000aa2:	2500      	movs	r5, #0
10000aa4:	4699      	mov	r9, r3
10000aa6:	4b12      	ldr	r3, [pc, #72]	; (10000af0 <sched_list+0x68>)
10000aa8:	4c12      	ldr	r4, [pc, #72]	; (10000af4 <sched_list+0x6c>)
10000aaa:	4698      	mov	r8, r3
10000aac:	4f12      	ldr	r7, [pc, #72]	; (10000af8 <sched_list+0x70>)
10000aae:	e00c      	b.n	10000aca <sched_list+0x42>
10000ab0:	6822      	ldr	r2, [r4, #0]
10000ab2:	68a3      	ldr	r3, [r4, #8]
10000ab4:	9200      	str	r2, [sp, #0]
10000ab6:	4642      	mov	r2, r8
10000ab8:	0029      	movs	r1, r5
10000aba:	0038      	movs	r0, r7
10000abc:	f005 fbea 	bl	10006294 <__wrap_printf>
10000ac0:	6833      	ldr	r3, [r6, #0]
10000ac2:	3501      	adds	r5, #1
10000ac4:	3414      	adds	r4, #20
10000ac6:	42ab      	cmp	r3, r5
10000ac8:	dd07      	ble.n	10000ada <sched_list+0x52>
10000aca:	7c23      	ldrb	r3, [r4, #16]
10000acc:	2b00      	cmp	r3, #0
10000ace:	d1ef      	bne.n	10000ab0 <sched_list+0x28>
10000ad0:	6822      	ldr	r2, [r4, #0]
10000ad2:	68a3      	ldr	r3, [r4, #8]
10000ad4:	9200      	str	r2, [sp, #0]
10000ad6:	464a      	mov	r2, r9
10000ad8:	e7ee      	b.n	10000ab8 <sched_list+0x30>
10000ada:	b003      	add	sp, #12
10000adc:	bcc0      	pop	{r6, r7}
10000ade:	46b9      	mov	r9, r7
10000ae0:	46b0      	mov	r8, r6
10000ae2:	bdf0      	pop	{r4, r5, r6, r7, pc}
10000ae4:	10009940 	.word	0x10009940
10000ae8:	20003fb8 	.word	0x20003fb8
10000aec:	100098b4 	.word	0x100098b4
10000af0:	100098b0 	.word	0x100098b0
10000af4:	20003fbc 	.word	0x20003fbc
10000af8:	1000995c 	.word	0x1000995c

10000afc <shell_init>:
10000afc:	b510      	push	{r4, lr}
10000afe:	f001 f947 	bl	10001d90 <commands_init>
10000b02:	2110      	movs	r1, #16
10000b04:	4804      	ldr	r0, [pc, #16]	; (10000b18 <shell_init+0x1c>)
10000b06:	f005 fbc5 	bl	10006294 <__wrap_printf>
10000b0a:	4804      	ldr	r0, [pc, #16]	; (10000b1c <shell_init+0x20>)
10000b0c:	f005 fb38 	bl	10006180 <__wrap_puts>
10000b10:	4803      	ldr	r0, [pc, #12]	; (10000b20 <shell_init+0x24>)
10000b12:	f005 fbbf 	bl	10006294 <__wrap_printf>
10000b16:	bd10      	pop	{r4, pc}
10000b18:	10009978 	.word	0x10009978
10000b1c:	100099a4 	.word	0x100099a4
10000b20:	100099cc 	.word	0x100099cc

10000b24 <shell_run>:
10000b24:	b5f0      	push	{r4, r5, r6, r7, lr}
10000b26:	46c6      	mov	lr, r8
10000b28:	b500      	push	{lr}
10000b2a:	2000      	movs	r0, #0
10000b2c:	b082      	sub	sp, #8
10000b2e:	f005 fa8f 	bl	10006050 <stdio_getchar_timeout_us>
10000b32:	1c83      	adds	r3, r0, #2
10000b34:	d029      	beq.n	10000b8a <shell_run+0x66>
10000b36:	4a91      	ldr	r2, [pc, #580]	; (10000d7c <shell_run+0x258>)
10000b38:	6813      	ldr	r3, [r2, #0]
10000b3a:	2b01      	cmp	r3, #1
10000b3c:	d100      	bne.n	10000b40 <shell_run+0x1c>
10000b3e:	e0ab      	b.n	10000c98 <shell_run+0x174>
10000b40:	2b02      	cmp	r3, #2
10000b42:	d100      	bne.n	10000b46 <shell_run+0x22>
10000b44:	e088      	b.n	10000c58 <shell_run+0x134>
10000b46:	2b00      	cmp	r3, #0
10000b48:	d100      	bne.n	10000b4c <shell_run+0x28>
10000b4a:	e09f      	b.n	10000c8c <shell_run+0x168>
10000b4c:	2300      	movs	r3, #0
10000b4e:	6013      	str	r3, [r2, #0]
10000b50:	280d      	cmp	r0, #13
10000b52:	d01e      	beq.n	10000b92 <shell_run+0x6e>
10000b54:	280a      	cmp	r0, #10
10000b56:	d01c      	beq.n	10000b92 <shell_run+0x6e>
10000b58:	287f      	cmp	r0, #127	; 0x7f
10000b5a:	d100      	bne.n	10000b5e <shell_run+0x3a>
10000b5c:	e0a2      	b.n	10000ca4 <shell_run+0x180>
10000b5e:	2808      	cmp	r0, #8
10000b60:	d100      	bne.n	10000b64 <shell_run+0x40>
10000b62:	e09f      	b.n	10000ca4 <shell_run+0x180>
10000b64:	2803      	cmp	r0, #3
10000b66:	d100      	bne.n	10000b6a <shell_run+0x46>
10000b68:	e0e5      	b.n	10000d36 <shell_run+0x212>
10000b6a:	2804      	cmp	r0, #4
10000b6c:	d100      	bne.n	10000b70 <shell_run+0x4c>
10000b6e:	e0f0      	b.n	10000d52 <shell_run+0x22e>
10000b70:	280c      	cmp	r0, #12
10000b72:	d100      	bne.n	10000b76 <shell_run+0x52>
10000b74:	e0d3      	b.n	10000d1e <shell_run+0x1fa>
10000b76:	4a82      	ldr	r2, [pc, #520]	; (10000d80 <shell_run+0x25c>)
10000b78:	6813      	ldr	r3, [r2, #0]
10000b7a:	2b7e      	cmp	r3, #126	; 0x7e
10000b7c:	dc05      	bgt.n	10000b8a <shell_run+0x66>
10000b7e:	1c59      	adds	r1, r3, #1
10000b80:	6011      	str	r1, [r2, #0]
10000b82:	4a80      	ldr	r2, [pc, #512]	; (10000d84 <shell_run+0x260>)
10000b84:	54d0      	strb	r0, [r2, r3]
10000b86:	f005 faaf 	bl	100060e8 <__wrap_putchar>
10000b8a:	b002      	add	sp, #8
10000b8c:	bc80      	pop	{r7}
10000b8e:	46b8      	mov	r8, r7
10000b90:	bdf0      	pop	{r4, r5, r6, r7, pc}
10000b92:	200a      	movs	r0, #10
10000b94:	f005 faa8 	bl	100060e8 <__wrap_putchar>
10000b98:	2300      	movs	r3, #0
10000b9a:	4e79      	ldr	r6, [pc, #484]	; (10000d80 <shell_run+0x25c>)
10000b9c:	4d79      	ldr	r5, [pc, #484]	; (10000d84 <shell_run+0x260>)
10000b9e:	6832      	ldr	r2, [r6, #0]
10000ba0:	0028      	movs	r0, r5
10000ba2:	54ab      	strb	r3, [r5, r2]
10000ba4:	f008 fac4 	bl	10009130 <strlen>
10000ba8:	2800      	cmp	r0, #0
10000baa:	d100      	bne.n	10000bae <shell_run+0x8a>
10000bac:	e088      	b.n	10000cc0 <shell_run+0x19c>
10000bae:	2208      	movs	r2, #8
10000bb0:	2700      	movs	r7, #0
10000bb2:	4c75      	ldr	r4, [pc, #468]	; (10000d88 <shell_run+0x264>)
10000bb4:	1e69      	subs	r1, r5, #1
10000bb6:	e004      	b.n	10000bc2 <shell_run+0x9e>
10000bb8:	3801      	subs	r0, #1
10000bba:	182b      	adds	r3, r5, r0
10000bbc:	701f      	strb	r7, [r3, #0]
10000bbe:	2800      	cmp	r0, #0
10000bc0:	d07e      	beq.n	10000cc0 <shell_run+0x19c>
10000bc2:	5c0b      	ldrb	r3, [r1, r0]
10000bc4:	5ce3      	ldrb	r3, [r4, r3]
10000bc6:	421a      	tst	r2, r3
10000bc8:	d1f6      	bne.n	10000bb8 <shell_run+0x94>
10000bca:	782b      	ldrb	r3, [r5, #0]
10000bcc:	2b00      	cmp	r3, #0
10000bce:	d038      	beq.n	10000c42 <shell_run+0x11e>
10000bd0:	0029      	movs	r1, r5
10000bd2:	2200      	movs	r2, #0
10000bd4:	2708      	movs	r7, #8
10000bd6:	4c6c      	ldr	r4, [pc, #432]	; (10000d88 <shell_run+0x264>)
10000bd8:	e004      	b.n	10000be4 <shell_run+0xc0>
10000bda:	784b      	ldrb	r3, [r1, #1]
10000bdc:	3101      	adds	r1, #1
10000bde:	3201      	adds	r2, #1
10000be0:	2b00      	cmp	r3, #0
10000be2:	d06f      	beq.n	10000cc4 <shell_run+0x1a0>
10000be4:	5ce3      	ldrb	r3, [r4, r3]
10000be6:	421f      	tst	r7, r3
10000be8:	d1f7      	bne.n	10000bda <shell_run+0xb6>
10000bea:	2a00      	cmp	r2, #0
10000bec:	d16a      	bne.n	10000cc4 <shell_run+0x1a0>
10000bee:	4b67      	ldr	r3, [pc, #412]	; (10000d8c <shell_run+0x268>)
10000bf0:	681c      	ldr	r4, [r3, #0]
10000bf2:	4698      	mov	r8, r3
10000bf4:	2c00      	cmp	r4, #0
10000bf6:	dc00      	bgt.n	10000bfa <shell_run+0xd6>
10000bf8:	e099      	b.n	10000d2e <shell_run+0x20a>
10000bfa:	200f      	movs	r0, #15
10000bfc:	1e63      	subs	r3, r4, #1
10000bfe:	4f64      	ldr	r7, [pc, #400]	; (10000d90 <shell_run+0x26c>)
10000c00:	4018      	ands	r0, r3
10000c02:	01c0      	lsls	r0, r0, #7
10000c04:	0029      	movs	r1, r5
10000c06:	1838      	adds	r0, r7, r0
10000c08:	f008 fa4e 	bl	100090a8 <strcmp>
10000c0c:	2800      	cmp	r0, #0
10000c0e:	d012      	beq.n	10000c36 <shell_run+0x112>
10000c10:	230f      	movs	r3, #15
10000c12:	17e2      	asrs	r2, r4, #31
10000c14:	0f12      	lsrs	r2, r2, #28
10000c16:	18a1      	adds	r1, r4, r2
10000c18:	400b      	ands	r3, r1
10000c1a:	1a9b      	subs	r3, r3, r2
10000c1c:	01db      	lsls	r3, r3, #7
10000c1e:	18ff      	adds	r7, r7, r3
10000c20:	0038      	movs	r0, r7
10000c22:	227f      	movs	r2, #127	; 0x7f
10000c24:	0029      	movs	r1, r5
10000c26:	f008 fae3 	bl	100091f0 <strncpy>
10000c2a:	2300      	movs	r3, #0
10000c2c:	377f      	adds	r7, #127	; 0x7f
10000c2e:	703b      	strb	r3, [r7, #0]
10000c30:	4643      	mov	r3, r8
10000c32:	3401      	adds	r4, #1
10000c34:	601c      	str	r4, [r3, #0]
10000c36:	2200      	movs	r2, #0
10000c38:	4b56      	ldr	r3, [pc, #344]	; (10000d94 <shell_run+0x270>)
10000c3a:	0028      	movs	r0, r5
10000c3c:	601a      	str	r2, [r3, #0]
10000c3e:	f001 f8af 	bl	10001da0 <commands_execute>
10000c42:	2300      	movs	r3, #0
10000c44:	2280      	movs	r2, #128	; 0x80
10000c46:	2100      	movs	r1, #0
10000c48:	0028      	movs	r0, r5
10000c4a:	6033      	str	r3, [r6, #0]
10000c4c:	f003 fdc6 	bl	100047dc <__wrap_memset>
10000c50:	4851      	ldr	r0, [pc, #324]	; (10000d98 <shell_run+0x274>)
10000c52:	f005 fb1f 	bl	10006294 <__wrap_printf>
10000c56:	e798      	b.n	10000b8a <shell_run+0x66>
10000c58:	2400      	movs	r4, #0
10000c5a:	6014      	str	r4, [r2, #0]
10000c5c:	2841      	cmp	r0, #65	; 0x41
10000c5e:	d03a      	beq.n	10000cd6 <shell_run+0x1b2>
10000c60:	2842      	cmp	r0, #66	; 0x42
10000c62:	d000      	beq.n	10000c66 <shell_run+0x142>
10000c64:	e791      	b.n	10000b8a <shell_run+0x66>
10000c66:	4b4b      	ldr	r3, [pc, #300]	; (10000d94 <shell_run+0x270>)
10000c68:	681a      	ldr	r2, [r3, #0]
10000c6a:	1e55      	subs	r5, r2, #1
10000c6c:	601d      	str	r5, [r3, #0]
10000c6e:	2d00      	cmp	r5, #0
10000c70:	dc00      	bgt.n	10000c74 <shell_run+0x150>
10000c72:	e080      	b.n	10000d76 <shell_run+0x252>
10000c74:	4b45      	ldr	r3, [pc, #276]	; (10000d8c <shell_run+0x268>)
10000c76:	4849      	ldr	r0, [pc, #292]	; (10000d9c <shell_run+0x278>)
10000c78:	681e      	ldr	r6, [r3, #0]
10000c7a:	42b5      	cmp	r5, r6
10000c7c:	dd36      	ble.n	10000cec <shell_run+0x1c8>
10000c7e:	f005 fb09 	bl	10006294 <__wrap_printf>
10000c82:	4b3f      	ldr	r3, [pc, #252]	; (10000d80 <shell_run+0x25c>)
10000c84:	601c      	str	r4, [r3, #0]
10000c86:	4b3f      	ldr	r3, [pc, #252]	; (10000d84 <shell_run+0x260>)
10000c88:	701c      	strb	r4, [r3, #0]
10000c8a:	e77e      	b.n	10000b8a <shell_run+0x66>
10000c8c:	281b      	cmp	r0, #27
10000c8e:	d000      	beq.n	10000c92 <shell_run+0x16e>
10000c90:	e75e      	b.n	10000b50 <shell_run+0x2c>
10000c92:	3301      	adds	r3, #1
10000c94:	6013      	str	r3, [r2, #0]
10000c96:	e778      	b.n	10000b8a <shell_run+0x66>
10000c98:	285b      	cmp	r0, #91	; 0x5b
10000c9a:	d000      	beq.n	10000c9e <shell_run+0x17a>
10000c9c:	e756      	b.n	10000b4c <shell_run+0x28>
10000c9e:	2302      	movs	r3, #2
10000ca0:	6013      	str	r3, [r2, #0]
10000ca2:	e772      	b.n	10000b8a <shell_run+0x66>
10000ca4:	4a36      	ldr	r2, [pc, #216]	; (10000d80 <shell_run+0x25c>)
10000ca6:	6813      	ldr	r3, [r2, #0]
10000ca8:	2b00      	cmp	r3, #0
10000caa:	dc00      	bgt.n	10000cae <shell_run+0x18a>
10000cac:	e76d      	b.n	10000b8a <shell_run+0x66>
10000cae:	2100      	movs	r1, #0
10000cb0:	3b01      	subs	r3, #1
10000cb2:	6013      	str	r3, [r2, #0]
10000cb4:	4a33      	ldr	r2, [pc, #204]	; (10000d84 <shell_run+0x260>)
10000cb6:	483a      	ldr	r0, [pc, #232]	; (10000da0 <shell_run+0x27c>)
10000cb8:	54d1      	strb	r1, [r2, r3]
10000cba:	f005 faeb 	bl	10006294 <__wrap_printf>
10000cbe:	e764      	b.n	10000b8a <shell_run+0x66>
10000cc0:	2000      	movs	r0, #0
10000cc2:	e782      	b.n	10000bca <shell_run+0xa6>
10000cc4:	1a82      	subs	r2, r0, r2
10000cc6:	3201      	adds	r2, #1
10000cc8:	0028      	movs	r0, r5
10000cca:	f008 f997 	bl	10008ffc <memmove>
10000cce:	782b      	ldrb	r3, [r5, #0]
10000cd0:	2b00      	cmp	r3, #0
10000cd2:	d0b6      	beq.n	10000c42 <shell_run+0x11e>
10000cd4:	e78b      	b.n	10000bee <shell_run+0xca>
10000cd6:	4b2f      	ldr	r3, [pc, #188]	; (10000d94 <shell_run+0x270>)
10000cd8:	681a      	ldr	r2, [r3, #0]
10000cda:	1c55      	adds	r5, r2, #1
10000cdc:	601d      	str	r5, [r3, #0]
10000cde:	2d00      	cmp	r5, #0
10000ce0:	dd27      	ble.n	10000d32 <shell_run+0x20e>
10000ce2:	492a      	ldr	r1, [pc, #168]	; (10000d8c <shell_run+0x268>)
10000ce4:	680e      	ldr	r6, [r1, #0]
10000ce6:	42b5      	cmp	r5, r6
10000ce8:	dc23      	bgt.n	10000d32 <shell_run+0x20e>
10000cea:	482c      	ldr	r0, [pc, #176]	; (10000d9c <shell_run+0x278>)
10000cec:	f005 fad2 	bl	10006294 <__wrap_printf>
10000cf0:	210f      	movs	r1, #15
10000cf2:	1b75      	subs	r5, r6, r5
10000cf4:	4b26      	ldr	r3, [pc, #152]	; (10000d90 <shell_run+0x26c>)
10000cf6:	4029      	ands	r1, r5
10000cf8:	4d22      	ldr	r5, [pc, #136]	; (10000d84 <shell_run+0x260>)
10000cfa:	01c9      	lsls	r1, r1, #7
10000cfc:	18c9      	adds	r1, r1, r3
10000cfe:	227f      	movs	r2, #127	; 0x7f
10000d00:	0028      	movs	r0, r5
10000d02:	f008 fa75 	bl	100091f0 <strncpy>
10000d06:	237f      	movs	r3, #127	; 0x7f
10000d08:	0028      	movs	r0, r5
10000d0a:	54ec      	strb	r4, [r5, r3]
10000d0c:	f008 fa10 	bl	10009130 <strlen>
10000d10:	4b1b      	ldr	r3, [pc, #108]	; (10000d80 <shell_run+0x25c>)
10000d12:	0029      	movs	r1, r5
10000d14:	6018      	str	r0, [r3, #0]
10000d16:	4823      	ldr	r0, [pc, #140]	; (10000da4 <shell_run+0x280>)
10000d18:	f005 fabc 	bl	10006294 <__wrap_printf>
10000d1c:	e735      	b.n	10000b8a <shell_run+0x66>
10000d1e:	4822      	ldr	r0, [pc, #136]	; (10000da8 <shell_run+0x284>)
10000d20:	f005 fab8 	bl	10006294 <__wrap_printf>
10000d24:	4917      	ldr	r1, [pc, #92]	; (10000d84 <shell_run+0x260>)
10000d26:	481f      	ldr	r0, [pc, #124]	; (10000da4 <shell_run+0x280>)
10000d28:	f005 fab4 	bl	10006294 <__wrap_printf>
10000d2c:	e72d      	b.n	10000b8a <shell_run+0x66>
10000d2e:	4f18      	ldr	r7, [pc, #96]	; (10000d90 <shell_run+0x26c>)
10000d30:	e76e      	b.n	10000c10 <shell_run+0xec>
10000d32:	601a      	str	r2, [r3, #0]
10000d34:	e729      	b.n	10000b8a <shell_run+0x66>
10000d36:	2400      	movs	r4, #0
10000d38:	481c      	ldr	r0, [pc, #112]	; (10000dac <shell_run+0x288>)
10000d3a:	f005 faab 	bl	10006294 <__wrap_printf>
10000d3e:	4b10      	ldr	r3, [pc, #64]	; (10000d80 <shell_run+0x25c>)
10000d40:	2280      	movs	r2, #128	; 0x80
10000d42:	2100      	movs	r1, #0
10000d44:	480f      	ldr	r0, [pc, #60]	; (10000d84 <shell_run+0x260>)
10000d46:	601c      	str	r4, [r3, #0]
10000d48:	f003 fd48 	bl	100047dc <__wrap_memset>
10000d4c:	4b11      	ldr	r3, [pc, #68]	; (10000d94 <shell_run+0x270>)
10000d4e:	601c      	str	r4, [r3, #0]
10000d50:	e71b      	b.n	10000b8a <shell_run+0x66>
10000d52:	4817      	ldr	r0, [pc, #92]	; (10000db0 <shell_run+0x28c>)
10000d54:	f005 fa9e 	bl	10006294 <__wrap_printf>
10000d58:	4669      	mov	r1, sp
10000d5a:	4b16      	ldr	r3, [pc, #88]	; (10000db4 <shell_run+0x290>)
10000d5c:	4668      	mov	r0, sp
10000d5e:	681a      	ldr	r2, [r3, #0]
10000d60:	9200      	str	r2, [sp, #0]
10000d62:	889a      	ldrh	r2, [r3, #4]
10000d64:	808a      	strh	r2, [r1, #4]
10000d66:	799b      	ldrb	r3, [r3, #6]
10000d68:	718b      	strb	r3, [r1, #6]
10000d6a:	f001 f819 	bl	10001da0 <commands_execute>
10000d6e:	480a      	ldr	r0, [pc, #40]	; (10000d98 <shell_run+0x274>)
10000d70:	f005 fa90 	bl	10006294 <__wrap_printf>
10000d74:	e709      	b.n	10000b8a <shell_run+0x66>
10000d76:	4809      	ldr	r0, [pc, #36]	; (10000d9c <shell_run+0x278>)
10000d78:	601c      	str	r4, [r3, #0]
10000d7a:	e780      	b.n	10000c7e <shell_run+0x15a>
10000d7c:	200021a8 	.word	0x200021a8
10000d80:	20002e78 	.word	0x20002e78
10000d84:	20002df8 	.word	0x20002df8
10000d88:	1000b0d1 	.word	0x1000b0d1
10000d8c:	200021f0 	.word	0x200021f0
10000d90:	200021f8 	.word	0x200021f8
10000d94:	200021f4 	.word	0x200021f4
10000d98:	100099cc 	.word	0x100099cc
10000d9c:	100099d0 	.word	0x100099d0
10000da0:	100099dc 	.word	0x100099dc
10000da4:	100099d8 	.word	0x100099d8
10000da8:	100099f4 	.word	0x100099f4
10000dac:	100099e0 	.word	0x100099e0
10000db0:	100099e8 	.word	0x100099e8
10000db4:	10009a00 	.word	0x10009a00

10000db8 <cmd_temp>:
10000db8:	2380      	movs	r3, #128	; 0x80
10000dba:	4a21      	ldr	r2, [pc, #132]	; (10000e40 <cmd_temp+0x88>)
10000dbc:	01db      	lsls	r3, r3, #7
10000dbe:	6811      	ldr	r1, [r2, #0]
10000dc0:	b5d0      	push	{r4, r6, r7, lr}
10000dc2:	404b      	eors	r3, r1
10000dc4:	21e0      	movs	r1, #224	; 0xe0
10000dc6:	01c9      	lsls	r1, r1, #7
10000dc8:	400b      	ands	r3, r1
10000dca:	491e      	ldr	r1, [pc, #120]	; (10000e44 <cmd_temp+0x8c>)
10000dcc:	b082      	sub	sp, #8
10000dce:	600b      	str	r3, [r1, #0]
10000dd0:	2104      	movs	r1, #4
10000dd2:	4b1d      	ldr	r3, [pc, #116]	; (10000e48 <cmd_temp+0x90>)
10000dd4:	6019      	str	r1, [r3, #0]
10000dd6:	31fc      	adds	r1, #252	; 0xfc
10000dd8:	6813      	ldr	r3, [r2, #0]
10000dda:	420b      	tst	r3, r1
10000ddc:	d0fc      	beq.n	10000dd8 <cmd_temp+0x20>
10000dde:	6850      	ldr	r0, [r2, #4]
10000de0:	0400      	lsls	r0, r0, #16
10000de2:	0c00      	lsrs	r0, r0, #16
10000de4:	f003 fc66 	bl	100046b4 <__wrap___aeabi_i2f>
10000de8:	4918      	ldr	r1, [pc, #96]	; (10000e4c <cmd_temp+0x94>)
10000dea:	f003 fc5c 	bl	100046a6 <__wrap___aeabi_fmul>
10000dee:	21e6      	movs	r1, #230	; 0xe6
10000df0:	0589      	lsls	r1, r1, #22
10000df2:	f003 fc58 	bl	100046a6 <__wrap___aeabi_fmul>
10000df6:	4916      	ldr	r1, [pc, #88]	; (10000e50 <cmd_temp+0x98>)
10000df8:	f003 fc3b 	bl	10004672 <__wrap___aeabi_fsub>
10000dfc:	4915      	ldr	r1, [pc, #84]	; (10000e54 <cmd_temp+0x9c>)
10000dfe:	f003 fc3e 	bl	1000467e <__wrap___aeabi_fdiv>
10000e02:	1c01      	adds	r1, r0, #0
10000e04:	4814      	ldr	r0, [pc, #80]	; (10000e58 <cmd_temp+0xa0>)
10000e06:	f003 fc34 	bl	10004672 <__wrap___aeabi_fsub>
10000e0a:	1c04      	adds	r4, r0, #0
10000e0c:	f003 fc74 	bl	100046f8 <__wrap___aeabi_f2d>
10000e10:	0006      	movs	r6, r0
10000e12:	000f      	movs	r7, r1
10000e14:	1c20      	adds	r0, r4, #0
10000e16:	4911      	ldr	r1, [pc, #68]	; (10000e5c <cmd_temp+0xa4>)
10000e18:	f003 fc45 	bl	100046a6 <__wrap___aeabi_fmul>
10000e1c:	4910      	ldr	r1, [pc, #64]	; (10000e60 <cmd_temp+0xa8>)
10000e1e:	f003 fc2e 	bl	1000467e <__wrap___aeabi_fdiv>
10000e22:	2184      	movs	r1, #132	; 0x84
10000e24:	05c9      	lsls	r1, r1, #23
10000e26:	f003 fc27 	bl	10004678 <__wrap___aeabi_fadd>
10000e2a:	f003 fc65 	bl	100046f8 <__wrap___aeabi_f2d>
10000e2e:	0032      	movs	r2, r6
10000e30:	9000      	str	r0, [sp, #0]
10000e32:	9101      	str	r1, [sp, #4]
10000e34:	003b      	movs	r3, r7
10000e36:	480b      	ldr	r0, [pc, #44]	; (10000e64 <cmd_temp+0xac>)
10000e38:	f005 fa2c 	bl	10006294 <__wrap_printf>
10000e3c:	b002      	add	sp, #8
10000e3e:	bdd0      	pop	{r4, r6, r7, pc}
10000e40:	4004c000 	.word	0x4004c000
10000e44:	4004d000 	.word	0x4004d000
10000e48:	4004e000 	.word	0x4004e000
10000e4c:	40533333 	.word	0x40533333
10000e50:	3f34bc6a 	.word	0x3f34bc6a
10000e54:	3ae1932d 	.word	0x3ae1932d
10000e58:	41d80000 	.word	0x41d80000
10000e5c:	41100000 	.word	0x41100000
10000e60:	40a00000 	.word	0x40a00000
10000e64:	10009a08 	.word	0x10009a08

10000e68 <cmd_clear>:
10000e68:	b510      	push	{r4, lr}
10000e6a:	4802      	ldr	r0, [pc, #8]	; (10000e74 <cmd_clear+0xc>)
10000e6c:	f005 fa12 	bl	10006294 <__wrap_printf>
10000e70:	bd10      	pop	{r4, pc}
10000e72:	46c0      	nop			; (mov r8, r8)
10000e74:	10009a28 	.word	0x10009a28

10000e78 <cmd_mem>:
10000e78:	4b07      	ldr	r3, [pc, #28]	; (10000e98 <cmd_mem+0x20>)
10000e7a:	4908      	ldr	r1, [pc, #32]	; (10000e9c <cmd_mem+0x24>)
10000e7c:	b510      	push	{r4, lr}
10000e7e:	1ac9      	subs	r1, r1, r3
10000e80:	0a8a      	lsrs	r2, r1, #10
10000e82:	4807      	ldr	r0, [pc, #28]	; (10000ea0 <cmd_mem+0x28>)
10000e84:	f005 fa06 	bl	10006294 <__wrap_printf>
10000e88:	4806      	ldr	r0, [pc, #24]	; (10000ea4 <cmd_mem+0x2c>)
10000e8a:	f005 f979 	bl	10006180 <__wrap_puts>
10000e8e:	4806      	ldr	r0, [pc, #24]	; (10000ea8 <cmd_mem+0x30>)
10000e90:	f005 f976 	bl	10006180 <__wrap_puts>
10000e94:	bd10      	pop	{r4, pc}
10000e96:	46c0      	nop			; (mov r8, r8)
10000e98:	20004078 	.word	0x20004078
10000e9c:	20040000 	.word	0x20040000
10000ea0:	10009a30 	.word	0x10009a30
10000ea4:	10009a58 	.word	0x10009a58
10000ea8:	10009a70 	.word	0x10009a70

10000eac <cmd_version>:
10000eac:	b510      	push	{r4, lr}
10000eae:	4804      	ldr	r0, [pc, #16]	; (10000ec0 <cmd_version+0x14>)
10000eb0:	f005 f966 	bl	10006180 <__wrap_puts>
10000eb4:	4a03      	ldr	r2, [pc, #12]	; (10000ec4 <cmd_version+0x18>)
10000eb6:	4904      	ldr	r1, [pc, #16]	; (10000ec8 <cmd_version+0x1c>)
10000eb8:	4804      	ldr	r0, [pc, #16]	; (10000ecc <cmd_version+0x20>)
10000eba:	f005 f9eb 	bl	10006294 <__wrap_printf>
10000ebe:	bd10      	pop	{r4, pc}
10000ec0:	10009a88 	.word	0x10009a88
10000ec4:	10009aac 	.word	0x10009aac
10000ec8:	10009760 	.word	0x10009760
10000ecc:	10009ab8 	.word	0x10009ab8

10000ed0 <cmd_dfu>:
10000ed0:	b510      	push	{r4, lr}
10000ed2:	4805      	ldr	r0, [pc, #20]	; (10000ee8 <cmd_dfu+0x18>)
10000ed4:	f005 f954 	bl	10006180 <__wrap_puts>
10000ed8:	20c8      	movs	r0, #200	; 0xc8
10000eda:	f001 ff25 	bl	10002d28 <sleep_ms>
10000ede:	2100      	movs	r1, #0
10000ee0:	2000      	movs	r0, #0
10000ee2:	f002 fbdb 	bl	1000369c <rom_reset_usb_boot>
10000ee6:	46c0      	nop			; (mov r8, r8)
10000ee8:	10009ac8 	.word	0x10009ac8

10000eec <cmd_config>:
10000eec:	b570      	push	{r4, r5, r6, lr}
10000eee:	0004      	movs	r4, r0
10000ef0:	000d      	movs	r5, r1
10000ef2:	2801      	cmp	r0, #1
10000ef4:	dd49      	ble.n	10000f8a <cmd_config+0x9e>
10000ef6:	684e      	ldr	r6, [r1, #4]
10000ef8:	4946      	ldr	r1, [pc, #280]	; (10001014 <cmd_config+0x128>)
10000efa:	0030      	movs	r0, r6
10000efc:	f008 f8d4 	bl	100090a8 <strcmp>
10000f00:	2800      	cmp	r0, #0
10000f02:	d042      	beq.n	10000f8a <cmd_config+0x9e>
10000f04:	0030      	movs	r0, r6
10000f06:	4944      	ldr	r1, [pc, #272]	; (10001018 <cmd_config+0x12c>)
10000f08:	f008 f8ce 	bl	100090a8 <strcmp>
10000f0c:	2800      	cmp	r0, #0
10000f0e:	d040      	beq.n	10000f92 <cmd_config+0xa6>
10000f10:	0030      	movs	r0, r6
10000f12:	4942      	ldr	r1, [pc, #264]	; (1000101c <cmd_config+0x130>)
10000f14:	f008 f8c8 	bl	100090a8 <strcmp>
10000f18:	2800      	cmp	r0, #0
10000f1a:	d03e      	beq.n	10000f9a <cmd_config+0xae>
10000f1c:	0030      	movs	r0, r6
10000f1e:	4940      	ldr	r1, [pc, #256]	; (10001020 <cmd_config+0x134>)
10000f20:	f008 f8c2 	bl	100090a8 <strcmp>
10000f24:	2800      	cmp	r0, #0
10000f26:	d120      	bne.n	10000f6a <cmd_config+0x7e>
10000f28:	2c03      	cmp	r4, #3
10000f2a:	dd1e      	ble.n	10000f6a <cmd_config+0x7e>
10000f2c:	68ac      	ldr	r4, [r5, #8]
10000f2e:	493d      	ldr	r1, [pc, #244]	; (10001024 <cmd_config+0x138>)
10000f30:	0020      	movs	r0, r4
10000f32:	f008 f8b9 	bl	100090a8 <strcmp>
10000f36:	2800      	cmp	r0, #0
10000f38:	d05a      	beq.n	10000ff0 <cmd_config+0x104>
10000f3a:	0020      	movs	r0, r4
10000f3c:	493a      	ldr	r1, [pc, #232]	; (10001028 <cmd_config+0x13c>)
10000f3e:	f008 f8b3 	bl	100090a8 <strcmp>
10000f42:	2800      	cmp	r0, #0
10000f44:	d034      	beq.n	10000fb0 <cmd_config+0xc4>
10000f46:	0020      	movs	r0, r4
10000f48:	4938      	ldr	r1, [pc, #224]	; (1000102c <cmd_config+0x140>)
10000f4a:	f008 f8ad 	bl	100090a8 <strcmp>
10000f4e:	2800      	cmp	r0, #0
10000f50:	d146      	bne.n	10000fe0 <cmd_config+0xf4>
10000f52:	68e8      	ldr	r0, [r5, #12]
10000f54:	f008 f846 	bl	10008fe4 <atoi>
10000f58:	1e43      	subs	r3, r0, #1
10000f5a:	4198      	sbcs	r0, r3
10000f5c:	4b34      	ldr	r3, [pc, #208]	; (10001030 <cmd_config+0x144>)
10000f5e:	b2c1      	uxtb	r1, r0
10000f60:	4834      	ldr	r0, [pc, #208]	; (10001034 <cmd_config+0x148>)
10000f62:	7299      	strb	r1, [r3, #10]
10000f64:	f005 f996 	bl	10006294 <__wrap_printf>
10000f68:	e00e      	b.n	10000f88 <cmd_config+0x9c>
10000f6a:	4833      	ldr	r0, [pc, #204]	; (10001038 <cmd_config+0x14c>)
10000f6c:	f005 f908 	bl	10006180 <__wrap_puts>
10000f70:	4832      	ldr	r0, [pc, #200]	; (1000103c <cmd_config+0x150>)
10000f72:	f005 f905 	bl	10006180 <__wrap_puts>
10000f76:	4832      	ldr	r0, [pc, #200]	; (10001040 <cmd_config+0x154>)
10000f78:	f005 f902 	bl	10006180 <__wrap_puts>
10000f7c:	4831      	ldr	r0, [pc, #196]	; (10001044 <cmd_config+0x158>)
10000f7e:	f005 f8ff 	bl	10006180 <__wrap_puts>
10000f82:	4831      	ldr	r0, [pc, #196]	; (10001048 <cmd_config+0x15c>)
10000f84:	f005 f8fc 	bl	10006180 <__wrap_puts>
10000f88:	bd70      	pop	{r4, r5, r6, pc}
10000f8a:	4829      	ldr	r0, [pc, #164]	; (10001030 <cmd_config+0x144>)
10000f8c:	f7ff fc9c 	bl	100008c8 <config_print>
10000f90:	e7fa      	b.n	10000f88 <cmd_config+0x9c>
10000f92:	4827      	ldr	r0, [pc, #156]	; (10001030 <cmd_config+0x144>)
10000f94:	f7ff fc20 	bl	100007d8 <config_save>
10000f98:	e7f6      	b.n	10000f88 <cmd_config+0x9c>
10000f9a:	4c25      	ldr	r4, [pc, #148]	; (10001030 <cmd_config+0x144>)
10000f9c:	0020      	movs	r0, r4
10000f9e:	f7ff faad 	bl	100004fc <config_defaults>
10000fa2:	0020      	movs	r0, r4
10000fa4:	f7ff fc18 	bl	100007d8 <config_save>
10000fa8:	4828      	ldr	r0, [pc, #160]	; (1000104c <cmd_config+0x160>)
10000faa:	f005 f8e9 	bl	10006180 <__wrap_puts>
10000fae:	e7eb      	b.n	10000f88 <cmd_config+0x9c>
10000fb0:	68e8      	ldr	r0, [r5, #12]
10000fb2:	f008 f817 	bl	10008fe4 <atoi>
10000fb6:	1e01      	subs	r1, r0, #0
10000fb8:	d029      	beq.n	1000100e <cmd_config+0x122>
10000fba:	0002      	movs	r2, r0
10000fbc:	3a30      	subs	r2, #48	; 0x30
10000fbe:	0003      	movs	r3, r0
10000fc0:	2a98      	cmp	r2, #152	; 0x98
10000fc2:	d820      	bhi.n	10001006 <cmd_config+0x11a>
10000fc4:	481a      	ldr	r0, [pc, #104]	; (10001030 <cmd_config+0x144>)
10000fc6:	1d82      	adds	r2, r0, #6
10000fc8:	7183      	strb	r3, [r0, #6]
10000fca:	0a18      	lsrs	r0, r3, #8
10000fcc:	7050      	strb	r0, [r2, #1]
10000fce:	0218      	lsls	r0, r3, #8
10000fd0:	0e00      	lsrs	r0, r0, #24
10000fd2:	7090      	strb	r0, [r2, #2]
10000fd4:	0e1b      	lsrs	r3, r3, #24
10000fd6:	481e      	ldr	r0, [pc, #120]	; (10001050 <cmd_config+0x164>)
10000fd8:	70d3      	strb	r3, [r2, #3]
10000fda:	f005 f95b 	bl	10006294 <__wrap_printf>
10000fde:	e7d3      	b.n	10000f88 <cmd_config+0x9c>
10000fe0:	0021      	movs	r1, r4
10000fe2:	481c      	ldr	r0, [pc, #112]	; (10001054 <cmd_config+0x168>)
10000fe4:	f005 f956 	bl	10006294 <__wrap_printf>
10000fe8:	481b      	ldr	r0, [pc, #108]	; (10001058 <cmd_config+0x16c>)
10000fea:	f005 f8c9 	bl	10006180 <__wrap_puts>
10000fee:	e7cb      	b.n	10000f88 <cmd_config+0x9c>
10000ff0:	4c1a      	ldr	r4, [pc, #104]	; (1000105c <cmd_config+0x170>)
10000ff2:	68e9      	ldr	r1, [r5, #12]
10000ff4:	220f      	movs	r2, #15
10000ff6:	0020      	movs	r0, r4
10000ff8:	f008 f8fa 	bl	100091f0 <strncpy>
10000ffc:	0021      	movs	r1, r4
10000ffe:	4818      	ldr	r0, [pc, #96]	; (10001060 <cmd_config+0x174>)
10001000:	f005 f948 	bl	10006294 <__wrap_printf>
10001004:	e7c0      	b.n	10000f88 <cmd_config+0x9c>
10001006:	4817      	ldr	r0, [pc, #92]	; (10001064 <cmd_config+0x178>)
10001008:	f005 f8ba 	bl	10006180 <__wrap_puts>
1000100c:	e7bc      	b.n	10000f88 <cmd_config+0x9c>
1000100e:	2300      	movs	r3, #0
10001010:	e7d8      	b.n	10000fc4 <cmd_config+0xd8>
10001012:	46c0      	nop			; (mov r8, r8)
10001014:	10009aec 	.word	0x10009aec
10001018:	10009af4 	.word	0x10009af4
1000101c:	10009afc 	.word	0x10009afc
10001020:	10009b28 	.word	0x10009b28
10001024:	10009b2c 	.word	0x10009b2c
10001028:	10009b68 	.word	0x10009b68
1000102c:	10009bd0 	.word	0x10009bd0
10001030:	200021b0 	.word	0x200021b0
10001034:	10009bdc 	.word	0x10009bdc
10001038:	10009c28 	.word	0x10009c28
1000103c:	10009c30 	.word	0x10009c30
10001040:	10009c40 	.word	0x10009c40
10001044:	10009c5c 	.word	0x10009c5c
10001048:	10009c6c 	.word	0x10009c6c
1000104c:	10009b04 	.word	0x10009b04
10001050:	10009b9c 	.word	0x10009b9c
10001054:	10009bec 	.word	0x10009bec
10001058:	10009c00 	.word	0x10009c00
1000105c:	200021bc 	.word	0x200021bc
10001060:	10009b38 	.word	0x10009b38
10001064:	10009b70 	.word	0x10009b70

10001068 <cmd_sleep>:
10001068:	b510      	push	{r4, lr}
1000106a:	2801      	cmp	r0, #1
1000106c:	dd13      	ble.n	10001096 <cmd_sleep+0x2e>
1000106e:	6848      	ldr	r0, [r1, #4]
10001070:	f007 ffb8 	bl	10008fe4 <atoi>
10001074:	4b0a      	ldr	r3, [pc, #40]	; (100010a0 <cmd_sleep+0x38>)
10001076:	1e42      	subs	r2, r0, #1
10001078:	0004      	movs	r4, r0
1000107a:	429a      	cmp	r2, r3
1000107c:	d807      	bhi.n	1000108e <cmd_sleep+0x26>
1000107e:	0001      	movs	r1, r0
10001080:	4808      	ldr	r0, [pc, #32]	; (100010a4 <cmd_sleep+0x3c>)
10001082:	f005 f907 	bl	10006294 <__wrap_printf>
10001086:	0020      	movs	r0, r4
10001088:	f001 fe4e 	bl	10002d28 <sleep_ms>
1000108c:	bd10      	pop	{r4, pc}
1000108e:	4806      	ldr	r0, [pc, #24]	; (100010a8 <cmd_sleep+0x40>)
10001090:	f005 f876 	bl	10006180 <__wrap_puts>
10001094:	e7fa      	b.n	1000108c <cmd_sleep+0x24>
10001096:	4805      	ldr	r0, [pc, #20]	; (100010ac <cmd_sleep+0x44>)
10001098:	f005 f872 	bl	10006180 <__wrap_puts>
1000109c:	e7f6      	b.n	1000108c <cmd_sleep+0x24>
1000109e:	46c0      	nop			; (mov r8, r8)
100010a0:	0000752f 	.word	0x0000752f
100010a4:	10009ca4 	.word	0x10009ca4
100010a8:	10009c90 	.word	0x10009c90
100010ac:	10009c7c 	.word	0x10009c7c

100010b0 <cmd_adc>:
100010b0:	b530      	push	{r4, r5, lr}
100010b2:	b083      	sub	sp, #12
100010b4:	2801      	cmp	r0, #1
100010b6:	dd2d      	ble.n	10001114 <cmd_adc+0x64>
100010b8:	6848      	ldr	r0, [r1, #4]
100010ba:	f007 ff93 	bl	10008fe4 <atoi>
100010be:	0005      	movs	r5, r0
100010c0:	2802      	cmp	r0, #2
100010c2:	d82b      	bhi.n	1000111c <cmd_adc+0x6c>
100010c4:	4a17      	ldr	r2, [pc, #92]	; (10001124 <cmd_adc+0x74>)
100010c6:	0303      	lsls	r3, r0, #12
100010c8:	6811      	ldr	r1, [r2, #0]
100010ca:	404b      	eors	r3, r1
100010cc:	21e0      	movs	r1, #224	; 0xe0
100010ce:	01c9      	lsls	r1, r1, #7
100010d0:	400b      	ands	r3, r1
100010d2:	4915      	ldr	r1, [pc, #84]	; (10001128 <cmd_adc+0x78>)
100010d4:	600b      	str	r3, [r1, #0]
100010d6:	2104      	movs	r1, #4
100010d8:	4b14      	ldr	r3, [pc, #80]	; (1000112c <cmd_adc+0x7c>)
100010da:	6019      	str	r1, [r3, #0]
100010dc:	31fc      	adds	r1, #252	; 0xfc
100010de:	6813      	ldr	r3, [r2, #0]
100010e0:	420b      	tst	r3, r1
100010e2:	d0fc      	beq.n	100010de <cmd_adc+0x2e>
100010e4:	6854      	ldr	r4, [r2, #4]
100010e6:	0424      	lsls	r4, r4, #16
100010e8:	0c24      	lsrs	r4, r4, #16
100010ea:	0020      	movs	r0, r4
100010ec:	f003 fae2 	bl	100046b4 <__wrap___aeabi_i2f>
100010f0:	490f      	ldr	r1, [pc, #60]	; (10001130 <cmd_adc+0x80>)
100010f2:	f003 fad8 	bl	100046a6 <__wrap___aeabi_fmul>
100010f6:	21e6      	movs	r1, #230	; 0xe6
100010f8:	0589      	lsls	r1, r1, #22
100010fa:	f003 fad4 	bl	100046a6 <__wrap___aeabi_fmul>
100010fe:	f003 fafb 	bl	100046f8 <__wrap___aeabi_f2d>
10001102:	0022      	movs	r2, r4
10001104:	9000      	str	r0, [sp, #0]
10001106:	9101      	str	r1, [sp, #4]
10001108:	0029      	movs	r1, r5
1000110a:	480a      	ldr	r0, [pc, #40]	; (10001134 <cmd_adc+0x84>)
1000110c:	f005 f8c2 	bl	10006294 <__wrap_printf>
10001110:	b003      	add	sp, #12
10001112:	bd30      	pop	{r4, r5, pc}
10001114:	4808      	ldr	r0, [pc, #32]	; (10001138 <cmd_adc+0x88>)
10001116:	f005 f833 	bl	10006180 <__wrap_puts>
1000111a:	e7f9      	b.n	10001110 <cmd_adc+0x60>
1000111c:	4807      	ldr	r0, [pc, #28]	; (1000113c <cmd_adc+0x8c>)
1000111e:	f005 f82f 	bl	10006180 <__wrap_puts>
10001122:	e7f5      	b.n	10001110 <cmd_adc+0x60>
10001124:	4004c000 	.word	0x4004c000
10001128:	4004d000 	.word	0x4004d000
1000112c:	4004e000 	.word	0x4004e000
10001130:	40533333 	.word	0x40533333
10001134:	10009d04 	.word	0x10009d04
10001138:	10009cb8 	.word	0x10009cb8
1000113c:	10009ce8 	.word	0x10009ce8

10001140 <cmd_drivers>:
10001140:	b510      	push	{r4, lr}
10001142:	f000 fef5 	bl	10001f30 <drivers_list>
10001146:	bd10      	pop	{r4, pc}

10001148 <cmd_echo>:
10001148:	b5f8      	push	{r3, r4, r5, r6, r7, lr}
1000114a:	4647      	mov	r7, r8
1000114c:	46ce      	mov	lr, r9
1000114e:	4680      	mov	r8, r0
10001150:	000e      	movs	r6, r1
10001152:	b580      	push	{r7, lr}
10001154:	2801      	cmp	r0, #1
10001156:	dd0d      	ble.n	10001174 <cmd_echo+0x2c>
10001158:	1e44      	subs	r4, r0, #1
1000115a:	2802      	cmp	r0, #2
1000115c:	d111      	bne.n	10001182 <cmd_echo+0x3a>
1000115e:	4f11      	ldr	r7, [pc, #68]	; (100011a4 <cmd_echo+0x5c>)
10001160:	4d11      	ldr	r5, [pc, #68]	; (100011a8 <cmd_echo+0x60>)
10001162:	00a3      	lsls	r3, r4, #2
10001164:	002a      	movs	r2, r5
10001166:	0038      	movs	r0, r7
10001168:	58f1      	ldr	r1, [r6, r3]
1000116a:	3401      	adds	r4, #1
1000116c:	f005 f892 	bl	10006294 <__wrap_printf>
10001170:	4544      	cmp	r4, r8
10001172:	dbf6      	blt.n	10001162 <cmd_echo+0x1a>
10001174:	200a      	movs	r0, #10
10001176:	f004 ffb7 	bl	100060e8 <__wrap_putchar>
1000117a:	bcc0      	pop	{r6, r7}
1000117c:	46b9      	mov	r9, r7
1000117e:	46b0      	mov	r8, r6
10001180:	bdf8      	pop	{r3, r4, r5, r6, r7, pc}
10001182:	4b0a      	ldr	r3, [pc, #40]	; (100011ac <cmd_echo+0x64>)
10001184:	2501      	movs	r5, #1
10001186:	4699      	mov	r9, r3
10001188:	4f06      	ldr	r7, [pc, #24]	; (100011a4 <cmd_echo+0x5c>)
1000118a:	00ab      	lsls	r3, r5, #2
1000118c:	464a      	mov	r2, r9
1000118e:	0038      	movs	r0, r7
10001190:	58f1      	ldr	r1, [r6, r3]
10001192:	3501      	adds	r5, #1
10001194:	f005 f87e 	bl	10006294 <__wrap_printf>
10001198:	42a5      	cmp	r5, r4
1000119a:	dbf6      	blt.n	1000118a <cmd_echo+0x42>
1000119c:	002c      	movs	r4, r5
1000119e:	45a8      	cmp	r8, r5
100011a0:	dcde      	bgt.n	10001160 <cmd_echo+0x18>
100011a2:	e7e7      	b.n	10001174 <cmd_echo+0x2c>
100011a4:	10009d24 	.word	0x10009d24
100011a8:	1000a00c 	.word	0x1000a00c
100011ac:	100099e4 	.word	0x100099e4

100011b0 <cmd_sysinfo>:
100011b0:	b5f8      	push	{r3, r4, r5, r6, r7, lr}
100011b2:	4c37      	ldr	r4, [pc, #220]	; (10001290 <cmd_sysinfo+0xe0>)
100011b4:	0020      	movs	r0, r4
100011b6:	f004 ffe3 	bl	10006180 <__wrap_puts>
100011ba:	4836      	ldr	r0, [pc, #216]	; (10001294 <cmd_sysinfo+0xe4>)
100011bc:	f004 ffe0 	bl	10006180 <__wrap_puts>
100011c0:	0020      	movs	r0, r4
100011c2:	f004 ffdd 	bl	10006180 <__wrap_puts>
100011c6:	4834      	ldr	r0, [pc, #208]	; (10001298 <cmd_sysinfo+0xe8>)
100011c8:	f004 ffda 	bl	10006180 <__wrap_puts>
100011cc:	4833      	ldr	r0, [pc, #204]	; (1000129c <cmd_sysinfo+0xec>)
100011ce:	f004 ffd7 	bl	10006180 <__wrap_puts>
100011d2:	4833      	ldr	r0, [pc, #204]	; (100012a0 <cmd_sysinfo+0xf0>)
100011d4:	f004 ffd4 	bl	10006180 <__wrap_puts>
100011d8:	4832      	ldr	r0, [pc, #200]	; (100012a4 <cmd_sysinfo+0xf4>)
100011da:	f004 ffd1 	bl	10006180 <__wrap_puts>
100011de:	4832      	ldr	r0, [pc, #200]	; (100012a8 <cmd_sysinfo+0xf8>)
100011e0:	f005 f858 	bl	10006294 <__wrap_printf>
100011e4:	f001 fe64 	bl	10002eb0 <time_us_64>
100011e8:	2300      	movs	r3, #0
100011ea:	4a30      	ldr	r2, [pc, #192]	; (100012ac <cmd_sysinfo+0xfc>)
100011ec:	f002 fc40 	bl	10003a70 <__wrap___aeabi_uldivmod>
100011f0:	0005      	movs	r5, r0
100011f2:	213c      	movs	r1, #60	; 0x3c
100011f4:	0028      	movs	r0, r5
100011f6:	f002 fbfd 	bl	100039f4 <__wrap___aeabi_uidiv>
100011fa:	000f      	movs	r7, r1
100011fc:	21e1      	movs	r1, #225	; 0xe1
100011fe:	0028      	movs	r0, r5
10001200:	0109      	lsls	r1, r1, #4
10001202:	f002 fbf7 	bl	100039f4 <__wrap___aeabi_uidiv>
10001206:	0008      	movs	r0, r1
10001208:	213c      	movs	r1, #60	; 0x3c
1000120a:	f002 fbf3 	bl	100039f4 <__wrap___aeabi_uidiv>
1000120e:	21e1      	movs	r1, #225	; 0xe1
10001210:	0006      	movs	r6, r0
10001212:	0109      	lsls	r1, r1, #4
10001214:	0028      	movs	r0, r5
10001216:	f002 fbed 	bl	100039f4 <__wrap___aeabi_uidiv>
1000121a:	003b      	movs	r3, r7
1000121c:	0001      	movs	r1, r0
1000121e:	0032      	movs	r2, r6
10001220:	4823      	ldr	r0, [pc, #140]	; (100012b0 <cmd_sysinfo+0x100>)
10001222:	f005 f837 	bl	10006294 <__wrap_printf>
10001226:	200a      	movs	r0, #10
10001228:	f004 ff5e 	bl	100060e8 <__wrap_putchar>
1000122c:	2380      	movs	r3, #128	; 0x80
1000122e:	4a21      	ldr	r2, [pc, #132]	; (100012b4 <cmd_sysinfo+0x104>)
10001230:	01db      	lsls	r3, r3, #7
10001232:	6811      	ldr	r1, [r2, #0]
10001234:	404b      	eors	r3, r1
10001236:	21e0      	movs	r1, #224	; 0xe0
10001238:	01c9      	lsls	r1, r1, #7
1000123a:	400b      	ands	r3, r1
1000123c:	491e      	ldr	r1, [pc, #120]	; (100012b8 <cmd_sysinfo+0x108>)
1000123e:	600b      	str	r3, [r1, #0]
10001240:	2104      	movs	r1, #4
10001242:	4b1e      	ldr	r3, [pc, #120]	; (100012bc <cmd_sysinfo+0x10c>)
10001244:	6019      	str	r1, [r3, #0]
10001246:	31fc      	adds	r1, #252	; 0xfc
10001248:	6813      	ldr	r3, [r2, #0]
1000124a:	420b      	tst	r3, r1
1000124c:	d0fc      	beq.n	10001248 <cmd_sysinfo+0x98>
1000124e:	6850      	ldr	r0, [r2, #4]
10001250:	0400      	lsls	r0, r0, #16
10001252:	0c00      	lsrs	r0, r0, #16
10001254:	f003 fa2e 	bl	100046b4 <__wrap___aeabi_i2f>
10001258:	4919      	ldr	r1, [pc, #100]	; (100012c0 <cmd_sysinfo+0x110>)
1000125a:	f003 fa24 	bl	100046a6 <__wrap___aeabi_fmul>
1000125e:	21e6      	movs	r1, #230	; 0xe6
10001260:	0589      	lsls	r1, r1, #22
10001262:	f003 fa20 	bl	100046a6 <__wrap___aeabi_fmul>
10001266:	4917      	ldr	r1, [pc, #92]	; (100012c4 <cmd_sysinfo+0x114>)
10001268:	f003 fa03 	bl	10004672 <__wrap___aeabi_fsub>
1000126c:	4916      	ldr	r1, [pc, #88]	; (100012c8 <cmd_sysinfo+0x118>)
1000126e:	f003 fa06 	bl	1000467e <__wrap___aeabi_fdiv>
10001272:	1c01      	adds	r1, r0, #0
10001274:	4815      	ldr	r0, [pc, #84]	; (100012cc <cmd_sysinfo+0x11c>)
10001276:	f003 f9fc 	bl	10004672 <__wrap___aeabi_fsub>
1000127a:	f003 fa3d 	bl	100046f8 <__wrap___aeabi_f2d>
1000127e:	0002      	movs	r2, r0
10001280:	000b      	movs	r3, r1
10001282:	4813      	ldr	r0, [pc, #76]	; (100012d0 <cmd_sysinfo+0x120>)
10001284:	f005 f806 	bl	10006294 <__wrap_printf>
10001288:	0020      	movs	r0, r4
1000128a:	f004 ff79 	bl	10006180 <__wrap_puts>
1000128e:	bdf8      	pop	{r3, r4, r5, r6, r7, pc}
10001290:	10009d2c 	.word	0x10009d2c
10001294:	10009d50 	.word	0x10009d50
10001298:	10009d78 	.word	0x10009d78
1000129c:	10009d94 	.word	0x10009d94
100012a0:	10009dc8 	.word	0x10009dc8
100012a4:	10009de0 	.word	0x10009de0
100012a8:	10009df0 	.word	0x10009df0
100012ac:	000f4240 	.word	0x000f4240
100012b0:	10009dfc 	.word	0x10009dfc
100012b4:	4004c000 	.word	0x4004c000
100012b8:	4004d000 	.word	0x4004d000
100012bc:	4004e000 	.word	0x4004e000
100012c0:	40533333 	.word	0x40533333
100012c4:	3f34bc6a 	.word	0x3f34bc6a
100012c8:	3ae1932d 	.word	0x3ae1932d
100012cc:	41d80000 	.word	0x41d80000
100012d0:	10009e10 	.word	0x10009e10

100012d4 <cmd_pin>:
100012d4:	b5f0      	push	{r4, r5, r6, r7, lr}
100012d6:	46c6      	mov	lr, r8
100012d8:	25d0      	movs	r5, #208	; 0xd0
100012da:	b500      	push	{lr}
100012dc:	4815      	ldr	r0, [pc, #84]	; (10001334 <cmd_pin+0x60>)
100012de:	f004 ff4f 	bl	10006180 <__wrap_puts>
100012e2:	4815      	ldr	r0, [pc, #84]	; (10001338 <cmd_pin+0x64>)
100012e4:	f004 ff4c 	bl	10006180 <__wrap_puts>
100012e8:	4b14      	ldr	r3, [pc, #80]	; (1000133c <cmd_pin+0x68>)
100012ea:	2400      	movs	r4, #0
100012ec:	4698      	mov	r8, r3
100012ee:	4e14      	ldr	r6, [pc, #80]	; (10001340 <cmd_pin+0x6c>)
100012f0:	4f14      	ldr	r7, [pc, #80]	; (10001344 <cmd_pin+0x70>)
100012f2:	062d      	lsls	r5, r5, #24
100012f4:	e007      	b.n	10001306 <cmd_pin+0x32>
100012f6:	0021      	movs	r1, r4
100012f8:	003a      	movs	r2, r7
100012fa:	0030      	movs	r0, r6
100012fc:	3401      	adds	r4, #1
100012fe:	f004 ffc9 	bl	10006294 <__wrap_printf>
10001302:	2c1d      	cmp	r4, #29
10001304:	d013      	beq.n	1000132e <cmd_pin+0x5a>
10001306:	0020      	movs	r0, r4
10001308:	f000 fe80 	bl	1000200c <gpio_init>
1000130c:	2201      	movs	r2, #1
1000130e:	40a2      	lsls	r2, r4
10001310:	6a29      	ldr	r1, [r5, #32]
10001312:	686b      	ldr	r3, [r5, #4]
10001314:	4013      	ands	r3, r2
10001316:	1e58      	subs	r0, r3, #1
10001318:	4183      	sbcs	r3, r0
1000131a:	420a      	tst	r2, r1
1000131c:	d1eb      	bne.n	100012f6 <cmd_pin+0x22>
1000131e:	0021      	movs	r1, r4
10001320:	4642      	mov	r2, r8
10001322:	0030      	movs	r0, r6
10001324:	3401      	adds	r4, #1
10001326:	f004 ffb5 	bl	10006294 <__wrap_printf>
1000132a:	2c1d      	cmp	r4, #29
1000132c:	d1eb      	bne.n	10001306 <cmd_pin+0x32>
1000132e:	bc80      	pop	{r7}
10001330:	46b8      	mov	r8, r7
10001332:	bdf0      	pop	{r4, r5, r6, r7, pc}
10001334:	10009e24 	.word	0x10009e24
10001338:	10009e3c 	.word	0x10009e3c
1000133c:	10009e64 	.word	0x10009e64
10001340:	10009e50 	.word	0x10009e50
10001344:	10009e4c 	.word	0x10009e4c

10001348 <cmd_led>:
10001348:	b5f0      	push	{r4, r5, r6, r7, lr}
1000134a:	46c6      	mov	lr, r8
1000134c:	0004      	movs	r4, r0
1000134e:	b500      	push	{lr}
10001350:	2019      	movs	r0, #25
10001352:	000f      	movs	r7, r1
10001354:	f000 fe5a 	bl	1000200c <gpio_init>
10001358:	23d0      	movs	r3, #208	; 0xd0
1000135a:	2280      	movs	r2, #128	; 0x80
1000135c:	061b      	lsls	r3, r3, #24
1000135e:	0492      	lsls	r2, r2, #18
10001360:	625a      	str	r2, [r3, #36]	; 0x24
10001362:	2c01      	cmp	r4, #1
10001364:	dd68      	ble.n	10001438 <cmd_led+0xf0>
10001366:	687d      	ldr	r5, [r7, #4]
10001368:	7829      	ldrb	r1, [r5, #0]
1000136a:	296f      	cmp	r1, #111	; 0x6f
1000136c:	d10f      	bne.n	1000138e <cmd_led+0x46>
1000136e:	7869      	ldrb	r1, [r5, #1]
10001370:	296e      	cmp	r1, #110	; 0x6e
10001372:	d10c      	bne.n	1000138e <cmd_led+0x46>
10001374:	78a9      	ldrb	r1, [r5, #2]
10001376:	2900      	cmp	r1, #0
10001378:	d109      	bne.n	1000138e <cmd_led+0x46>
1000137a:	2001      	movs	r0, #1
1000137c:	4936      	ldr	r1, [pc, #216]	; (10001458 <cmd_led+0x110>)
1000137e:	7008      	strb	r0, [r1, #0]
10001380:	4836      	ldr	r0, [pc, #216]	; (1000145c <cmd_led+0x114>)
10001382:	615a      	str	r2, [r3, #20]
10001384:	f004 fefc 	bl	10006180 <__wrap_puts>
10001388:	bc80      	pop	{r7}
1000138a:	46b8      	mov	r8, r7
1000138c:	bdf0      	pop	{r4, r5, r6, r7, pc}
1000138e:	4e34      	ldr	r6, [pc, #208]	; (10001460 <cmd_led+0x118>)
10001390:	0028      	movs	r0, r5
10001392:	0031      	movs	r1, r6
10001394:	f007 fe88 	bl	100090a8 <strcmp>
10001398:	2800      	cmp	r0, #0
1000139a:	d02b      	beq.n	100013f4 <cmd_led+0xac>
1000139c:	0028      	movs	r0, r5
1000139e:	4931      	ldr	r1, [pc, #196]	; (10001464 <cmd_led+0x11c>)
100013a0:	f007 fe82 	bl	100090a8 <strcmp>
100013a4:	2800      	cmp	r0, #0
100013a6:	d10f      	bne.n	100013c8 <cmd_led+0x80>
100013a8:	2101      	movs	r1, #1
100013aa:	4a2b      	ldr	r2, [pc, #172]	; (10001458 <cmd_led+0x110>)
100013ac:	7813      	ldrb	r3, [r2, #0]
100013ae:	404b      	eors	r3, r1
100013b0:	7013      	strb	r3, [r2, #0]
100013b2:	d045      	beq.n	10001440 <cmd_led+0xf8>
100013b4:	23d0      	movs	r3, #208	; 0xd0
100013b6:	2280      	movs	r2, #128	; 0x80
100013b8:	061b      	lsls	r3, r3, #24
100013ba:	0492      	lsls	r2, r2, #18
100013bc:	492a      	ldr	r1, [pc, #168]	; (10001468 <cmd_led+0x120>)
100013be:	615a      	str	r2, [r3, #20]
100013c0:	482a      	ldr	r0, [pc, #168]	; (1000146c <cmd_led+0x124>)
100013c2:	f004 ff67 	bl	10006294 <__wrap_printf>
100013c6:	e7df      	b.n	10001388 <cmd_led+0x40>
100013c8:	0028      	movs	r0, r5
100013ca:	4929      	ldr	r1, [pc, #164]	; (10001470 <cmd_led+0x128>)
100013cc:	f007 fe6c 	bl	100090a8 <strcmp>
100013d0:	1e06      	subs	r6, r0, #0
100013d2:	d13c      	bne.n	1000144e <cmd_led+0x106>
100013d4:	2305      	movs	r3, #5
100013d6:	4698      	mov	r8, r3
100013d8:	2c02      	cmp	r4, #2
100013da:	d016      	beq.n	1000140a <cmd_led+0xc2>
100013dc:	68b8      	ldr	r0, [r7, #8]
100013de:	f007 fe01 	bl	10008fe4 <atoi>
100013e2:	0003      	movs	r3, r0
100013e4:	3b01      	subs	r3, #1
100013e6:	4680      	mov	r8, r0
100013e8:	2b31      	cmp	r3, #49	; 0x31
100013ea:	d90e      	bls.n	1000140a <cmd_led+0xc2>
100013ec:	4821      	ldr	r0, [pc, #132]	; (10001474 <cmd_led+0x12c>)
100013ee:	f004 fec7 	bl	10006180 <__wrap_puts>
100013f2:	e7c9      	b.n	10001388 <cmd_led+0x40>
100013f4:	4b18      	ldr	r3, [pc, #96]	; (10001458 <cmd_led+0x110>)
100013f6:	2280      	movs	r2, #128	; 0x80
100013f8:	7018      	strb	r0, [r3, #0]
100013fa:	23d0      	movs	r3, #208	; 0xd0
100013fc:	0492      	lsls	r2, r2, #18
100013fe:	061b      	lsls	r3, r3, #24
10001400:	619a      	str	r2, [r3, #24]
10001402:	481d      	ldr	r0, [pc, #116]	; (10001478 <cmd_led+0x130>)
10001404:	f004 febc 	bl	10006180 <__wrap_puts>
10001408:	e7be      	b.n	10001388 <cmd_led+0x40>
1000140a:	4641      	mov	r1, r8
1000140c:	25d0      	movs	r5, #208	; 0xd0
1000140e:	2480      	movs	r4, #128	; 0x80
10001410:	481a      	ldr	r0, [pc, #104]	; (1000147c <cmd_led+0x134>)
10001412:	f004 ff3f 	bl	10006294 <__wrap_printf>
10001416:	062d      	lsls	r5, r5, #24
10001418:	04a4      	lsls	r4, r4, #18
1000141a:	2096      	movs	r0, #150	; 0x96
1000141c:	616c      	str	r4, [r5, #20]
1000141e:	f001 fc83 	bl	10002d28 <sleep_ms>
10001422:	3601      	adds	r6, #1
10001424:	2096      	movs	r0, #150	; 0x96
10001426:	61ac      	str	r4, [r5, #24]
10001428:	f001 fc7e 	bl	10002d28 <sleep_ms>
1000142c:	4546      	cmp	r6, r8
1000142e:	dbf4      	blt.n	1000141a <cmd_led+0xd2>
10001430:	4813      	ldr	r0, [pc, #76]	; (10001480 <cmd_led+0x138>)
10001432:	f004 fea5 	bl	10006180 <__wrap_puts>
10001436:	e7a7      	b.n	10001388 <cmd_led+0x40>
10001438:	4812      	ldr	r0, [pc, #72]	; (10001484 <cmd_led+0x13c>)
1000143a:	f004 fea1 	bl	10006180 <__wrap_puts>
1000143e:	e7a3      	b.n	10001388 <cmd_led+0x40>
10001440:	23d0      	movs	r3, #208	; 0xd0
10001442:	2280      	movs	r2, #128	; 0x80
10001444:	061b      	lsls	r3, r3, #24
10001446:	0492      	lsls	r2, r2, #18
10001448:	0031      	movs	r1, r6
1000144a:	619a      	str	r2, [r3, #24]
1000144c:	e7b8      	b.n	100013c0 <cmd_led+0x78>
1000144e:	0029      	movs	r1, r5
10001450:	480d      	ldr	r0, [pc, #52]	; (10001488 <cmd_led+0x140>)
10001452:	f004 ff1f 	bl	10006294 <__wrap_printf>
10001456:	e797      	b.n	10001388 <cmd_led+0x40>
10001458:	20004073 	.word	0x20004073
1000145c:	10009e90 	.word	0x10009e90
10001460:	10009e9c 	.word	0x10009e9c
10001464:	10009ea0 	.word	0x10009ea0
10001468:	10009e94 	.word	0x10009e94
1000146c:	10009ea8 	.word	0x10009ea8
10001470:	10009eb0 	.word	0x10009eb0
10001474:	10009eb8 	.word	0x10009eb8
10001478:	10009e98 	.word	0x10009e98
1000147c:	10009ed4 	.word	0x10009ed4
10001480:	10009eec 	.word	0x10009eec
10001484:	10009e68 	.word	0x10009e68
10001488:	10009ef4 	.word	0x10009ef4

1000148c <cmd_wdog>:
1000148c:	b510      	push	{r4, lr}
1000148e:	f002 f8c3 	bl	10003618 <watchdog_caused_reboot>
10001492:	2800      	cmp	r0, #0
10001494:	d109      	bne.n	100014aa <cmd_wdog+0x1e>
10001496:	4906      	ldr	r1, [pc, #24]	; (100014b0 <cmd_wdog+0x24>)
10001498:	4806      	ldr	r0, [pc, #24]	; (100014b4 <cmd_wdog+0x28>)
1000149a:	f004 fefb 	bl	10006294 <__wrap_printf>
1000149e:	4b06      	ldr	r3, [pc, #24]	; (100014b8 <cmd_wdog+0x2c>)
100014a0:	4806      	ldr	r0, [pc, #24]	; (100014bc <cmd_wdog+0x30>)
100014a2:	68d9      	ldr	r1, [r3, #12]
100014a4:	f004 fef6 	bl	10006294 <__wrap_printf>
100014a8:	bd10      	pop	{r4, pc}
100014aa:	4905      	ldr	r1, [pc, #20]	; (100014c0 <cmd_wdog+0x34>)
100014ac:	e7f4      	b.n	10001498 <cmd_wdog+0xc>
100014ae:	46c0      	nop			; (mov r8, r8)
100014b0:	100098b4 	.word	0x100098b4
100014b4:	10009f14 	.word	0x10009f14
100014b8:	40058000 	.word	0x40058000
100014bc:	10009f34 	.word	0x10009f34
100014c0:	10009f10 	.word	0x10009f10

100014c4 <cmd_uid>:
100014c4:	b570      	push	{r4, r5, r6, lr}
100014c6:	b082      	sub	sp, #8
100014c8:	466c      	mov	r4, sp
100014ca:	4668      	mov	r0, sp
100014cc:	f005 f9d2 	bl	10006874 <pico_get_unique_board_id>
100014d0:	4808      	ldr	r0, [pc, #32]	; (100014f4 <cmd_uid+0x30>)
100014d2:	f004 fedf 	bl	10006294 <__wrap_printf>
100014d6:	4d08      	ldr	r5, [pc, #32]	; (100014f8 <cmd_uid+0x34>)
100014d8:	ae02      	add	r6, sp, #8
100014da:	7821      	ldrb	r1, [r4, #0]
100014dc:	0028      	movs	r0, r5
100014de:	3401      	adds	r4, #1
100014e0:	f004 fed8 	bl	10006294 <__wrap_printf>
100014e4:	42b4      	cmp	r4, r6
100014e6:	d1f8      	bne.n	100014da <cmd_uid+0x16>
100014e8:	200a      	movs	r0, #10
100014ea:	f004 fdfd 	bl	100060e8 <__wrap_putchar>
100014ee:	b002      	add	sp, #8
100014f0:	bd70      	pop	{r4, r5, r6, pc}
100014f2:	46c0      	nop			; (mov r8, r8)
100014f4:	10009f58 	.word	0x10009f58
100014f8:	10009f64 	.word	0x10009f64

100014fc <cmd_reboot>:
100014fc:	b510      	push	{r4, lr}
100014fe:	4806      	ldr	r0, [pc, #24]	; (10001518 <cmd_reboot+0x1c>)
10001500:	f004 fe3e 	bl	10006180 <__wrap_puts>
10001504:	20fa      	movs	r0, #250	; 0xfa
10001506:	0080      	lsls	r0, r0, #2
10001508:	f001 fc0e 	bl	10002d28 <sleep_ms>
1000150c:	2101      	movs	r1, #1
1000150e:	2001      	movs	r0, #1
10001510:	f001 fff4 	bl	100034fc <watchdog_enable>
10001514:	e7fe      	b.n	10001514 <cmd_reboot+0x18>
10001516:	46c0      	nop			; (mov r8, r8)
10001518:	10009f6c 	.word	0x10009f6c

1000151c <cmd_tasks>:
1000151c:	b570      	push	{r4, r5, r6, lr}
1000151e:	000c      	movs	r4, r1
10001520:	2802      	cmp	r0, #2
10001522:	dd0c      	ble.n	1000153e <cmd_tasks+0x22>
10001524:	684d      	ldr	r5, [r1, #4]
10001526:	4915      	ldr	r1, [pc, #84]	; (1000157c <cmd_tasks+0x60>)
10001528:	0028      	movs	r0, r5
1000152a:	f007 fdbd 	bl	100090a8 <strcmp>
1000152e:	2800      	cmp	r0, #0
10001530:	d016      	beq.n	10001560 <cmd_tasks+0x44>
10001532:	0028      	movs	r0, r5
10001534:	4912      	ldr	r1, [pc, #72]	; (10001580 <cmd_tasks+0x64>)
10001536:	f007 fdb7 	bl	100090a8 <strcmp>
1000153a:	2800      	cmp	r0, #0
1000153c:	d002      	beq.n	10001544 <cmd_tasks+0x28>
1000153e:	f7ff faa3 	bl	10000a88 <sched_list>
10001542:	bd70      	pop	{r4, r5, r6, pc}
10001544:	68a0      	ldr	r0, [r4, #8]
10001546:	f007 fd4d 	bl	10008fe4 <atoi>
1000154a:	2100      	movs	r1, #0
1000154c:	f7ff fa8a 	bl	10000a64 <sched_enable>
10001550:	68a0      	ldr	r0, [r4, #8]
10001552:	f007 fd47 	bl	10008fe4 <atoi>
10001556:	0001      	movs	r1, r0
10001558:	480a      	ldr	r0, [pc, #40]	; (10001584 <cmd_tasks+0x68>)
1000155a:	f004 fe9b 	bl	10006294 <__wrap_printf>
1000155e:	e7f0      	b.n	10001542 <cmd_tasks+0x26>
10001560:	68a0      	ldr	r0, [r4, #8]
10001562:	f007 fd3f 	bl	10008fe4 <atoi>
10001566:	2101      	movs	r1, #1
10001568:	f7ff fa7c 	bl	10000a64 <sched_enable>
1000156c:	68a0      	ldr	r0, [r4, #8]
1000156e:	f007 fd39 	bl	10008fe4 <atoi>
10001572:	0001      	movs	r1, r0
10001574:	4804      	ldr	r0, [pc, #16]	; (10001588 <cmd_tasks+0x6c>)
10001576:	f004 fe8d 	bl	10006294 <__wrap_printf>
1000157a:	e7e2      	b.n	10001542 <cmd_tasks+0x26>
1000157c:	10009f80 	.word	0x10009f80
10001580:	10009f9c 	.word	0x10009f9c
10001584:	10009fa4 	.word	0x10009fa4
10001588:	10009f88 	.word	0x10009f88

1000158c <cmd_gpio>:
1000158c:	b5f8      	push	{r3, r4, r5, r6, r7, lr}
1000158e:	0005      	movs	r5, r0
10001590:	000c      	movs	r4, r1
10001592:	2802      	cmp	r0, #2
10001594:	dd2d      	ble.n	100015f2 <cmd_gpio+0x66>
10001596:	6888      	ldr	r0, [r1, #8]
10001598:	f007 fd24 	bl	10008fe4 <atoi>
1000159c:	0006      	movs	r6, r0
1000159e:	281c      	cmp	r0, #28
100015a0:	d900      	bls.n	100015a4 <cmd_gpio+0x18>
100015a2:	e070      	b.n	10001686 <cmd_gpio+0xfa>
100015a4:	6867      	ldr	r7, [r4, #4]
100015a6:	4944      	ldr	r1, [pc, #272]	; (100016b8 <cmd_gpio+0x12c>)
100015a8:	0038      	movs	r0, r7
100015aa:	f007 fd7d 	bl	100090a8 <strcmp>
100015ae:	2800      	cmp	r0, #0
100015b0:	d048      	beq.n	10001644 <cmd_gpio+0xb8>
100015b2:	0038      	movs	r0, r7
100015b4:	4941      	ldr	r1, [pc, #260]	; (100016bc <cmd_gpio+0x130>)
100015b6:	f007 fd77 	bl	100090a8 <strcmp>
100015ba:	2800      	cmp	r0, #0
100015bc:	d123      	bne.n	10001606 <cmd_gpio+0x7a>
100015be:	2d03      	cmp	r5, #3
100015c0:	d100      	bne.n	100015c4 <cmd_gpio+0x38>
100015c2:	e071      	b.n	100016a8 <cmd_gpio+0x11c>
100015c4:	68e0      	ldr	r0, [r4, #12]
100015c6:	f007 fd0d 	bl	10008fe4 <atoi>
100015ca:	0004      	movs	r4, r0
100015cc:	0030      	movs	r0, r6
100015ce:	f000 fd1d 	bl	1000200c <gpio_init>
100015d2:	2301      	movs	r3, #1
100015d4:	22d0      	movs	r2, #208	; 0xd0
100015d6:	40b3      	lsls	r3, r6
100015d8:	0612      	lsls	r2, r2, #24
100015da:	6253      	str	r3, [r2, #36]	; 0x24
100015dc:	2c00      	cmp	r4, #0
100015de:	d057      	beq.n	10001690 <cmd_gpio+0x104>
100015e0:	6153      	str	r3, [r2, #20]
100015e2:	0022      	movs	r2, r4
100015e4:	0031      	movs	r1, r6
100015e6:	1e53      	subs	r3, r2, #1
100015e8:	419a      	sbcs	r2, r3
100015ea:	4835      	ldr	r0, [pc, #212]	; (100016c0 <cmd_gpio+0x134>)
100015ec:	f004 fe52 	bl	10006294 <__wrap_printf>
100015f0:	e008      	b.n	10001604 <cmd_gpio+0x78>
100015f2:	4834      	ldr	r0, [pc, #208]	; (100016c4 <cmd_gpio+0x138>)
100015f4:	f004 fdc4 	bl	10006180 <__wrap_puts>
100015f8:	4833      	ldr	r0, [pc, #204]	; (100016c8 <cmd_gpio+0x13c>)
100015fa:	f004 fdc1 	bl	10006180 <__wrap_puts>
100015fe:	4833      	ldr	r0, [pc, #204]	; (100016cc <cmd_gpio+0x140>)
10001600:	f004 fdbe 	bl	10006180 <__wrap_puts>
10001604:	bdf8      	pop	{r3, r4, r5, r6, r7, pc}
10001606:	0038      	movs	r0, r7
10001608:	4931      	ldr	r1, [pc, #196]	; (100016d0 <cmd_gpio+0x144>)
1000160a:	f007 fd4d 	bl	100090a8 <strcmp>
1000160e:	2800      	cmp	r0, #0
10001610:	d140      	bne.n	10001694 <cmd_gpio+0x108>
10001612:	2d03      	cmp	r5, #3
10001614:	d04c      	beq.n	100016b0 <cmd_gpio+0x124>
10001616:	0030      	movs	r0, r6
10001618:	f000 fcf8 	bl	1000200c <gpio_init>
1000161c:	68e4      	ldr	r4, [r4, #12]
1000161e:	7823      	ldrb	r3, [r4, #0]
10001620:	2b69      	cmp	r3, #105	; 0x69
10001622:	d120      	bne.n	10001666 <cmd_gpio+0xda>
10001624:	7863      	ldrb	r3, [r4, #1]
10001626:	2b6e      	cmp	r3, #110	; 0x6e
10001628:	d11d      	bne.n	10001666 <cmd_gpio+0xda>
1000162a:	78a3      	ldrb	r3, [r4, #2]
1000162c:	2b00      	cmp	r3, #0
1000162e:	d11a      	bne.n	10001666 <cmd_gpio+0xda>
10001630:	22d0      	movs	r2, #208	; 0xd0
10001632:	3301      	adds	r3, #1
10001634:	40b3      	lsls	r3, r6
10001636:	0612      	lsls	r2, r2, #24
10001638:	0031      	movs	r1, r6
1000163a:	6293      	str	r3, [r2, #40]	; 0x28
1000163c:	4825      	ldr	r0, [pc, #148]	; (100016d4 <cmd_gpio+0x148>)
1000163e:	f004 fe29 	bl	10006294 <__wrap_printf>
10001642:	e7df      	b.n	10001604 <cmd_gpio+0x78>
10001644:	0030      	movs	r0, r6
10001646:	f000 fce1 	bl	1000200c <gpio_init>
1000164a:	2301      	movs	r3, #1
1000164c:	22d0      	movs	r2, #208	; 0xd0
1000164e:	40b3      	lsls	r3, r6
10001650:	0612      	lsls	r2, r2, #24
10001652:	6293      	str	r3, [r2, #40]	; 0x28
10001654:	6852      	ldr	r2, [r2, #4]
10001656:	0031      	movs	r1, r6
10001658:	401a      	ands	r2, r3
1000165a:	1e53      	subs	r3, r2, #1
1000165c:	419a      	sbcs	r2, r3
1000165e:	481e      	ldr	r0, [pc, #120]	; (100016d8 <cmd_gpio+0x14c>)
10001660:	f004 fe18 	bl	10006294 <__wrap_printf>
10001664:	e7ce      	b.n	10001604 <cmd_gpio+0x78>
10001666:	0020      	movs	r0, r4
10001668:	491c      	ldr	r1, [pc, #112]	; (100016dc <cmd_gpio+0x150>)
1000166a:	f007 fd1d 	bl	100090a8 <strcmp>
1000166e:	2800      	cmp	r0, #0
10001670:	d115      	bne.n	1000169e <cmd_gpio+0x112>
10001672:	2301      	movs	r3, #1
10001674:	22d0      	movs	r2, #208	; 0xd0
10001676:	40b3      	lsls	r3, r6
10001678:	0612      	lsls	r2, r2, #24
1000167a:	0031      	movs	r1, r6
1000167c:	6253      	str	r3, [r2, #36]	; 0x24
1000167e:	4818      	ldr	r0, [pc, #96]	; (100016e0 <cmd_gpio+0x154>)
10001680:	f004 fe08 	bl	10006294 <__wrap_printf>
10001684:	e7be      	b.n	10001604 <cmd_gpio+0x78>
10001686:	0001      	movs	r1, r0
10001688:	4816      	ldr	r0, [pc, #88]	; (100016e4 <cmd_gpio+0x158>)
1000168a:	f004 fe03 	bl	10006294 <__wrap_printf>
1000168e:	e7b9      	b.n	10001604 <cmd_gpio+0x78>
10001690:	6193      	str	r3, [r2, #24]
10001692:	e7a6      	b.n	100015e2 <cmd_gpio+0x56>
10001694:	0039      	movs	r1, r7
10001696:	4814      	ldr	r0, [pc, #80]	; (100016e8 <cmd_gpio+0x15c>)
10001698:	f004 fdfc 	bl	10006294 <__wrap_printf>
1000169c:	e7b2      	b.n	10001604 <cmd_gpio+0x78>
1000169e:	0021      	movs	r1, r4
100016a0:	4812      	ldr	r0, [pc, #72]	; (100016ec <cmd_gpio+0x160>)
100016a2:	f004 fdf7 	bl	10006294 <__wrap_printf>
100016a6:	e7ad      	b.n	10001604 <cmd_gpio+0x78>
100016a8:	4811      	ldr	r0, [pc, #68]	; (100016f0 <cmd_gpio+0x164>)
100016aa:	f004 fd69 	bl	10006180 <__wrap_puts>
100016ae:	e7a9      	b.n	10001604 <cmd_gpio+0x78>
100016b0:	4810      	ldr	r0, [pc, #64]	; (100016f4 <cmd_gpio+0x168>)
100016b2:	f004 fd65 	bl	10006180 <__wrap_puts>
100016b6:	e7a5      	b.n	10001604 <cmd_gpio+0x78>
100016b8:	1000a010 	.word	0x1000a010
100016bc:	1000a028 	.word	0x1000a028
100016c0:	1000a050 	.word	0x1000a050
100016c4:	10009c28 	.word	0x10009c28
100016c8:	10009fb8 	.word	0x10009fb8
100016cc:	10009fcc 	.word	0x10009fcc
100016d0:	1000a060 	.word	0x1000a060
100016d4:	1000a088 	.word	0x1000a088
100016d8:	1000a018 	.word	0x1000a018
100016dc:	1000a0a0 	.word	0x1000a0a0
100016e0:	1000a0a4 	.word	0x1000a0a4
100016e4:	10009fe8 	.word	0x10009fe8
100016e8:	1000a0e4 	.word	0x1000a0e4
100016ec:	1000a0bc 	.word	0x1000a0bc
100016f0:	1000a030 	.word	0x1000a030
100016f4:	1000a068 	.word	0x1000a068

100016f8 <cmd_pull>:
100016f8:	b570      	push	{r4, r5, r6, lr}
100016fa:	000c      	movs	r4, r1
100016fc:	2802      	cmp	r0, #2
100016fe:	dd35      	ble.n	1000176c <cmd_pull+0x74>
10001700:	6848      	ldr	r0, [r1, #4]
10001702:	f007 fc6f 	bl	10008fe4 <atoi>
10001706:	0005      	movs	r5, r0
10001708:	281c      	cmp	r0, #28
1000170a:	d815      	bhi.n	10001738 <cmd_pull+0x40>
1000170c:	f000 fc7e 	bl	1000200c <gpio_init>
10001710:	68a4      	ldr	r4, [r4, #8]
10001712:	7823      	ldrb	r3, [r4, #0]
10001714:	2b75      	cmp	r3, #117	; 0x75
10001716:	d113      	bne.n	10001740 <cmd_pull+0x48>
10001718:	7863      	ldrb	r3, [r4, #1]
1000171a:	2b70      	cmp	r3, #112	; 0x70
1000171c:	d110      	bne.n	10001740 <cmd_pull+0x48>
1000171e:	78a3      	ldrb	r3, [r4, #2]
10001720:	2b00      	cmp	r3, #0
10001722:	d10d      	bne.n	10001740 <cmd_pull+0x48>
10001724:	0028      	movs	r0, r5
10001726:	2200      	movs	r2, #0
10001728:	2101      	movs	r1, #1
1000172a:	f000 fc55 	bl	10001fd8 <gpio_set_pulls>
1000172e:	0029      	movs	r1, r5
10001730:	4818      	ldr	r0, [pc, #96]	; (10001794 <cmd_pull+0x9c>)
10001732:	f004 fdaf 	bl	10006294 <__wrap_printf>
10001736:	e002      	b.n	1000173e <cmd_pull+0x46>
10001738:	4817      	ldr	r0, [pc, #92]	; (10001798 <cmd_pull+0xa0>)
1000173a:	f004 fd21 	bl	10006180 <__wrap_puts>
1000173e:	bd70      	pop	{r4, r5, r6, pc}
10001740:	0020      	movs	r0, r4
10001742:	4916      	ldr	r1, [pc, #88]	; (1000179c <cmd_pull+0xa4>)
10001744:	f007 fcb0 	bl	100090a8 <strcmp>
10001748:	2800      	cmp	r0, #0
1000174a:	d013      	beq.n	10001774 <cmd_pull+0x7c>
1000174c:	0020      	movs	r0, r4
1000174e:	4914      	ldr	r1, [pc, #80]	; (100017a0 <cmd_pull+0xa8>)
10001750:	f007 fcaa 	bl	100090a8 <strcmp>
10001754:	2800      	cmp	r0, #0
10001756:	d117      	bne.n	10001788 <cmd_pull+0x90>
10001758:	0028      	movs	r0, r5
1000175a:	2200      	movs	r2, #0
1000175c:	2100      	movs	r1, #0
1000175e:	f000 fc3b 	bl	10001fd8 <gpio_set_pulls>
10001762:	0029      	movs	r1, r5
10001764:	480f      	ldr	r0, [pc, #60]	; (100017a4 <cmd_pull+0xac>)
10001766:	f004 fd95 	bl	10006294 <__wrap_printf>
1000176a:	e7e8      	b.n	1000173e <cmd_pull+0x46>
1000176c:	480e      	ldr	r0, [pc, #56]	; (100017a8 <cmd_pull+0xb0>)
1000176e:	f004 fd07 	bl	10006180 <__wrap_puts>
10001772:	e7e4      	b.n	1000173e <cmd_pull+0x46>
10001774:	0028      	movs	r0, r5
10001776:	2201      	movs	r2, #1
10001778:	2100      	movs	r1, #0
1000177a:	f000 fc2d 	bl	10001fd8 <gpio_set_pulls>
1000177e:	0029      	movs	r1, r5
10001780:	480a      	ldr	r0, [pc, #40]	; (100017ac <cmd_pull+0xb4>)
10001782:	f004 fd87 	bl	10006294 <__wrap_printf>
10001786:	e7da      	b.n	1000173e <cmd_pull+0x46>
10001788:	0021      	movs	r1, r4
1000178a:	4809      	ldr	r0, [pc, #36]	; (100017b0 <cmd_pull+0xb8>)
1000178c:	f004 fd82 	bl	10006294 <__wrap_printf>
10001790:	e7d5      	b.n	1000173e <cmd_pull+0x46>
10001792:	46c0      	nop			; (mov r8, r8)
10001794:	1000a134 	.word	0x1000a134
10001798:	1000a128 	.word	0x1000a128
1000179c:	1000a14c 	.word	0x1000a14c
100017a0:	1000a170 	.word	0x1000a170
100017a4:	1000a178 	.word	0x1000a178
100017a8:	1000a104 	.word	0x1000a104
100017ac:	1000a154 	.word	0x1000a154
100017b0:	1000a190 	.word	0x1000a190

100017b4 <cmd_pwm>:
100017b4:	b570      	push	{r4, r5, r6, lr}
100017b6:	000c      	movs	r4, r1
100017b8:	2802      	cmp	r0, #2
100017ba:	dd38      	ble.n	1000182e <cmd_pwm+0x7a>
100017bc:	6848      	ldr	r0, [r1, #4]
100017be:	f007 fc11 	bl	10008fe4 <atoi>
100017c2:	0005      	movs	r5, r0
100017c4:	68a0      	ldr	r0, [r4, #8]
100017c6:	f007 fc0d 	bl	10008fe4 <atoi>
100017ca:	0004      	movs	r4, r0
100017cc:	2d1c      	cmp	r5, #28
100017ce:	d839      	bhi.n	10001844 <cmd_pwm+0x90>
100017d0:	2864      	cmp	r0, #100	; 0x64
100017d2:	d830      	bhi.n	10001836 <cmd_pwm+0x82>
100017d4:	2104      	movs	r1, #4
100017d6:	0028      	movs	r0, r5
100017d8:	f000 fbe4 	bl	10001fa4 <gpio_set_function>
100017dc:	072a      	lsls	r2, r5, #28
100017de:	0f52      	lsrs	r2, r2, #29
100017e0:	0093      	lsls	r3, r2, #2
100017e2:	189b      	adds	r3, r3, r2
100017e4:	4a1a      	ldr	r2, [pc, #104]	; (10001850 <cmd_pwm+0x9c>)
100017e6:	491b      	ldr	r1, [pc, #108]	; (10001854 <cmd_pwm+0xa0>)
100017e8:	009b      	lsls	r3, r3, #2
100017ea:	189a      	adds	r2, r3, r2
100017ec:	6111      	str	r1, [r2, #16]
100017ee:	4a1a      	ldr	r2, [pc, #104]	; (10001858 <cmd_pwm+0xa4>)
100017f0:	1899      	adds	r1, r3, r2
100017f2:	00a2      	lsls	r2, r4, #2
100017f4:	18a2      	adds	r2, r4, r2
100017f6:	0052      	lsls	r2, r2, #1
100017f8:	b292      	uxth	r2, r2
100017fa:	07e8      	lsls	r0, r5, #31
100017fc:	d41f      	bmi.n	1000183e <cmd_pwm+0x8a>
100017fe:	4e17      	ldr	r6, [pc, #92]	; (1000185c <cmd_pwm+0xa8>)
10001800:	6808      	ldr	r0, [r1, #0]
10001802:	4042      	eors	r2, r0
10001804:	2080      	movs	r0, #128	; 0x80
10001806:	0140      	lsls	r0, r0, #5
10001808:	4684      	mov	ip, r0
1000180a:	4032      	ands	r2, r6
1000180c:	4461      	add	r1, ip
1000180e:	600a      	str	r2, [r1, #0]
10001810:	4a0f      	ldr	r2, [pc, #60]	; (10001850 <cmd_pwm+0x9c>)
10001812:	4813      	ldr	r0, [pc, #76]	; (10001860 <cmd_pwm+0xac>)
10001814:	189a      	adds	r2, r3, r2
10001816:	6811      	ldr	r1, [r2, #0]
10001818:	2201      	movs	r2, #1
1000181a:	438a      	bics	r2, r1
1000181c:	4911      	ldr	r1, [pc, #68]	; (10001864 <cmd_pwm+0xb0>)
1000181e:	468c      	mov	ip, r1
10001820:	4463      	add	r3, ip
10001822:	601a      	str	r2, [r3, #0]
10001824:	0029      	movs	r1, r5
10001826:	0022      	movs	r2, r4
10001828:	f004 fd34 	bl	10006294 <__wrap_printf>
1000182c:	e002      	b.n	10001834 <cmd_pwm+0x80>
1000182e:	480e      	ldr	r0, [pc, #56]	; (10001868 <cmd_pwm+0xb4>)
10001830:	f004 fca6 	bl	10006180 <__wrap_puts>
10001834:	bd70      	pop	{r4, r5, r6, pc}
10001836:	480d      	ldr	r0, [pc, #52]	; (1000186c <cmd_pwm+0xb8>)
10001838:	f004 fca2 	bl	10006180 <__wrap_puts>
1000183c:	e7fa      	b.n	10001834 <cmd_pwm+0x80>
1000183e:	4e0c      	ldr	r6, [pc, #48]	; (10001870 <cmd_pwm+0xbc>)
10001840:	0412      	lsls	r2, r2, #16
10001842:	e7dd      	b.n	10001800 <cmd_pwm+0x4c>
10001844:	0029      	movs	r1, r5
10001846:	480b      	ldr	r0, [pc, #44]	; (10001874 <cmd_pwm+0xc0>)
10001848:	f004 fd24 	bl	10006294 <__wrap_printf>
1000184c:	e7f2      	b.n	10001834 <cmd_pwm+0x80>
1000184e:	46c0      	nop			; (mov r8, r8)
10001850:	40050000 	.word	0x40050000
10001854:	000003e7 	.word	0x000003e7
10001858:	4005000c 	.word	0x4005000c
1000185c:	0000ffff 	.word	0x0000ffff
10001860:	1000a1f8 	.word	0x1000a1f8
10001864:	40051000 	.word	0x40051000
10001868:	1000a1b4 	.word	0x1000a1b4
1000186c:	1000a1e4 	.word	0x1000a1e4
10001870:	ffff0000 	.word	0xffff0000
10001874:	1000a1d4 	.word	0x1000a1d4

10001878 <commands_execute.part.0>:
10001878:	b5f8      	push	{r3, r4, r5, r6, r7, lr}
1000187a:	46ce      	mov	lr, r9
1000187c:	4647      	mov	r7, r8
1000187e:	4c21      	ldr	r4, [pc, #132]	; (10001904 <commands_execute.part.0+0x8c>)
10001880:	0001      	movs	r1, r0
10001882:	227f      	movs	r2, #127	; 0x7f
10001884:	b580      	push	{r7, lr}
10001886:	0020      	movs	r0, r4
10001888:	f007 fcb2 	bl	100091f0 <strncpy>
1000188c:	237f      	movs	r3, #127	; 0x7f
1000188e:	2200      	movs	r2, #0
10001890:	4d1d      	ldr	r5, [pc, #116]	; (10001908 <commands_execute.part.0+0x90>)
10001892:	0020      	movs	r0, r4
10001894:	0029      	movs	r1, r5
10001896:	54e2      	strb	r2, [r4, r3]
10001898:	f007 fce0 	bl	1000925c <strtok>
1000189c:	2800      	cmp	r0, #0
1000189e:	d027      	beq.n	100018f0 <commands_execute.part.0+0x78>
100018a0:	4b1a      	ldr	r3, [pc, #104]	; (1000190c <commands_execute.part.0+0x94>)
100018a2:	2600      	movs	r6, #0
100018a4:	4698      	mov	r8, r3
100018a6:	001c      	movs	r4, r3
100018a8:	6020      	str	r0, [r4, #0]
100018aa:	0029      	movs	r1, r5
100018ac:	2000      	movs	r0, #0
100018ae:	3601      	adds	r6, #1
100018b0:	f007 fcd4 	bl	1000925c <strtok>
100018b4:	2800      	cmp	r0, #0
100018b6:	d002      	beq.n	100018be <commands_execute.part.0+0x46>
100018b8:	3404      	adds	r4, #4
100018ba:	2e08      	cmp	r6, #8
100018bc:	d1f4      	bne.n	100018a8 <commands_execute.part.0+0x30>
100018be:	4643      	mov	r3, r8
100018c0:	681f      	ldr	r7, [r3, #0]
100018c2:	4b13      	ldr	r3, [pc, #76]	; (10001910 <commands_execute.part.0+0x98>)
100018c4:	2400      	movs	r4, #0
100018c6:	4699      	mov	r9, r3
100018c8:	001d      	movs	r5, r3
100018ca:	e003      	b.n	100018d4 <commands_execute.part.0+0x5c>
100018cc:	3401      	adds	r4, #1
100018ce:	350c      	adds	r5, #12
100018d0:	2c19      	cmp	r4, #25
100018d2:	d011      	beq.n	100018f8 <commands_execute.part.0+0x80>
100018d4:	0038      	movs	r0, r7
100018d6:	6829      	ldr	r1, [r5, #0]
100018d8:	f007 fbe6 	bl	100090a8 <strcmp>
100018dc:	2800      	cmp	r0, #0
100018de:	d1f5      	bne.n	100018cc <commands_execute.part.0+0x54>
100018e0:	0063      	lsls	r3, r4, #1
100018e2:	191c      	adds	r4, r3, r4
100018e4:	00a4      	lsls	r4, r4, #2
100018e6:	444c      	add	r4, r9
100018e8:	4641      	mov	r1, r8
100018ea:	0030      	movs	r0, r6
100018ec:	6863      	ldr	r3, [r4, #4]
100018ee:	4798      	blx	r3
100018f0:	bcc0      	pop	{r6, r7}
100018f2:	46b9      	mov	r9, r7
100018f4:	46b0      	mov	r8, r6
100018f6:	bdf8      	pop	{r3, r4, r5, r6, r7, pc}
100018f8:	0039      	movs	r1, r7
100018fa:	4806      	ldr	r0, [pc, #24]	; (10001914 <commands_execute.part.0+0x9c>)
100018fc:	f004 fcca 	bl	10006294 <__wrap_printf>
10001900:	e7f6      	b.n	100018f0 <commands_execute.part.0+0x78>
10001902:	46c0      	nop			; (mov r8, r8)
10001904:	200020bc 	.word	0x200020bc
10001908:	100099e4 	.word	0x100099e4
1000190c:	20001f9c 	.word	0x20001f9c
10001910:	1000a8ec 	.word	0x1000a8ec
10001914:	1000a214 	.word	0x1000a214

10001918 <cmd_repeat>:
10001918:	b5f0      	push	{r4, r5, r6, r7, lr}
1000191a:	4647      	mov	r7, r8
1000191c:	46ce      	mov	lr, r9
1000191e:	b580      	push	{r7, lr}
10001920:	0006      	movs	r6, r0
10001922:	000f      	movs	r7, r1
10001924:	b0c1      	sub	sp, #260	; 0x104
10001926:	2802      	cmp	r0, #2
10001928:	dd3f      	ble.n	100019aa <cmd_repeat+0x92>
1000192a:	6848      	ldr	r0, [r1, #4]
1000192c:	f007 fb5a 	bl	10008fe4 <atoi>
10001930:	0003      	movs	r3, r0
10001932:	3b01      	subs	r3, #1
10001934:	4680      	mov	r8, r0
10001936:	2b63      	cmp	r3, #99	; 0x63
10001938:	d83b      	bhi.n	100019b2 <cmd_repeat+0x9a>
1000193a:	2300      	movs	r3, #0
1000193c:	466a      	mov	r2, sp
1000193e:	7013      	strb	r3, [r2, #0]
10001940:	4b1e      	ldr	r3, [pc, #120]	; (100019bc <cmd_repeat+0xa4>)
10001942:	2402      	movs	r4, #2
10001944:	257f      	movs	r5, #127	; 0x7f
10001946:	4699      	mov	r9, r3
10001948:	e007      	b.n	1000195a <cmd_repeat+0x42>
1000194a:	4668      	mov	r0, sp
1000194c:	f007 fbf0 	bl	10009130 <strlen>
10001950:	4649      	mov	r1, r9
10001952:	1a2a      	subs	r2, r5, r0
10001954:	4668      	mov	r0, sp
10001956:	f007 fc19 	bl	1000918c <strncat>
1000195a:	4668      	mov	r0, sp
1000195c:	f007 fbe8 	bl	10009130 <strlen>
10001960:	00a3      	lsls	r3, r4, #2
10001962:	1a2a      	subs	r2, r5, r0
10001964:	58f9      	ldr	r1, [r7, r3]
10001966:	4668      	mov	r0, sp
10001968:	3401      	adds	r4, #1
1000196a:	f007 fc0f 	bl	1000918c <strncat>
1000196e:	42a6      	cmp	r6, r4
10001970:	d1eb      	bne.n	1000194a <cmd_repeat+0x32>
10001972:	2500      	movs	r5, #0
10001974:	2600      	movs	r6, #0
10001976:	ac20      	add	r4, sp, #128	; 0x80
10001978:	227f      	movs	r2, #127	; 0x7f
1000197a:	4669      	mov	r1, sp
1000197c:	0020      	movs	r0, r4
1000197e:	f007 fc37 	bl	100091f0 <strncpy>
10001982:	237f      	movs	r3, #127	; 0x7f
10001984:	54e6      	strb	r6, [r4, r3]
10001986:	7823      	ldrb	r3, [r4, #0]
10001988:	2b00      	cmp	r3, #0
1000198a:	d00a      	beq.n	100019a2 <cmd_repeat+0x8a>
1000198c:	0020      	movs	r0, r4
1000198e:	3501      	adds	r5, #1
10001990:	f7ff ff72 	bl	10001878 <commands_execute.part.0>
10001994:	4545      	cmp	r5, r8
10001996:	d1ef      	bne.n	10001978 <cmd_repeat+0x60>
10001998:	b041      	add	sp, #260	; 0x104
1000199a:	bcc0      	pop	{r6, r7}
1000199c:	46b9      	mov	r9, r7
1000199e:	46b0      	mov	r8, r6
100019a0:	bdf0      	pop	{r4, r5, r6, r7, pc}
100019a2:	3501      	adds	r5, #1
100019a4:	45a8      	cmp	r8, r5
100019a6:	d1e7      	bne.n	10001978 <cmd_repeat+0x60>
100019a8:	e7f6      	b.n	10001998 <cmd_repeat+0x80>
100019aa:	4805      	ldr	r0, [pc, #20]	; (100019c0 <cmd_repeat+0xa8>)
100019ac:	f004 fbe8 	bl	10006180 <__wrap_puts>
100019b0:	e7f2      	b.n	10001998 <cmd_repeat+0x80>
100019b2:	4804      	ldr	r0, [pc, #16]	; (100019c4 <cmd_repeat+0xac>)
100019b4:	f004 fbe4 	bl	10006180 <__wrap_puts>
100019b8:	e7ee      	b.n	10001998 <cmd_repeat+0x80>
100019ba:	46c0      	nop			; (mov r8, r8)
100019bc:	100099e4 	.word	0x100099e4
100019c0:	1000a244 	.word	0x1000a244
100019c4:	1000a260 	.word	0x1000a260

100019c8 <cmd_clock>:
100019c8:	b510      	push	{r4, lr}
100019ca:	b084      	sub	sp, #16
100019cc:	2801      	cmp	r0, #1
100019ce:	dd1d      	ble.n	10001a0c <cmd_clock+0x44>
100019d0:	6848      	ldr	r0, [r1, #4]
100019d2:	f007 fb07 	bl	10008fe4 <atoi>
100019d6:	0003      	movs	r3, r0
100019d8:	3b30      	subs	r3, #48	; 0x30
100019da:	0004      	movs	r4, r0
100019dc:	2b98      	cmp	r3, #152	; 0x98
100019de:	d811      	bhi.n	10001a04 <cmd_clock+0x3c>
100019e0:	0140      	lsls	r0, r0, #5
100019e2:	1b00      	subs	r0, r0, r4
100019e4:	0080      	lsls	r0, r0, #2
100019e6:	1900      	adds	r0, r0, r4
100019e8:	00c0      	lsls	r0, r0, #3
100019ea:	ab03      	add	r3, sp, #12
100019ec:	aa02      	add	r2, sp, #8
100019ee:	a901      	add	r1, sp, #4
100019f0:	f001 fc76 	bl	100032e0 <check_sys_clock_khz>
100019f4:	2800      	cmp	r0, #0
100019f6:	d114      	bne.n	10001a22 <cmd_clock+0x5a>
100019f8:	0021      	movs	r1, r4
100019fa:	480d      	ldr	r0, [pc, #52]	; (10001a30 <cmd_clock+0x68>)
100019fc:	f004 fc4a 	bl	10006294 <__wrap_printf>
10001a00:	b004      	add	sp, #16
10001a02:	bd10      	pop	{r4, pc}
10001a04:	480b      	ldr	r0, [pc, #44]	; (10001a34 <cmd_clock+0x6c>)
10001a06:	f004 fbbb 	bl	10006180 <__wrap_puts>
10001a0a:	e7f9      	b.n	10001a00 <cmd_clock+0x38>
10001a0c:	2005      	movs	r0, #5
10001a0e:	f001 fb81 	bl	10003114 <clock_get_hz>
10001a12:	4909      	ldr	r1, [pc, #36]	; (10001a38 <cmd_clock+0x70>)
10001a14:	f001 ffee 	bl	100039f4 <__wrap___aeabi_uidiv>
10001a18:	0001      	movs	r1, r0
10001a1a:	4808      	ldr	r0, [pc, #32]	; (10001a3c <cmd_clock+0x74>)
10001a1c:	f004 fc3a 	bl	10006294 <__wrap_printf>
10001a20:	e7ee      	b.n	10001a00 <cmd_clock+0x38>
10001a22:	9a03      	ldr	r2, [sp, #12]
10001a24:	9902      	ldr	r1, [sp, #8]
10001a26:	9801      	ldr	r0, [sp, #4]
10001a28:	f001 fb7a 	bl	10003120 <set_sys_clock_pll>
10001a2c:	e7e4      	b.n	100019f8 <cmd_clock+0x30>
10001a2e:	46c0      	nop			; (mov r8, r8)
10001a30:	1000a2a0 	.word	0x1000a2a0
10001a34:	1000a288 	.word	0x1000a288
10001a38:	000f4240 	.word	0x000f4240
10001a3c:	1000a274 	.word	0x1000a274

10001a40 <cmd_i2c>:
10001a40:	b5f0      	push	{r4, r5, r6, r7, lr}
10001a42:	4645      	mov	r5, r8
10001a44:	46de      	mov	lr, fp
10001a46:	4657      	mov	r7, sl
10001a48:	464e      	mov	r6, r9
10001a4a:	b5e0      	push	{r5, r6, r7, lr}
10001a4c:	000c      	movs	r4, r1
10001a4e:	0005      	movs	r5, r0
10001a50:	b087      	sub	sp, #28
10001a52:	2801      	cmp	r0, #1
10001a54:	dc00      	bgt.n	10001a58 <cmd_i2c+0x18>
10001a56:	e102      	b.n	10001c5e <cmd_i2c+0x21e>
10001a58:	684e      	ldr	r6, [r1, #4]
10001a5a:	4993      	ldr	r1, [pc, #588]	; (10001ca8 <cmd_i2c+0x268>)
10001a5c:	0030      	movs	r0, r6
10001a5e:	f007 fb23 	bl	100090a8 <strcmp>
10001a62:	4683      	mov	fp, r0
10001a64:	2800      	cmp	r0, #0
10001a66:	d100      	bne.n	10001a6a <cmd_i2c+0x2a>
10001a68:	e093      	b.n	10001b92 <cmd_i2c+0x152>
10001a6a:	0030      	movs	r0, r6
10001a6c:	498f      	ldr	r1, [pc, #572]	; (10001cac <cmd_i2c+0x26c>)
10001a6e:	f007 fb1b 	bl	100090a8 <strcmp>
10001a72:	1e07      	subs	r7, r0, #0
10001a74:	d149      	bne.n	10001b0a <cmd_i2c+0xca>
10001a76:	2d03      	cmp	r5, #3
10001a78:	dc00      	bgt.n	10001a7c <cmd_i2c+0x3c>
10001a7a:	e0e7      	b.n	10001c4c <cmd_i2c+0x20c>
10001a7c:	2210      	movs	r2, #16
10001a7e:	2100      	movs	r1, #0
10001a80:	68a0      	ldr	r0, [r4, #8]
10001a82:	f007 fcf7 	bl	10009474 <strtol>
10001a86:	2210      	movs	r2, #16
10001a88:	2100      	movs	r1, #0
10001a8a:	0005      	movs	r5, r0
10001a8c:	b2c6      	uxtb	r6, r0
10001a8e:	68e0      	ldr	r0, [r4, #12]
10001a90:	f007 fcf0 	bl	10009474 <strtol>
10001a94:	466b      	mov	r3, sp
10001a96:	ac05      	add	r4, sp, #20
10001a98:	7027      	strb	r7, [r4, #0]
10001a9a:	74d8      	strb	r0, [r3, #19]
10001a9c:	f001 fa08 	bl	10002eb0 <time_us_64>
10001aa0:	22fa      	movs	r2, #250	; 0xfa
10001aa2:	2300      	movs	r3, #0
10001aa4:	00d2      	lsls	r2, r2, #3
10001aa6:	1880      	adds	r0, r0, r2
10001aa8:	4159      	adcs	r1, r3
10001aaa:	2900      	cmp	r1, #0
10001aac:	da00      	bge.n	10001ab0 <cmd_i2c+0x70>
10001aae:	e0eb      	b.n	10001c88 <cmd_i2c+0x248>
10001ab0:	4b7f      	ldr	r3, [pc, #508]	; (10001cb0 <cmd_i2c+0x270>)
10001ab2:	2213      	movs	r2, #19
10001ab4:	4698      	mov	r8, r3
10001ab6:	2301      	movs	r3, #1
10001ab8:	9002      	str	r0, [sp, #8]
10001aba:	9103      	str	r1, [sp, #12]
10001abc:	9300      	str	r3, [sp, #0]
10001abe:	446a      	add	r2, sp
10001ac0:	0031      	movs	r1, r6
10001ac2:	4640      	mov	r0, r8
10001ac4:	f007 fa46 	bl	10008f54 <i2c_write_blocking_until>
10001ac8:	f001 f9f2 	bl	10002eb0 <time_us_64>
10001acc:	22fa      	movs	r2, #250	; 0xfa
10001ace:	2300      	movs	r3, #0
10001ad0:	00d2      	lsls	r2, r2, #3
10001ad2:	1880      	adds	r0, r0, r2
10001ad4:	4159      	adcs	r1, r3
10001ad6:	2900      	cmp	r1, #0
10001ad8:	da00      	bge.n	10001adc <cmd_i2c+0x9c>
10001ada:	e0d1      	b.n	10001c80 <cmd_i2c+0x240>
10001adc:	2300      	movs	r3, #0
10001ade:	9002      	str	r0, [sp, #8]
10001ae0:	9103      	str	r1, [sp, #12]
10001ae2:	9300      	str	r3, [sp, #0]
10001ae4:	0022      	movs	r2, r4
10001ae6:	0031      	movs	r1, r6
10001ae8:	4640      	mov	r0, r8
10001aea:	3301      	adds	r3, #1
10001aec:	f007 fa56 	bl	10008f9c <i2c_read_blocking_until>
10001af0:	2800      	cmp	r0, #0
10001af2:	da00      	bge.n	10001af6 <cmd_i2c+0xb6>
10001af4:	e0cc      	b.n	10001c90 <cmd_i2c+0x250>
10001af6:	466a      	mov	r2, sp
10001af8:	21ff      	movs	r1, #255	; 0xff
10001afa:	7823      	ldrb	r3, [r4, #0]
10001afc:	7cd2      	ldrb	r2, [r2, #19]
10001afe:	4029      	ands	r1, r5
10001b00:	9300      	str	r3, [sp, #0]
10001b02:	486c      	ldr	r0, [pc, #432]	; (10001cb4 <cmd_i2c+0x274>)
10001b04:	f004 fbc6 	bl	10006294 <__wrap_printf>
10001b08:	e07a      	b.n	10001c00 <cmd_i2c+0x1c0>
10001b0a:	0030      	movs	r0, r6
10001b0c:	496a      	ldr	r1, [pc, #424]	; (10001cb8 <cmd_i2c+0x278>)
10001b0e:	f007 facb 	bl	100090a8 <strcmp>
10001b12:	2800      	cmp	r0, #0
10001b14:	d000      	beq.n	10001b18 <cmd_i2c+0xd8>
10001b16:	e09d      	b.n	10001c54 <cmd_i2c+0x214>
10001b18:	2d04      	cmp	r5, #4
10001b1a:	dc00      	bgt.n	10001b1e <cmd_i2c+0xde>
10001b1c:	e0ac      	b.n	10001c78 <cmd_i2c+0x238>
10001b1e:	2210      	movs	r2, #16
10001b20:	2100      	movs	r1, #0
10001b22:	68a0      	ldr	r0, [r4, #8]
10001b24:	f007 fca6 	bl	10009474 <strtol>
10001b28:	2210      	movs	r2, #16
10001b2a:	b2c3      	uxtb	r3, r0
10001b2c:	2100      	movs	r1, #0
10001b2e:	0005      	movs	r5, r0
10001b30:	68e0      	ldr	r0, [r4, #12]
10001b32:	4699      	mov	r9, r3
10001b34:	f007 fc9e 	bl	10009474 <strtol>
10001b38:	4680      	mov	r8, r0
10001b3a:	2210      	movs	r2, #16
10001b3c:	2100      	movs	r1, #0
10001b3e:	6920      	ldr	r0, [r4, #16]
10001b40:	f007 fc98 	bl	10009474 <strtol>
10001b44:	4643      	mov	r3, r8
10001b46:	ac05      	add	r4, sp, #20
10001b48:	26fa      	movs	r6, #250	; 0xfa
10001b4a:	7023      	strb	r3, [r4, #0]
10001b4c:	7060      	strb	r0, [r4, #1]
10001b4e:	4682      	mov	sl, r0
10001b50:	2700      	movs	r7, #0
10001b52:	f001 f9ad 	bl	10002eb0 <time_us_64>
10001b56:	00f6      	lsls	r6, r6, #3
10001b58:	1980      	adds	r0, r0, r6
10001b5a:	4179      	adcs	r1, r7
10001b5c:	2900      	cmp	r1, #0
10001b5e:	da00      	bge.n	10001b62 <cmd_i2c+0x122>
10001b60:	e09e      	b.n	10001ca0 <cmd_i2c+0x260>
10001b62:	2300      	movs	r3, #0
10001b64:	9002      	str	r0, [sp, #8]
10001b66:	9103      	str	r1, [sp, #12]
10001b68:	9300      	str	r3, [sp, #0]
10001b6a:	0022      	movs	r2, r4
10001b6c:	4649      	mov	r1, r9
10001b6e:	4850      	ldr	r0, [pc, #320]	; (10001cb0 <cmd_i2c+0x270>)
10001b70:	3302      	adds	r3, #2
10001b72:	f007 f9ef 	bl	10008f54 <i2c_write_blocking_until>
10001b76:	2800      	cmp	r0, #0
10001b78:	da00      	bge.n	10001b7c <cmd_i2c+0x13c>
10001b7a:	e08d      	b.n	10001c98 <cmd_i2c+0x258>
10001b7c:	21ff      	movs	r1, #255	; 0xff
10001b7e:	4650      	mov	r0, sl
10001b80:	4643      	mov	r3, r8
10001b82:	002a      	movs	r2, r5
10001b84:	400b      	ands	r3, r1
10001b86:	400a      	ands	r2, r1
10001b88:	4001      	ands	r1, r0
10001b8a:	484c      	ldr	r0, [pc, #304]	; (10001cbc <cmd_i2c+0x27c>)
10001b8c:	f004 fb82 	bl	10006294 <__wrap_printf>
10001b90:	e036      	b.n	10001c00 <cmd_i2c+0x1c0>
10001b92:	484b      	ldr	r0, [pc, #300]	; (10001cc0 <cmd_i2c+0x280>)
10001b94:	f004 faf4 	bl	10006180 <__wrap_puts>
10001b98:	484a      	ldr	r0, [pc, #296]	; (10001cc4 <cmd_i2c+0x284>)
10001b9a:	f004 faf1 	bl	10006180 <__wrap_puts>
10001b9e:	4b44      	ldr	r3, [pc, #272]	; (10001cb0 <cmd_i2c+0x270>)
10001ba0:	26fa      	movs	r6, #250	; 0xfa
10001ba2:	4698      	mov	r8, r3
10001ba4:	230f      	movs	r3, #15
10001ba6:	2500      	movs	r5, #0
10001ba8:	4699      	mov	r9, r3
10001baa:	2700      	movs	r7, #0
10001bac:	ac05      	add	r4, sp, #20
10001bae:	00f6      	lsls	r6, r6, #3
10001bb0:	464b      	mov	r3, r9
10001bb2:	422b      	tst	r3, r5
10001bb4:	d03a      	beq.n	10001c2c <cmd_i2c+0x1ec>
10001bb6:	b2eb      	uxtb	r3, r5
10001bb8:	469a      	mov	sl, r3
10001bba:	f001 f979 	bl	10002eb0 <time_us_64>
10001bbe:	1980      	adds	r0, r0, r6
10001bc0:	4179      	adcs	r1, r7
10001bc2:	2900      	cmp	r1, #0
10001bc4:	db3e      	blt.n	10001c44 <cmd_i2c+0x204>
10001bc6:	2300      	movs	r3, #0
10001bc8:	9002      	str	r0, [sp, #8]
10001bca:	9103      	str	r1, [sp, #12]
10001bcc:	9300      	str	r3, [sp, #0]
10001bce:	0022      	movs	r2, r4
10001bd0:	4651      	mov	r1, sl
10001bd2:	4640      	mov	r0, r8
10001bd4:	3301      	adds	r3, #1
10001bd6:	f007 f9e1 	bl	10008f9c <i2c_read_blocking_until>
10001bda:	2800      	cmp	r0, #0
10001bdc:	db17      	blt.n	10001c0e <cmd_i2c+0x1ce>
10001bde:	0029      	movs	r1, r5
10001be0:	4839      	ldr	r0, [pc, #228]	; (10001cc8 <cmd_i2c+0x288>)
10001be2:	f004 fb57 	bl	10006294 <__wrap_printf>
10001be6:	2301      	movs	r3, #1
10001be8:	469c      	mov	ip, r3
10001bea:	464b      	mov	r3, r9
10001bec:	3501      	adds	r5, #1
10001bee:	44e3      	add	fp, ip
10001bf0:	422b      	tst	r3, r5
10001bf2:	d013      	beq.n	10001c1c <cmd_i2c+0x1dc>
10001bf4:	2d80      	cmp	r5, #128	; 0x80
10001bf6:	d1db      	bne.n	10001bb0 <cmd_i2c+0x170>
10001bf8:	4659      	mov	r1, fp
10001bfa:	4834      	ldr	r0, [pc, #208]	; (10001ccc <cmd_i2c+0x28c>)
10001bfc:	f004 fb4a 	bl	10006294 <__wrap_printf>
10001c00:	b007      	add	sp, #28
10001c02:	bcf0      	pop	{r4, r5, r6, r7}
10001c04:	46bb      	mov	fp, r7
10001c06:	46b2      	mov	sl, r6
10001c08:	46a9      	mov	r9, r5
10001c0a:	46a0      	mov	r8, r4
10001c0c:	bdf0      	pop	{r4, r5, r6, r7, pc}
10001c0e:	4830      	ldr	r0, [pc, #192]	; (10001cd0 <cmd_i2c+0x290>)
10001c10:	f004 fb40 	bl	10006294 <__wrap_printf>
10001c14:	464b      	mov	r3, r9
10001c16:	3501      	adds	r5, #1
10001c18:	422b      	tst	r3, r5
10001c1a:	d1eb      	bne.n	10001bf4 <cmd_i2c+0x1b4>
10001c1c:	200a      	movs	r0, #10
10001c1e:	f004 fa63 	bl	100060e8 <__wrap_putchar>
10001c22:	2d80      	cmp	r5, #128	; 0x80
10001c24:	d0e8      	beq.n	10001bf8 <cmd_i2c+0x1b8>
10001c26:	464b      	mov	r3, r9
10001c28:	422b      	tst	r3, r5
10001c2a:	d1c4      	bne.n	10001bb6 <cmd_i2c+0x176>
10001c2c:	0029      	movs	r1, r5
10001c2e:	4829      	ldr	r0, [pc, #164]	; (10001cd4 <cmd_i2c+0x294>)
10001c30:	f004 fb30 	bl	10006294 <__wrap_printf>
10001c34:	b2eb      	uxtb	r3, r5
10001c36:	469a      	mov	sl, r3
10001c38:	f001 f93a 	bl	10002eb0 <time_us_64>
10001c3c:	1980      	adds	r0, r0, r6
10001c3e:	4179      	adcs	r1, r7
10001c40:	2900      	cmp	r1, #0
10001c42:	dac0      	bge.n	10001bc6 <cmd_i2c+0x186>
10001c44:	2001      	movs	r0, #1
10001c46:	4924      	ldr	r1, [pc, #144]	; (10001cd8 <cmd_i2c+0x298>)
10001c48:	4240      	negs	r0, r0
10001c4a:	e7bc      	b.n	10001bc6 <cmd_i2c+0x186>
10001c4c:	4823      	ldr	r0, [pc, #140]	; (10001cdc <cmd_i2c+0x29c>)
10001c4e:	f004 fa97 	bl	10006180 <__wrap_puts>
10001c52:	e7d5      	b.n	10001c00 <cmd_i2c+0x1c0>
10001c54:	0031      	movs	r1, r6
10001c56:	4822      	ldr	r0, [pc, #136]	; (10001ce0 <cmd_i2c+0x2a0>)
10001c58:	f004 fb1c 	bl	10006294 <__wrap_printf>
10001c5c:	e7d0      	b.n	10001c00 <cmd_i2c+0x1c0>
10001c5e:	4821      	ldr	r0, [pc, #132]	; (10001ce4 <cmd_i2c+0x2a4>)
10001c60:	f004 fa8e 	bl	10006180 <__wrap_puts>
10001c64:	4820      	ldr	r0, [pc, #128]	; (10001ce8 <cmd_i2c+0x2a8>)
10001c66:	f004 fa8b 	bl	10006180 <__wrap_puts>
10001c6a:	4820      	ldr	r0, [pc, #128]	; (10001cec <cmd_i2c+0x2ac>)
10001c6c:	f004 fa88 	bl	10006180 <__wrap_puts>
10001c70:	481f      	ldr	r0, [pc, #124]	; (10001cf0 <cmd_i2c+0x2b0>)
10001c72:	f004 fa85 	bl	10006180 <__wrap_puts>
10001c76:	e7c3      	b.n	10001c00 <cmd_i2c+0x1c0>
10001c78:	481e      	ldr	r0, [pc, #120]	; (10001cf4 <cmd_i2c+0x2b4>)
10001c7a:	f004 fa81 	bl	10006180 <__wrap_puts>
10001c7e:	e7bf      	b.n	10001c00 <cmd_i2c+0x1c0>
10001c80:	2001      	movs	r0, #1
10001c82:	4915      	ldr	r1, [pc, #84]	; (10001cd8 <cmd_i2c+0x298>)
10001c84:	4240      	negs	r0, r0
10001c86:	e729      	b.n	10001adc <cmd_i2c+0x9c>
10001c88:	2001      	movs	r0, #1
10001c8a:	4913      	ldr	r1, [pc, #76]	; (10001cd8 <cmd_i2c+0x298>)
10001c8c:	4240      	negs	r0, r0
10001c8e:	e70f      	b.n	10001ab0 <cmd_i2c+0x70>
10001c90:	4819      	ldr	r0, [pc, #100]	; (10001cf8 <cmd_i2c+0x2b8>)
10001c92:	f004 fa75 	bl	10006180 <__wrap_puts>
10001c96:	e7b3      	b.n	10001c00 <cmd_i2c+0x1c0>
10001c98:	4818      	ldr	r0, [pc, #96]	; (10001cfc <cmd_i2c+0x2bc>)
10001c9a:	f004 fa71 	bl	10006180 <__wrap_puts>
10001c9e:	e7af      	b.n	10001c00 <cmd_i2c+0x1c0>
10001ca0:	2001      	movs	r0, #1
10001ca2:	490d      	ldr	r1, [pc, #52]	; (10001cd8 <cmd_i2c+0x298>)
10001ca4:	4240      	negs	r0, r0
10001ca6:	e75c      	b.n	10001b62 <cmd_i2c+0x122>
10001ca8:	1000a34c 	.word	0x1000a34c
10001cac:	1000a010 	.word	0x1000a010
10001cb0:	20001218 	.word	0x20001218
10001cb4:	1000a40c 	.word	0x1000a40c
10001cb8:	1000a028 	.word	0x1000a028
10001cbc:	1000a474 	.word	0x1000a474
10001cc0:	1000a354 	.word	0x1000a354
10001cc4:	1000a374 	.word	0x1000a374
10001cc8:	1000a3b0 	.word	0x1000a3b0
10001ccc:	1000a3bc 	.word	0x1000a3bc
10001cd0:	1000a3b8 	.word	0x1000a3b8
10001cd4:	1000a3a8 	.word	0x1000a3a8
10001cd8:	7fffffff 	.word	0x7fffffff
10001cdc:	1000a3d0 	.word	0x1000a3d0
10001ce0:	1000a494 	.word	0x1000a494
10001ce4:	10009c28 	.word	0x10009c28
10001ce8:	1000a2bc 	.word	0x1000a2bc
10001cec:	1000a2ec 	.word	0x1000a2ec
10001cf0:	1000a31c 	.word	0x1000a31c
10001cf4:	1000a430 	.word	0x1000a430
10001cf8:	1000a3f8 	.word	0x1000a3f8
10001cfc:	1000a460 	.word	0x1000a460

10001d00 <cmd_uptime>:
10001d00:	b570      	push	{r4, r5, r6, lr}
10001d02:	4814      	ldr	r0, [pc, #80]	; (10001d54 <cmd_uptime+0x54>)
10001d04:	f004 fac6 	bl	10006294 <__wrap_printf>
10001d08:	f001 f8d2 	bl	10002eb0 <time_us_64>
10001d0c:	2300      	movs	r3, #0
10001d0e:	4a12      	ldr	r2, [pc, #72]	; (10001d58 <cmd_uptime+0x58>)
10001d10:	f001 feae 	bl	10003a70 <__wrap___aeabi_uldivmod>
10001d14:	0004      	movs	r4, r0
10001d16:	213c      	movs	r1, #60	; 0x3c
10001d18:	0020      	movs	r0, r4
10001d1a:	f001 fe6b 	bl	100039f4 <__wrap___aeabi_uidiv>
10001d1e:	000e      	movs	r6, r1
10001d20:	21e1      	movs	r1, #225	; 0xe1
10001d22:	0020      	movs	r0, r4
10001d24:	0109      	lsls	r1, r1, #4
10001d26:	f001 fe65 	bl	100039f4 <__wrap___aeabi_uidiv>
10001d2a:	0008      	movs	r0, r1
10001d2c:	213c      	movs	r1, #60	; 0x3c
10001d2e:	f001 fe61 	bl	100039f4 <__wrap___aeabi_uidiv>
10001d32:	21e1      	movs	r1, #225	; 0xe1
10001d34:	0005      	movs	r5, r0
10001d36:	0109      	lsls	r1, r1, #4
10001d38:	0020      	movs	r0, r4
10001d3a:	f001 fe5b 	bl	100039f4 <__wrap___aeabi_uidiv>
10001d3e:	0033      	movs	r3, r6
10001d40:	0001      	movs	r1, r0
10001d42:	002a      	movs	r2, r5
10001d44:	4805      	ldr	r0, [pc, #20]	; (10001d5c <cmd_uptime+0x5c>)
10001d46:	f004 faa5 	bl	10006294 <__wrap_printf>
10001d4a:	200a      	movs	r0, #10
10001d4c:	f004 f9cc 	bl	100060e8 <__wrap_putchar>
10001d50:	bd70      	pop	{r4, r5, r6, pc}
10001d52:	46c0      	nop			; (mov r8, r8)
10001d54:	1000a4b0 	.word	0x1000a4b0
10001d58:	000f4240 	.word	0x000f4240
10001d5c:	10009dfc 	.word	0x10009dfc

10001d60 <cmd_help>:
10001d60:	b570      	push	{r4, r5, r6, lr}
10001d62:	4808      	ldr	r0, [pc, #32]	; (10001d84 <cmd_help+0x24>)
10001d64:	f004 fa0c 	bl	10006180 <__wrap_puts>
10001d68:	4c07      	ldr	r4, [pc, #28]	; (10001d88 <cmd_help+0x28>)
10001d6a:	4d08      	ldr	r5, [pc, #32]	; (10001d8c <cmd_help+0x2c>)
10001d6c:	0026      	movs	r6, r4
10001d6e:	362d      	adds	r6, #45	; 0x2d
10001d70:	36ff      	adds	r6, #255	; 0xff
10001d72:	68a2      	ldr	r2, [r4, #8]
10001d74:	6821      	ldr	r1, [r4, #0]
10001d76:	0028      	movs	r0, r5
10001d78:	340c      	adds	r4, #12
10001d7a:	f004 fa8b 	bl	10006294 <__wrap_printf>
10001d7e:	42b4      	cmp	r4, r6
10001d80:	d1f7      	bne.n	10001d72 <cmd_help+0x12>
10001d82:	bd70      	pop	{r4, r5, r6, pc}
10001d84:	1000a4bc 	.word	0x1000a4bc
10001d88:	1000a8ec 	.word	0x1000a8ec
10001d8c:	1000a4d0 	.word	0x1000a4d0

10001d90 <commands_init>:
10001d90:	b510      	push	{r4, lr}
10001d92:	2119      	movs	r1, #25
10001d94:	4801      	ldr	r0, [pc, #4]	; (10001d9c <commands_init+0xc>)
10001d96:	f004 fa7d 	bl	10006294 <__wrap_printf>
10001d9a:	bd10      	pop	{r4, pc}
10001d9c:	1000a4e0 	.word	0x1000a4e0

10001da0 <commands_execute>:
10001da0:	b510      	push	{r4, lr}
10001da2:	2800      	cmp	r0, #0
10001da4:	d002      	beq.n	10001dac <commands_execute+0xc>
10001da6:	7803      	ldrb	r3, [r0, #0]
10001da8:	2b00      	cmp	r3, #0
10001daa:	d100      	bne.n	10001dae <commands_execute+0xe>
10001dac:	bd10      	pop	{r4, pc}
10001dae:	f7ff fd63 	bl	10001878 <commands_execute.part.0>
10001db2:	e7fb      	b.n	10001dac <commands_execute+0xc>

10001db4 <drv_gpio_init>:
10001db4:	2000      	movs	r0, #0
10001db6:	4770      	bx	lr

10001db8 <drv_i2c0_deinit>:
10001db8:	b510      	push	{r4, lr}
10001dba:	4802      	ldr	r0, [pc, #8]	; (10001dc4 <drv_i2c0_deinit+0xc>)
10001dbc:	f007 f830 	bl	10008e20 <i2c_deinit>
10001dc0:	bd10      	pop	{r4, pc}
10001dc2:	46c0      	nop			; (mov r8, r8)
10001dc4:	20001218 	.word	0x20001218

10001dc8 <drv_i2c0_init>:
10001dc8:	b510      	push	{r4, lr}
10001dca:	490c      	ldr	r1, [pc, #48]	; (10001dfc <drv_i2c0_init+0x34>)
10001dcc:	480c      	ldr	r0, [pc, #48]	; (10001e00 <drv_i2c0_init+0x38>)
10001dce:	f007 f897 	bl	10008f00 <i2c_init>
10001dd2:	2103      	movs	r1, #3
10001dd4:	2004      	movs	r0, #4
10001dd6:	f000 f8e5 	bl	10001fa4 <gpio_set_function>
10001dda:	2103      	movs	r1, #3
10001ddc:	2005      	movs	r0, #5
10001dde:	f000 f8e1 	bl	10001fa4 <gpio_set_function>
10001de2:	2200      	movs	r2, #0
10001de4:	2101      	movs	r1, #1
10001de6:	2004      	movs	r0, #4
10001de8:	f000 f8f6 	bl	10001fd8 <gpio_set_pulls>
10001dec:	2005      	movs	r0, #5
10001dee:	2200      	movs	r2, #0
10001df0:	2101      	movs	r1, #1
10001df2:	f000 f8f1 	bl	10001fd8 <gpio_set_pulls>
10001df6:	2000      	movs	r0, #0
10001df8:	bd10      	pop	{r4, pc}
10001dfa:	46c0      	nop			; (mov r8, r8)
10001dfc:	000186a0 	.word	0x000186a0
10001e00:	20001218 	.word	0x20001218

10001e04 <drv_adc_init>:
10001e04:	b510      	push	{r4, lr}
10001e06:	f006 feb1 	bl	10008b6c <adc_init>
10001e0a:	2202      	movs	r2, #2
10001e0c:	4b01      	ldr	r3, [pc, #4]	; (10001e14 <drv_adc_init+0x10>)
10001e0e:	2000      	movs	r0, #0
10001e10:	601a      	str	r2, [r3, #0]
10001e12:	bd10      	pop	{r4, pc}
10001e14:	4004e000 	.word	0x4004e000

10001e18 <drv_pwm_init>:
10001e18:	2000      	movs	r0, #0
10001e1a:	4770      	bx	lr

10001e1c <drivers_init_all>:
10001e1c:	b5f8      	push	{r3, r4, r5, r6, r7, lr}
10001e1e:	46ce      	mov	lr, r9
10001e20:	4647      	mov	r7, r8
10001e22:	4e34      	ldr	r6, [pc, #208]	; (10001ef4 <drivers_init_all+0xd8>)
10001e24:	b580      	push	{r7, lr}
10001e26:	6831      	ldr	r1, [r6, #0]
10001e28:	290f      	cmp	r1, #15
10001e2a:	dc30      	bgt.n	10001e8e <drivers_init_all+0x72>
10001e2c:	4b32      	ldr	r3, [pc, #200]	; (10001ef8 <drivers_init_all+0xdc>)
10001e2e:	4833      	ldr	r0, [pc, #204]	; (10001efc <drivers_init_all+0xe0>)
10001e30:	010a      	lsls	r2, r1, #4
10001e32:	50d0      	str	r0, [r2, r3]
10001e34:	2000      	movs	r0, #0
10001e36:	4c32      	ldr	r4, [pc, #200]	; (10001f00 <drivers_init_all+0xe4>)
10001e38:	189a      	adds	r2, r3, r2
10001e3a:	7110      	strb	r0, [r2, #4]
10001e3c:	6094      	str	r4, [r2, #8]
10001e3e:	60d0      	str	r0, [r2, #12]
10001e40:	1c4a      	adds	r2, r1, #1
10001e42:	6032      	str	r2, [r6, #0]
10001e44:	2a10      	cmp	r2, #16
10001e46:	d052      	beq.n	10001eee <drivers_init_all+0xd2>
10001e48:	4c2e      	ldr	r4, [pc, #184]	; (10001f04 <drivers_init_all+0xe8>)
10001e4a:	0112      	lsls	r2, r2, #4
10001e4c:	50d4      	str	r4, [r2, r3]
10001e4e:	4c2e      	ldr	r4, [pc, #184]	; (10001f08 <drivers_init_all+0xec>)
10001e50:	189a      	adds	r2, r3, r2
10001e52:	7110      	strb	r0, [r2, #4]
10001e54:	6094      	str	r4, [r2, #8]
10001e56:	60d0      	str	r0, [r2, #12]
10001e58:	1c8a      	adds	r2, r1, #2
10001e5a:	6032      	str	r2, [r6, #0]
10001e5c:	2a10      	cmp	r2, #16
10001e5e:	d046      	beq.n	10001eee <drivers_init_all+0xd2>
10001e60:	4c2a      	ldr	r4, [pc, #168]	; (10001f0c <drivers_init_all+0xf0>)
10001e62:	0112      	lsls	r2, r2, #4
10001e64:	50d4      	str	r4, [r2, r3]
10001e66:	4c2a      	ldr	r4, [pc, #168]	; (10001f10 <drivers_init_all+0xf4>)
10001e68:	189a      	adds	r2, r3, r2
10001e6a:	7110      	strb	r0, [r2, #4]
10001e6c:	6094      	str	r4, [r2, #8]
10001e6e:	60d0      	str	r0, [r2, #12]
10001e70:	1cca      	adds	r2, r1, #3
10001e72:	6032      	str	r2, [r6, #0]
10001e74:	2a10      	cmp	r2, #16
10001e76:	d03a      	beq.n	10001eee <drivers_init_all+0xd2>
10001e78:	4c26      	ldr	r4, [pc, #152]	; (10001f14 <drivers_init_all+0xf8>)
10001e7a:	0112      	lsls	r2, r2, #4
10001e7c:	50d4      	str	r4, [r2, r3]
10001e7e:	189b      	adds	r3, r3, r2
10001e80:	4a25      	ldr	r2, [pc, #148]	; (10001f18 <drivers_init_all+0xfc>)
10001e82:	3104      	adds	r1, #4
10001e84:	609a      	str	r2, [r3, #8]
10001e86:	4a25      	ldr	r2, [pc, #148]	; (10001f1c <drivers_init_all+0x100>)
10001e88:	7118      	strb	r0, [r3, #4]
10001e8a:	60da      	str	r2, [r3, #12]
10001e8c:	6031      	str	r1, [r6, #0]
10001e8e:	4824      	ldr	r0, [pc, #144]	; (10001f20 <drivers_init_all+0x104>)
10001e90:	f004 fa00 	bl	10006294 <__wrap_printf>
10001e94:	6833      	ldr	r3, [r6, #0]
10001e96:	2b00      	cmp	r3, #0
10001e98:	dd25      	ble.n	10001ee6 <drivers_init_all+0xca>
10001e9a:	4b22      	ldr	r3, [pc, #136]	; (10001f24 <drivers_init_all+0x108>)
10001e9c:	2500      	movs	r5, #0
10001e9e:	4699      	mov	r9, r3
10001ea0:	4b21      	ldr	r3, [pc, #132]	; (10001f28 <drivers_init_all+0x10c>)
10001ea2:	4c15      	ldr	r4, [pc, #84]	; (10001ef8 <drivers_init_all+0xdc>)
10001ea4:	4698      	mov	r8, r3
10001ea6:	4f21      	ldr	r7, [pc, #132]	; (10001f2c <drivers_init_all+0x110>)
10001ea8:	e00b      	b.n	10001ec2 <drivers_init_all+0xa6>
10001eaa:	2302      	movs	r3, #2
10001eac:	6821      	ldr	r1, [r4, #0]
10001eae:	7123      	strb	r3, [r4, #4]
10001eb0:	464a      	mov	r2, r9
10001eb2:	0038      	movs	r0, r7
10001eb4:	f004 f9ee 	bl	10006294 <__wrap_printf>
10001eb8:	6833      	ldr	r3, [r6, #0]
10001eba:	3501      	adds	r5, #1
10001ebc:	3410      	adds	r4, #16
10001ebe:	42ab      	cmp	r3, r5
10001ec0:	dd11      	ble.n	10001ee6 <drivers_init_all+0xca>
10001ec2:	68a3      	ldr	r3, [r4, #8]
10001ec4:	2b00      	cmp	r3, #0
10001ec6:	d002      	beq.n	10001ece <drivers_init_all+0xb2>
10001ec8:	4798      	blx	r3
10001eca:	2800      	cmp	r0, #0
10001ecc:	d1ed      	bne.n	10001eaa <drivers_init_all+0x8e>
10001ece:	2301      	movs	r3, #1
10001ed0:	6821      	ldr	r1, [r4, #0]
10001ed2:	7123      	strb	r3, [r4, #4]
10001ed4:	4642      	mov	r2, r8
10001ed6:	0038      	movs	r0, r7
10001ed8:	f004 f9dc 	bl	10006294 <__wrap_printf>
10001edc:	6833      	ldr	r3, [r6, #0]
10001ede:	3501      	adds	r5, #1
10001ee0:	3410      	adds	r4, #16
10001ee2:	42ab      	cmp	r3, r5
10001ee4:	dced      	bgt.n	10001ec2 <drivers_init_all+0xa6>
10001ee6:	bcc0      	pop	{r6, r7}
10001ee8:	46b9      	mov	r9, r7
10001eea:	46b0      	mov	r8, r6
10001eec:	bdf8      	pop	{r3, r4, r5, r6, r7, pc}
10001eee:	2110      	movs	r1, #16
10001ef0:	e7cd      	b.n	10001e8e <drivers_init_all+0x72>
10001ef2:	46c0      	nop			; (mov r8, r8)
10001ef4:	2000219c 	.word	0x2000219c
10001ef8:	20003ea0 	.word	0x20003ea0
10001efc:	1000a69c 	.word	0x1000a69c
10001f00:	10001e05 	.word	0x10001e05
10001f04:	1000a63c 	.word	0x1000a63c
10001f08:	10001db5 	.word	0x10001db5
10001f0c:	1000a668 	.word	0x1000a668
10001f10:	10001e19 	.word	0x10001e19
10001f14:	1000aa24 	.word	0x1000aa24
10001f18:	10001dc9 	.word	0x10001dc9
10001f1c:	10001db9 	.word	0x10001db9
10001f20:	1000aa2c 	.word	0x1000aa2c
10001f24:	1000aa1c 	.word	0x1000aa1c
10001f28:	1000aa18 	.word	0x1000aa18
10001f2c:	1000aa50 	.word	0x1000aa50

10001f30 <drivers_list>:
10001f30:	b5f0      	push	{r4, r5, r6, r7, lr}
10001f32:	46d6      	mov	lr, sl
10001f34:	4646      	mov	r6, r8
10001f36:	464f      	mov	r7, r9
10001f38:	4813      	ldr	r0, [pc, #76]	; (10001f88 <drivers_list+0x58>)
10001f3a:	b5c0      	push	{r6, r7, lr}
10001f3c:	f004 f920 	bl	10006180 <__wrap_puts>
10001f40:	4e12      	ldr	r6, [pc, #72]	; (10001f8c <drivers_list+0x5c>)
10001f42:	6833      	ldr	r3, [r6, #0]
10001f44:	2b00      	cmp	r3, #0
10001f46:	dd19      	ble.n	10001f7c <drivers_list+0x4c>
10001f48:	4b11      	ldr	r3, [pc, #68]	; (10001f90 <drivers_list+0x60>)
10001f4a:	2500      	movs	r5, #0
10001f4c:	4698      	mov	r8, r3
10001f4e:	4b11      	ldr	r3, [pc, #68]	; (10001f94 <drivers_list+0x64>)
10001f50:	4c11      	ldr	r4, [pc, #68]	; (10001f98 <drivers_list+0x68>)
10001f52:	4699      	mov	r9, r3
10001f54:	4b11      	ldr	r3, [pc, #68]	; (10001f9c <drivers_list+0x6c>)
10001f56:	4f12      	ldr	r7, [pc, #72]	; (10001fa0 <drivers_list+0x70>)
10001f58:	469a      	mov	sl, r3
10001f5a:	7923      	ldrb	r3, [r4, #4]
10001f5c:	003a      	movs	r2, r7
10001f5e:	2b01      	cmp	r3, #1
10001f60:	d003      	beq.n	10001f6a <drivers_list+0x3a>
10001f62:	464a      	mov	r2, r9
10001f64:	2b02      	cmp	r3, #2
10001f66:	d000      	beq.n	10001f6a <drivers_list+0x3a>
10001f68:	4652      	mov	r2, sl
10001f6a:	6821      	ldr	r1, [r4, #0]
10001f6c:	4640      	mov	r0, r8
10001f6e:	f004 f991 	bl	10006294 <__wrap_printf>
10001f72:	6833      	ldr	r3, [r6, #0]
10001f74:	3501      	adds	r5, #1
10001f76:	3410      	adds	r4, #16
10001f78:	42ab      	cmp	r3, r5
10001f7a:	dcee      	bgt.n	10001f5a <drivers_list+0x2a>
10001f7c:	bce0      	pop	{r5, r6, r7}
10001f7e:	46ba      	mov	sl, r7
10001f80:	46b1      	mov	r9, r6
10001f82:	46a8      	mov	r8, r5
10001f84:	bdf0      	pop	{r4, r5, r6, r7, pc}
10001f86:	46c0      	nop			; (mov r8, r8)
10001f88:	1000aa78 	.word	0x1000aa78
10001f8c:	2000219c 	.word	0x2000219c
10001f90:	1000aa88 	.word	0x1000aa88
10001f94:	1000aa60 	.word	0x1000aa60
10001f98:	20003ea0 	.word	0x20003ea0
10001f9c:	1000aa6c 	.word	0x1000aa6c
10001fa0:	1000aa68 	.word	0x1000aa68

10001fa4 <gpio_set_function>:
10001fa4:	b510      	push	{r4, lr}
10001fa6:	2440      	movs	r4, #64	; 0x40
10001fa8:	4a08      	ldr	r2, [pc, #32]	; (10001fcc <gpio_set_function+0x28>)
10001faa:	0083      	lsls	r3, r0, #2
10001fac:	189a      	adds	r2, r3, r2
10001fae:	6812      	ldr	r2, [r2, #0]
10001fb0:	00c0      	lsls	r0, r0, #3
10001fb2:	4054      	eors	r4, r2
10001fb4:	22c0      	movs	r2, #192	; 0xc0
10001fb6:	4022      	ands	r2, r4
10001fb8:	4c05      	ldr	r4, [pc, #20]	; (10001fd0 <gpio_set_function+0x2c>)
10001fba:	46a4      	mov	ip, r4
10001fbc:	4463      	add	r3, ip
10001fbe:	601a      	str	r2, [r3, #0]
10001fc0:	4b04      	ldr	r3, [pc, #16]	; (10001fd4 <gpio_set_function+0x30>)
10001fc2:	469c      	mov	ip, r3
10001fc4:	4460      	add	r0, ip
10001fc6:	6041      	str	r1, [r0, #4]
10001fc8:	bd10      	pop	{r4, pc}
10001fca:	46c0      	nop			; (mov r8, r8)
10001fcc:	4001c004 	.word	0x4001c004
10001fd0:	4001d004 	.word	0x4001d004
10001fd4:	40014000 	.word	0x40014000

10001fd8 <gpio_set_pulls>:
10001fd8:	4b0b      	ldr	r3, [pc, #44]	; (10002008 <gpio_set_pulls+0x30>)
10001fda:	0080      	lsls	r0, r0, #2
10001fdc:	469c      	mov	ip, r3
10001fde:	4460      	add	r0, ip
10001fe0:	2900      	cmp	r1, #0
10001fe2:	d10e      	bne.n	10002002 <gpio_set_pulls+0x2a>
10001fe4:	2300      	movs	r3, #0
10001fe6:	3104      	adds	r1, #4
10001fe8:	2a00      	cmp	r2, #0
10001fea:	d100      	bne.n	10001fee <gpio_set_pulls+0x16>
10001fec:	0019      	movs	r1, r3
10001fee:	2280      	movs	r2, #128	; 0x80
10001ff0:	6803      	ldr	r3, [r0, #0]
10001ff2:	0152      	lsls	r2, r2, #5
10001ff4:	4059      	eors	r1, r3
10001ff6:	4694      	mov	ip, r2
10001ff8:	230c      	movs	r3, #12
10001ffa:	4460      	add	r0, ip
10001ffc:	400b      	ands	r3, r1
10001ffe:	6003      	str	r3, [r0, #0]
10002000:	4770      	bx	lr
10002002:	210c      	movs	r1, #12
10002004:	2308      	movs	r3, #8
10002006:	e7ef      	b.n	10001fe8 <gpio_set_pulls+0x10>
10002008:	4001c004 	.word	0x4001c004

1000200c <gpio_init>:
1000200c:	2301      	movs	r3, #1
1000200e:	22d0      	movs	r2, #208	; 0xd0
10002010:	4083      	lsls	r3, r0
10002012:	2140      	movs	r1, #64	; 0x40
10002014:	0612      	lsls	r2, r2, #24
10002016:	6293      	str	r3, [r2, #40]	; 0x28
10002018:	6193      	str	r3, [r2, #24]
1000201a:	4a09      	ldr	r2, [pc, #36]	; (10002040 <gpio_init+0x34>)
1000201c:	0083      	lsls	r3, r0, #2
1000201e:	189a      	adds	r2, r3, r2
10002020:	6812      	ldr	r2, [r2, #0]
10002022:	00c0      	lsls	r0, r0, #3
10002024:	4051      	eors	r1, r2
10002026:	22c0      	movs	r2, #192	; 0xc0
10002028:	400a      	ands	r2, r1
1000202a:	4906      	ldr	r1, [pc, #24]	; (10002044 <gpio_init+0x38>)
1000202c:	468c      	mov	ip, r1
1000202e:	4463      	add	r3, ip
10002030:	601a      	str	r2, [r3, #0]
10002032:	4b05      	ldr	r3, [pc, #20]	; (10002048 <gpio_init+0x3c>)
10002034:	469c      	mov	ip, r3
10002036:	2305      	movs	r3, #5
10002038:	4460      	add	r0, ip
1000203a:	6043      	str	r3, [r0, #4]
1000203c:	4770      	bx	lr
1000203e:	46c0      	nop			; (mov r8, r8)
10002040:	4001c004 	.word	0x4001c004
10002044:	4001d004 	.word	0x4001d004
10002048:	40014000 	.word	0x40014000

1000204c <rp2040_chip_version>:
1000204c:	2380      	movs	r3, #128	; 0x80
1000204e:	05db      	lsls	r3, r3, #23
10002050:	6818      	ldr	r0, [r3, #0]
10002052:	0f00      	lsrs	r0, r0, #28
10002054:	4770      	bx	lr
10002056:	46c0      	nop			; (mov r8, r8)

10002058 <panic>:
10002058:	b40f      	push	{r0, r1, r2, r3}
1000205a:	b500      	push	{lr}
1000205c:	4808      	ldr	r0, [pc, #32]	; (10002080 <panic+0x28>)
1000205e:	b083      	sub	sp, #12
10002060:	f004 f88e 	bl	10006180 <__wrap_puts>
10002064:	9b04      	ldr	r3, [sp, #16]
10002066:	2b00      	cmp	r3, #0
10002068:	d007      	beq.n	1000207a <panic+0x22>
1000206a:	a905      	add	r1, sp, #20
1000206c:	0018      	movs	r0, r3
1000206e:	9101      	str	r1, [sp, #4]
10002070:	f003 fe8a 	bl	10005d88 <weak_raw_vprintf>
10002074:	4803      	ldr	r0, [pc, #12]	; (10002084 <panic+0x2c>)
10002076:	f004 f883 	bl	10006180 <__wrap_puts>
1000207a:	2001      	movs	r0, #1
1000207c:	f003 fe9c 	bl	10005db8 <_exit>
10002080:	1000aa94 	.word	0x1000aa94
10002084:	1000a42c 	.word	0x1000a42c

10002088 <hw_claim_or_assert>:
10002088:	b570      	push	{r4, r5, r6, lr}
1000208a:	f3ef 8c10 	mrs	ip, PRIMASK
1000208e:	b672      	cpsid	i
10002090:	4d0d      	ldr	r5, [pc, #52]	; (100020c8 <hw_claim_or_assert+0x40>)
10002092:	682b      	ldr	r3, [r5, #0]
10002094:	2b00      	cmp	r3, #0
10002096:	d0fc      	beq.n	10002092 <hw_claim_or_assert+0xa>
10002098:	f3bf 8f5f 	dmb	sy
1000209c:	2407      	movs	r4, #7
1000209e:	08cb      	lsrs	r3, r1, #3
100020a0:	18c6      	adds	r6, r0, r3
100020a2:	5cc0      	ldrb	r0, [r0, r3]
100020a4:	2301      	movs	r3, #1
100020a6:	400c      	ands	r4, r1
100020a8:	40a3      	lsls	r3, r4
100020aa:	001c      	movs	r4, r3
100020ac:	4004      	ands	r4, r0
100020ae:	4203      	tst	r3, r0
100020b0:	d107      	bne.n	100020c2 <hw_claim_or_assert+0x3a>
100020b2:	4303      	orrs	r3, r0
100020b4:	7033      	strb	r3, [r6, #0]
100020b6:	f3bf 8f5f 	dmb	sy
100020ba:	602c      	str	r4, [r5, #0]
100020bc:	f38c 8810 	msr	PRIMASK, ip
100020c0:	bd70      	pop	{r4, r5, r6, pc}
100020c2:	0010      	movs	r0, r2
100020c4:	f7ff ffc8 	bl	10002058 <panic>
100020c8:	d000012c 	.word	0xd000012c

100020cc <hw_claim_unused_from_range>:
100020cc:	b5f8      	push	{r3, r4, r5, r6, r7, lr}
100020ce:	4647      	mov	r7, r8
100020d0:	46ce      	mov	lr, r9
100020d2:	4688      	mov	r8, r1
100020d4:	b580      	push	{r7, lr}
100020d6:	f3ef 8c10 	mrs	ip, PRIMASK
100020da:	b672      	cpsid	i
100020dc:	4d21      	ldr	r5, [pc, #132]	; (10002164 <hw_claim_unused_from_range+0x98>)
100020de:	682c      	ldr	r4, [r5, #0]
100020e0:	2c00      	cmp	r4, #0
100020e2:	d0fc      	beq.n	100020de <hw_claim_unused_from_range+0x12>
100020e4:	f3bf 8f5f 	dmb	sy
100020e8:	429a      	cmp	r2, r3
100020ea:	d82c      	bhi.n	10002146 <hw_claim_unused_from_range+0x7a>
100020ec:	08d4      	lsrs	r4, r2, #3
100020ee:	2707      	movs	r7, #7
100020f0:	5d05      	ldrb	r5, [r0, r4]
100020f2:	1906      	adds	r6, r0, r4
100020f4:	2401      	movs	r4, #1
100020f6:	4017      	ands	r7, r2
100020f8:	40bc      	lsls	r4, r7
100020fa:	422c      	tst	r4, r5
100020fc:	d01f      	beq.n	1000213e <hw_claim_unused_from_range+0x72>
100020fe:	2107      	movs	r1, #7
10002100:	2701      	movs	r7, #1
10002102:	4689      	mov	r9, r1
10002104:	e009      	b.n	1000211a <hw_claim_unused_from_range+0x4e>
10002106:	08d4      	lsrs	r4, r2, #3
10002108:	5d05      	ldrb	r5, [r0, r4]
1000210a:	1906      	adds	r6, r0, r4
1000210c:	464c      	mov	r4, r9
1000210e:	0039      	movs	r1, r7
10002110:	4014      	ands	r4, r2
10002112:	40a1      	lsls	r1, r4
10002114:	000c      	movs	r4, r1
10002116:	4229      	tst	r1, r5
10002118:	d011      	beq.n	1000213e <hw_claim_unused_from_range+0x72>
1000211a:	3201      	adds	r2, #1
1000211c:	4293      	cmp	r3, r2
1000211e:	d2f2      	bcs.n	10002106 <hw_claim_unused_from_range+0x3a>
10002120:	2001      	movs	r0, #1
10002122:	4240      	negs	r0, r0
10002124:	f3bf 8f5f 	dmb	sy
10002128:	2200      	movs	r2, #0
1000212a:	4b0e      	ldr	r3, [pc, #56]	; (10002164 <hw_claim_unused_from_range+0x98>)
1000212c:	601a      	str	r2, [r3, #0]
1000212e:	f38c 8810 	msr	PRIMASK, ip
10002132:	2800      	cmp	r0, #0
10002134:	db0f      	blt.n	10002156 <hw_claim_unused_from_range+0x8a>
10002136:	bcc0      	pop	{r6, r7}
10002138:	46b9      	mov	r9, r7
1000213a:	46b0      	mov	r8, r6
1000213c:	bdf8      	pop	{r3, r4, r5, r6, r7, pc}
1000213e:	432c      	orrs	r4, r5
10002140:	0010      	movs	r0, r2
10002142:	7034      	strb	r4, [r6, #0]
10002144:	e7ee      	b.n	10002124 <hw_claim_unused_from_range+0x58>
10002146:	f3bf 8f5f 	dmb	sy
1000214a:	2300      	movs	r3, #0
1000214c:	602b      	str	r3, [r5, #0]
1000214e:	f38c 8810 	msr	PRIMASK, ip
10002152:	2001      	movs	r0, #1
10002154:	4240      	negs	r0, r0
10002156:	4643      	mov	r3, r8
10002158:	2b00      	cmp	r3, #0
1000215a:	d0ec      	beq.n	10002136 <hw_claim_unused_from_range+0x6a>
1000215c:	9808      	ldr	r0, [sp, #32]
1000215e:	f7ff ff7b 	bl	10002058 <panic>
10002162:	46c0      	nop			; (mov r8, r8)
10002164:	d000012c 	.word	0xd000012c

10002168 <next_striped_spin_lock_num>:
10002168:	4a04      	ldr	r2, [pc, #16]	; (1000217c <next_striped_spin_lock_num+0x14>)
1000216a:	7810      	ldrb	r0, [r2, #0]
1000216c:	1c43      	adds	r3, r0, #1
1000216e:	b2db      	uxtb	r3, r3
10002170:	2b17      	cmp	r3, #23
10002172:	d900      	bls.n	10002176 <next_striped_spin_lock_num+0xe>
10002174:	2310      	movs	r3, #16
10002176:	7013      	strb	r3, [r2, #0]
10002178:	4770      	bx	lr
1000217a:	46c0      	nop			; (mov r8, r8)
1000217c:	20001150 	.word	0x20001150

10002180 <spin_lock_claim_unused>:
10002180:	b500      	push	{lr}
10002182:	4b05      	ldr	r3, [pc, #20]	; (10002198 <spin_lock_claim_unused+0x18>)
10002184:	b083      	sub	sp, #12
10002186:	0001      	movs	r1, r0
10002188:	9300      	str	r3, [sp, #0]
1000218a:	2218      	movs	r2, #24
1000218c:	231f      	movs	r3, #31
1000218e:	4803      	ldr	r0, [pc, #12]	; (1000219c <spin_lock_claim_unused+0x1c>)
10002190:	f7ff ff9c 	bl	100020cc <hw_claim_unused_from_range>
10002194:	b003      	add	sp, #12
10002196:	bd00      	pop	{pc}
10002198:	1000aaa4 	.word	0x1000aaa4
1000219c:	20002144 	.word	0x20002144

100021a0 <spin_locks_reset>:
100021a0:	2100      	movs	r1, #0
100021a2:	4b04      	ldr	r3, [pc, #16]	; (100021b4 <spin_locks_reset+0x14>)
100021a4:	4a04      	ldr	r2, [pc, #16]	; (100021b8 <spin_locks_reset+0x18>)
100021a6:	f3bf 8f5f 	dmb	sy
100021aa:	c302      	stmia	r3!, {r1}
100021ac:	4293      	cmp	r3, r2
100021ae:	d1fa      	bne.n	100021a6 <spin_locks_reset+0x6>
100021b0:	4770      	bx	lr
100021b2:	46c0      	nop			; (mov r8, r8)
100021b4:	d0000100 	.word	0xd0000100
100021b8:	d0000180 	.word	0xd0000180

100021bc <runtime_init_per_core_irq_priorities>:
100021bc:	4b05      	ldr	r3, [pc, #20]	; (100021d4 <runtime_init_per_core_irq_priorities+0x18>)
100021be:	4a06      	ldr	r2, [pc, #24]	; (100021d8 <runtime_init_per_core_irq_priorities+0x1c>)
100021c0:	6013      	str	r3, [r2, #0]
100021c2:	4a06      	ldr	r2, [pc, #24]	; (100021dc <runtime_init_per_core_irq_priorities+0x20>)
100021c4:	6013      	str	r3, [r2, #0]
100021c6:	6053      	str	r3, [r2, #4]
100021c8:	6093      	str	r3, [r2, #8]
100021ca:	60d3      	str	r3, [r2, #12]
100021cc:	6113      	str	r3, [r2, #16]
100021ce:	6153      	str	r3, [r2, #20]
100021d0:	6193      	str	r3, [r2, #24]
100021d2:	4770      	bx	lr
100021d4:	80808080 	.word	0x80808080
100021d8:	e000e400 	.word	0xe000e400
100021dc:	e000e404 	.word	0xe000e404

100021e0 <irq_set_enabled>:
100021e0:	231f      	movs	r3, #31
100021e2:	4018      	ands	r0, r3
100021e4:	3b1e      	subs	r3, #30
100021e6:	4083      	lsls	r3, r0
100021e8:	2900      	cmp	r1, #0
100021ea:	d005      	beq.n	100021f8 <irq_set_enabled+0x18>
100021ec:	21c0      	movs	r1, #192	; 0xc0
100021ee:	4a04      	ldr	r2, [pc, #16]	; (10002200 <irq_set_enabled+0x20>)
100021f0:	0049      	lsls	r1, r1, #1
100021f2:	5053      	str	r3, [r2, r1]
100021f4:	6013      	str	r3, [r2, #0]
100021f6:	4770      	bx	lr
100021f8:	2280      	movs	r2, #128	; 0x80
100021fa:	4901      	ldr	r1, [pc, #4]	; (10002200 <irq_set_enabled+0x20>)
100021fc:	508b      	str	r3, [r1, r2]
100021fe:	e7fa      	b.n	100021f6 <irq_set_enabled+0x16>
10002200:	e000e100 	.word	0xe000e100

10002204 <irq_is_enabled>:
10002204:	2201      	movs	r2, #1
10002206:	4082      	lsls	r2, r0
10002208:	4b03      	ldr	r3, [pc, #12]	; (10002218 <irq_is_enabled+0x14>)
1000220a:	681b      	ldr	r3, [r3, #0]
1000220c:	4013      	ands	r3, r2
1000220e:	1e5a      	subs	r2, r3, #1
10002210:	4193      	sbcs	r3, r2
10002212:	b2d8      	uxtb	r0, r3
10002214:	4770      	bx	lr
10002216:	46c0      	nop			; (mov r8, r8)
10002218:	e000e100 	.word	0xe000e100

1000221c <irq_set_pending>:
1000221c:	2301      	movs	r3, #1
1000221e:	4083      	lsls	r3, r0
10002220:	4a01      	ldr	r2, [pc, #4]	; (10002228 <irq_set_pending+0xc>)
10002222:	6013      	str	r3, [r2, #0]
10002224:	4770      	bx	lr
10002226:	46c0      	nop			; (mov r8, r8)
10002228:	e000e200 	.word	0xe000e200

1000222c <irq_has_shared_handler>:
1000222c:	4b06      	ldr	r3, [pc, #24]	; (10002248 <irq_has_shared_handler+0x1c>)
1000222e:	3010      	adds	r0, #16
10002230:	689b      	ldr	r3, [r3, #8]
10002232:	0080      	lsls	r0, r0, #2
10002234:	58c3      	ldr	r3, [r0, r3]
10002236:	4a05      	ldr	r2, [pc, #20]	; (1000224c <irq_has_shared_handler+0x20>)
10002238:	2000      	movs	r0, #0
1000223a:	1a9b      	subs	r3, r3, r2
1000223c:	222f      	movs	r2, #47	; 0x2f
1000223e:	429a      	cmp	r2, r3
10002240:	4140      	adcs	r0, r0
10002242:	b2c0      	uxtb	r0, r0
10002244:	4770      	bx	lr
10002246:	46c0      	nop			; (mov r8, r8)
10002248:	e000ed00 	.word	0xe000ed00
1000224c:	20001154 	.word	0x20001154

10002250 <irq_set_exclusive_handler>:
10002250:	b570      	push	{r4, r5, r6, lr}
10002252:	000d      	movs	r5, r1
10002254:	f3ef 8610 	mrs	r6, PRIMASK
10002258:	b672      	cpsid	i
1000225a:	4a0f      	ldr	r2, [pc, #60]	; (10002298 <irq_set_exclusive_handler+0x48>)
1000225c:	6813      	ldr	r3, [r2, #0]
1000225e:	2b00      	cmp	r3, #0
10002260:	d0fc      	beq.n	1000225c <irq_set_exclusive_handler+0xc>
10002262:	f3bf 8f5f 	dmb	sy
10002266:	4b0d      	ldr	r3, [pc, #52]	; (1000229c <irq_set_exclusive_handler+0x4c>)
10002268:	3010      	adds	r0, #16
1000226a:	689b      	ldr	r3, [r3, #8]
1000226c:	0084      	lsls	r4, r0, #2
1000226e:	591b      	ldr	r3, [r3, r4]
10002270:	4a0b      	ldr	r2, [pc, #44]	; (100022a0 <irq_set_exclusive_handler+0x50>)
10002272:	4293      	cmp	r3, r2
10002274:	d003      	beq.n	1000227e <irq_set_exclusive_handler+0x2e>
10002276:	429d      	cmp	r5, r3
10002278:	d001      	beq.n	1000227e <irq_set_exclusive_handler+0x2e>
1000227a:	f001 fa49 	bl	10003710 <hard_assertion_failure>
1000227e:	4b07      	ldr	r3, [pc, #28]	; (1000229c <irq_set_exclusive_handler+0x4c>)
10002280:	689b      	ldr	r3, [r3, #8]
10002282:	511d      	str	r5, [r3, r4]
10002284:	f3bf 8f5f 	dmb	sy
10002288:	f3bf 8f5f 	dmb	sy
1000228c:	2200      	movs	r2, #0
1000228e:	4b02      	ldr	r3, [pc, #8]	; (10002298 <irq_set_exclusive_handler+0x48>)
10002290:	601a      	str	r2, [r3, #0]
10002292:	f386 8810 	msr	PRIMASK, r6
10002296:	bd70      	pop	{r4, r5, r6, pc}
10002298:	d0000124 	.word	0xd0000124
1000229c:	e000ed00 	.word	0xe000ed00
100022a0:	100001c1 	.word	0x100001c1

100022a4 <irq_add_shared_handler>:
100022a4:	b5f0      	push	{r4, r5, r6, r7, lr}
100022a6:	4657      	mov	r7, sl
100022a8:	464e      	mov	r6, r9
100022aa:	46de      	mov	lr, fp
100022ac:	4645      	mov	r5, r8
100022ae:	b5e0      	push	{r5, r6, r7, lr}
100022b0:	b085      	sub	sp, #20
100022b2:	0006      	movs	r6, r0
100022b4:	9102      	str	r1, [sp, #8]
100022b6:	0017      	movs	r7, r2
100022b8:	f3ef 8b10 	mrs	fp, PRIMASK
100022bc:	b672      	cpsid	i
100022be:	4a67      	ldr	r2, [pc, #412]	; (1000245c <irq_add_shared_handler+0x1b8>)
100022c0:	6813      	ldr	r3, [r2, #0]
100022c2:	2b00      	cmp	r3, #0
100022c4:	d0fc      	beq.n	100022c0 <irq_add_shared_handler+0x1c>
100022c6:	f3bf 8f5f 	dmb	sy
100022ca:	2500      	movs	r5, #0
100022cc:	4b64      	ldr	r3, [pc, #400]	; (10002460 <irq_add_shared_handler+0x1bc>)
100022ce:	575d      	ldrsb	r5, [r3, r5]
100022d0:	469a      	mov	sl, r3
100022d2:	2d00      	cmp	r5, #0
100022d4:	da00      	bge.n	100022d8 <irq_add_shared_handler+0x34>
100022d6:	e0a4      	b.n	10002422 <irq_add_shared_handler+0x17e>
100022d8:	006b      	lsls	r3, r5, #1
100022da:	4c62      	ldr	r4, [pc, #392]	; (10002464 <irq_add_shared_handler+0x1c0>)
100022dc:	9303      	str	r3, [sp, #12]
100022de:	195b      	adds	r3, r3, r5
100022e0:	009b      	lsls	r3, r3, #2
100022e2:	4698      	mov	r8, r3
100022e4:	46a1      	mov	r9, r4
100022e6:	44c1      	add	r9, r8
100022e8:	464b      	mov	r3, r9
100022ea:	4652      	mov	r2, sl
100022ec:	799b      	ldrb	r3, [r3, #6]
100022ee:	3610      	adds	r6, #16
100022f0:	7013      	strb	r3, [r2, #0]
100022f2:	4b5d      	ldr	r3, [pc, #372]	; (10002468 <irq_add_shared_handler+0x1c4>)
100022f4:	00b2      	lsls	r2, r6, #2
100022f6:	689b      	ldr	r3, [r3, #8]
100022f8:	9201      	str	r2, [sp, #4]
100022fa:	5899      	ldr	r1, [r3, r2]
100022fc:	1b0b      	subs	r3, r1, r4
100022fe:	2b2f      	cmp	r3, #47	; 0x2f
10002300:	d934      	bls.n	1000236c <irq_add_shared_handler+0xc8>
10002302:	4b5a      	ldr	r3, [pc, #360]	; (1000246c <irq_add_shared_handler+0x1c8>)
10002304:	4299      	cmp	r1, r3
10002306:	d000      	beq.n	1000230a <irq_add_shared_handler+0x66>
10002308:	e0a4      	b.n	10002454 <irq_add_shared_handler+0x1b0>
1000230a:	9b03      	ldr	r3, [sp, #12]
1000230c:	4a58      	ldr	r2, [pc, #352]	; (10002470 <irq_add_shared_handler+0x1cc>)
1000230e:	469c      	mov	ip, r3
10002310:	4b58      	ldr	r3, [pc, #352]	; (10002474 <irq_add_shared_handler+0x1d0>)
10002312:	4465      	add	r5, ip
10002314:	00ad      	lsls	r5, r5, #2
10002316:	5363      	strh	r3, [r4, r5]
10002318:	4643      	mov	r3, r8
1000231a:	3302      	adds	r3, #2
1000231c:	1965      	adds	r5, r4, r5
1000231e:	18e4      	adds	r4, r4, r3
10002320:	4b55      	ldr	r3, [pc, #340]	; (10002478 <irq_add_shared_handler+0x1d4>)
10002322:	2101      	movs	r1, #1
10002324:	3b04      	subs	r3, #4
10002326:	1b1b      	subs	r3, r3, r4
10002328:	051b      	lsls	r3, r3, #20
1000232a:	0d5b      	lsrs	r3, r3, #21
1000232c:	4313      	orrs	r3, r2
1000232e:	806b      	strh	r3, [r5, #2]
10002330:	4b52      	ldr	r3, [pc, #328]	; (1000247c <irq_add_shared_handler+0x1d8>)
10002332:	71ef      	strb	r7, [r5, #7]
10002334:	80ab      	strh	r3, [r5, #4]
10002336:	23ff      	movs	r3, #255	; 0xff
10002338:	71ab      	strb	r3, [r5, #6]
1000233a:	9b02      	ldr	r3, [sp, #8]
1000233c:	60ab      	str	r3, [r5, #8]
1000233e:	464b      	mov	r3, r9
10002340:	430b      	orrs	r3, r1
10002342:	0019      	movs	r1, r3
10002344:	4b48      	ldr	r3, [pc, #288]	; (10002468 <irq_add_shared_handler+0x1c4>)
10002346:	9a01      	ldr	r2, [sp, #4]
10002348:	689b      	ldr	r3, [r3, #8]
1000234a:	5099      	str	r1, [r3, r2]
1000234c:	f3bf 8f5f 	dmb	sy
10002350:	f3bf 8f5f 	dmb	sy
10002354:	2200      	movs	r2, #0
10002356:	4b41      	ldr	r3, [pc, #260]	; (1000245c <irq_add_shared_handler+0x1b8>)
10002358:	601a      	str	r2, [r3, #0]
1000235a:	f38b 8810 	msr	PRIMASK, fp
1000235e:	b005      	add	sp, #20
10002360:	bcf0      	pop	{r4, r5, r6, r7}
10002362:	46bb      	mov	fp, r7
10002364:	46b2      	mov	sl, r6
10002366:	46a9      	mov	r9, r5
10002368:	46a0      	mov	r8, r4
1000236a:	bdf0      	pop	{r4, r5, r6, r7, pc}
1000236c:	2001      	movs	r0, #1
1000236e:	000a      	movs	r2, r1
10002370:	4382      	bics	r2, r0
10002372:	79d3      	ldrb	r3, [r2, #7]
10002374:	42bb      	cmp	r3, r7
10002376:	d82f      	bhi.n	100023d8 <irq_add_shared_handler+0x134>
10002378:	4645      	mov	r5, r8
1000237a:	464e      	mov	r6, r9
1000237c:	0013      	movs	r3, r2
1000237e:	4940      	ldr	r1, [pc, #256]	; (10002480 <irq_add_shared_handler+0x1dc>)
10002380:	1b1b      	subs	r3, r3, r4
10002382:	415b      	adcs	r3, r3
10002384:	4359      	muls	r1, r3
10002386:	0d09      	lsrs	r1, r1, #20
10002388:	4b3a      	ldr	r3, [pc, #232]	; (10002474 <irq_add_shared_handler+0x1d0>)
1000238a:	5363      	strh	r3, [r4, r5]
1000238c:	4b3a      	ldr	r3, [pc, #232]	; (10002478 <irq_add_shared_handler+0x1d4>)
1000238e:	3502      	adds	r5, #2
10002390:	1965      	adds	r5, r4, r5
10002392:	3b04      	subs	r3, #4
10002394:	1b5b      	subs	r3, r3, r5
10002396:	051b      	lsls	r3, r3, #20
10002398:	4d35      	ldr	r5, [pc, #212]	; (10002470 <irq_add_shared_handler+0x1cc>)
1000239a:	0d5b      	lsrs	r3, r3, #21
1000239c:	432b      	orrs	r3, r5
1000239e:	8073      	strh	r3, [r6, #2]
100023a0:	2604      	movs	r6, #4
100023a2:	46b4      	mov	ip, r6
100023a4:	44e0      	add	r8, ip
100023a6:	4444      	add	r4, r8
100023a8:	1f13      	subs	r3, r2, #4
100023aa:	1b1b      	subs	r3, r3, r4
100023ac:	464c      	mov	r4, r9
100023ae:	71a1      	strb	r1, [r4, #6]
100023b0:	9902      	ldr	r1, [sp, #8]
100023b2:	051b      	lsls	r3, r3, #20
100023b4:	60a1      	str	r1, [r4, #8]
100023b6:	4649      	mov	r1, r9
100023b8:	0d5b      	lsrs	r3, r3, #21
100023ba:	432b      	orrs	r3, r5
100023bc:	80a3      	strh	r3, [r4, #4]
100023be:	4b31      	ldr	r3, [pc, #196]	; (10002484 <irq_add_shared_handler+0x1e0>)
100023c0:	71e7      	strb	r7, [r4, #7]
100023c2:	4301      	orrs	r1, r0
100023c4:	6013      	str	r3, [r2, #0]
100023c6:	e7bd      	b.n	10002344 <irq_add_shared_handler+0xa0>
100023c8:	0058      	lsls	r0, r3, #1
100023ca:	18c0      	adds	r0, r0, r3
100023cc:	0080      	lsls	r0, r0, #2
100023ce:	1820      	adds	r0, r4, r0
100023d0:	79c6      	ldrb	r6, [r0, #7]
100023d2:	42be      	cmp	r6, r7
100023d4:	d92b      	bls.n	1000242e <irq_add_shared_handler+0x18a>
100023d6:	0002      	movs	r2, r0
100023d8:	2306      	movs	r3, #6
100023da:	56d3      	ldrsb	r3, [r2, r3]
100023dc:	2b00      	cmp	r3, #0
100023de:	daf3      	bge.n	100023c8 <irq_add_shared_handler+0x124>
100023e0:	1d10      	adds	r0, r2, #4
100023e2:	4682      	mov	sl, r0
100023e4:	4828      	ldr	r0, [pc, #160]	; (10002488 <irq_add_shared_handler+0x1e4>)
100023e6:	4680      	mov	r8, r0
100023e8:	2604      	movs	r6, #4
100023ea:	4276      	negs	r6, r6
100023ec:	46b4      	mov	ip, r6
100023ee:	44e1      	add	r9, ip
100023f0:	4650      	mov	r0, sl
100023f2:	464e      	mov	r6, r9
100023f4:	1a36      	subs	r6, r6, r0
100023f6:	0530      	lsls	r0, r6, #20
100023f8:	0d40      	lsrs	r0, r0, #21
100023fa:	4682      	mov	sl, r0
100023fc:	4656      	mov	r6, sl
100023fe:	481c      	ldr	r0, [pc, #112]	; (10002470 <irq_add_shared_handler+0x1cc>)
10002400:	7195      	strb	r5, [r2, #6]
10002402:	4306      	orrs	r6, r0
10002404:	8096      	strh	r6, [r2, #4]
10002406:	9a03      	ldr	r2, [sp, #12]
10002408:	4694      	mov	ip, r2
1000240a:	4465      	add	r5, ip
1000240c:	4a1d      	ldr	r2, [pc, #116]	; (10002484 <irq_add_shared_handler+0x1e0>)
1000240e:	00ad      	lsls	r5, r5, #2
10002410:	1964      	adds	r4, r4, r5
10002412:	6022      	str	r2, [r4, #0]
10002414:	4642      	mov	r2, r8
10002416:	71a3      	strb	r3, [r4, #6]
10002418:	9b02      	ldr	r3, [sp, #8]
1000241a:	80a2      	strh	r2, [r4, #4]
1000241c:	71e7      	strb	r7, [r4, #7]
1000241e:	60a3      	str	r3, [r4, #8]
10002420:	e790      	b.n	10002344 <irq_add_shared_handler+0xa0>
10002422:	f001 f975 	bl	10003710 <hard_assertion_failure>
10002426:	2500      	movs	r5, #0
10002428:	4653      	mov	r3, sl
1000242a:	575d      	ldrsb	r5, [r3, r5]
1000242c:	e754      	b.n	100022d8 <irq_add_shared_handler+0x34>
1000242e:	1d10      	adds	r0, r2, #4
10002430:	4682      	mov	sl, r0
10002432:	8890      	ldrh	r0, [r2, #4]
10002434:	0540      	lsls	r0, r0, #21
10002436:	1500      	asrs	r0, r0, #20
10002438:	4684      	mov	ip, r0
1000243a:	4640      	mov	r0, r8
1000243c:	44d4      	add	ip, sl
1000243e:	4666      	mov	r6, ip
10002440:	3004      	adds	r0, #4
10002442:	1820      	adds	r0, r4, r0
10002444:	1a30      	subs	r0, r6, r0
10002446:	26e0      	movs	r6, #224	; 0xe0
10002448:	0500      	lsls	r0, r0, #20
1000244a:	0d40      	lsrs	r0, r0, #21
1000244c:	0236      	lsls	r6, r6, #8
1000244e:	4330      	orrs	r0, r6
10002450:	4680      	mov	r8, r0
10002452:	e7c9      	b.n	100023e8 <irq_add_shared_handler+0x144>
10002454:	f001 f95c 	bl	10003710 <hard_assertion_failure>
10002458:	e757      	b.n	1000230a <irq_add_shared_handler+0x66>
1000245a:	46c0      	nop			; (mov r8, r8)
1000245c:	d0000124 	.word	0xd0000124
10002460:	20004071 	.word	0x20004071
10002464:	20001154 	.word	0x20001154
10002468:	e000ed00 	.word	0xe000ed00
1000246c:	100001c1 	.word	0x100001c1
10002470:	ffffe000 	.word	0xffffe000
10002474:	ffffa100 	.word	0xffffa100
10002478:	20001184 	.word	0x20001184
1000247c:	ffffbd01 	.word	0xffffbd01
10002480:	0000aaaa 	.word	0x0000aaaa
10002484:	47804801 	.word	0x47804801
10002488:	0000bd01 	.word	0x0000bd01

1000248c <irq_add_tail_to_free_list>:
1000248c:	b570      	push	{r4, r5, r6, lr}
1000248e:	2401      	movs	r4, #1
10002490:	4304      	orrs	r4, r0
10002492:	f3ef 8105 	mrs	r1, IPSR
10002496:	f3ef 8c10 	mrs	ip, PRIMASK
1000249a:	b672      	cpsid	i
1000249c:	4a21      	ldr	r2, [pc, #132]	; (10002524 <irq_add_tail_to_free_list+0x98>)
1000249e:	6813      	ldr	r3, [r2, #0]
100024a0:	2b00      	cmp	r3, #0
100024a2:	d0fc      	beq.n	1000249e <irq_add_tail_to_free_list+0x12>
100024a4:	f3bf 8f5f 	dmb	sy
100024a8:	4b1f      	ldr	r3, [pc, #124]	; (10002528 <irq_add_tail_to_free_list+0x9c>)
100024aa:	0005      	movs	r5, r0
100024ac:	4a1f      	ldr	r2, [pc, #124]	; (1000252c <irq_add_tail_to_free_list+0xa0>)
100024ae:	1aed      	subs	r5, r5, r3
100024b0:	416d      	adcs	r5, r5
100024b2:	436a      	muls	r2, r5
100024b4:	0d12      	lsrs	r2, r2, #20
100024b6:	4d1e      	ldr	r5, [pc, #120]	; (10002530 <irq_add_tail_to_free_list+0xa4>)
100024b8:	0089      	lsls	r1, r1, #2
100024ba:	68ae      	ldr	r6, [r5, #8]
100024bc:	b252      	sxtb	r2, r2
100024be:	5876      	ldr	r6, [r6, r1]
100024c0:	42a6      	cmp	r6, r4
100024c2:	d01c      	beq.n	100024fe <irq_add_tail_to_free_list+0x72>
100024c4:	2106      	movs	r1, #6
100024c6:	5659      	ldrsb	r1, [r3, r1]
100024c8:	4291      	cmp	r1, r2
100024ca:	d01c      	beq.n	10002506 <irq_add_tail_to_free_list+0x7a>
100024cc:	2112      	movs	r1, #18
100024ce:	5659      	ldrsb	r1, [r3, r1]
100024d0:	4291      	cmp	r1, r2
100024d2:	d022      	beq.n	1000251a <irq_add_tail_to_free_list+0x8e>
100024d4:	211e      	movs	r1, #30
100024d6:	5659      	ldrsb	r1, [r3, r1]
100024d8:	4291      	cmp	r1, r2
100024da:	d020      	beq.n	1000251e <irq_add_tail_to_free_list+0x92>
100024dc:	212a      	movs	r1, #42	; 0x2a
100024de:	5659      	ldrsb	r1, [r3, r1]
100024e0:	2403      	movs	r4, #3
100024e2:	4291      	cmp	r1, r2
100024e4:	d010      	beq.n	10002508 <irq_add_tail_to_free_list+0x7c>
100024e6:	4b13      	ldr	r3, [pc, #76]	; (10002534 <irq_add_tail_to_free_list+0xa8>)
100024e8:	7819      	ldrb	r1, [r3, #0]
100024ea:	701a      	strb	r2, [r3, #0]
100024ec:	7181      	strb	r1, [r0, #6]
100024ee:	f3bf 8f5f 	dmb	sy
100024f2:	2200      	movs	r2, #0
100024f4:	4b0b      	ldr	r3, [pc, #44]	; (10002524 <irq_add_tail_to_free_list+0x98>)
100024f6:	601a      	str	r2, [r3, #0]
100024f8:	f38c 8810 	msr	PRIMASK, ip
100024fc:	bd70      	pop	{r4, r5, r6, pc}
100024fe:	68ab      	ldr	r3, [r5, #8]
10002500:	4c0d      	ldr	r4, [pc, #52]	; (10002538 <irq_add_tail_to_free_list+0xac>)
10002502:	505c      	str	r4, [r3, r1]
10002504:	e7ef      	b.n	100024e6 <irq_add_tail_to_free_list+0x5a>
10002506:	2400      	movs	r4, #0
10002508:	0061      	lsls	r1, r4, #1
1000250a:	1909      	adds	r1, r1, r4
1000250c:	0089      	lsls	r1, r1, #2
1000250e:	185b      	adds	r3, r3, r1
10002510:	21ff      	movs	r1, #255	; 0xff
10002512:	7199      	strb	r1, [r3, #6]
10002514:	4909      	ldr	r1, [pc, #36]	; (1000253c <irq_add_tail_to_free_list+0xb0>)
10002516:	8099      	strh	r1, [r3, #4]
10002518:	e7e5      	b.n	100024e6 <irq_add_tail_to_free_list+0x5a>
1000251a:	2401      	movs	r4, #1
1000251c:	e7f4      	b.n	10002508 <irq_add_tail_to_free_list+0x7c>
1000251e:	2402      	movs	r4, #2
10002520:	e7f2      	b.n	10002508 <irq_add_tail_to_free_list+0x7c>
10002522:	46c0      	nop			; (mov r8, r8)
10002524:	d0000124 	.word	0xd0000124
10002528:	20001154 	.word	0x20001154
1000252c:	0000aaaa 	.word	0x0000aaaa
10002530:	e000ed00 	.word	0xe000ed00
10002534:	20004071 	.word	0x20004071
10002538:	100001c1 	.word	0x100001c1
1000253c:	ffffbd01 	.word	0xffffbd01

10002540 <user_irq_claim_unused>:
10002540:	b500      	push	{lr}
10002542:	4b07      	ldr	r3, [pc, #28]	; (10002560 <user_irq_claim_unused+0x20>)
10002544:	b083      	sub	sp, #12
10002546:	0001      	movs	r1, r0
10002548:	9300      	str	r3, [sp, #0]
1000254a:	2200      	movs	r2, #0
1000254c:	2305      	movs	r3, #5
1000254e:	4805      	ldr	r0, [pc, #20]	; (10002564 <user_irq_claim_unused+0x24>)
10002550:	f7ff fdbc 	bl	100020cc <hw_claim_unused_from_range>
10002554:	2800      	cmp	r0, #0
10002556:	db01      	blt.n	1000255c <user_irq_claim_unused+0x1c>
10002558:	231f      	movs	r3, #31
1000255a:	1a18      	subs	r0, r3, r0
1000255c:	b003      	add	sp, #12
1000255e:	bd00      	pop	{pc}
10002560:	1000aac0 	.word	0x1000aac0
10002564:	20004077 	.word	0x20004077

10002568 <lock_init>:
10002568:	4b02      	ldr	r3, [pc, #8]	; (10002574 <lock_init+0xc>)
1000256a:	469c      	mov	ip, r3
1000256c:	4461      	add	r1, ip
1000256e:	0089      	lsls	r1, r1, #2
10002570:	6001      	str	r1, [r0, #0]
10002572:	4770      	bx	lr
10002574:	34000040 	.word	0x34000040

10002578 <runtime_init_mutex>:
10002578:	b5f8      	push	{r3, r4, r5, r6, r7, lr}
1000257a:	4d13      	ldr	r5, [pc, #76]	; (100025c8 <runtime_init_mutex+0x50>)
1000257c:	4e13      	ldr	r6, [pc, #76]	; (100025cc <runtime_init_mutex+0x54>)
1000257e:	002c      	movs	r4, r5
10002580:	27ff      	movs	r7, #255	; 0xff
10002582:	42b5      	cmp	r5, r6
10002584:	d21e      	bcs.n	100025c4 <runtime_init_mutex+0x4c>
10002586:	6823      	ldr	r3, [r4, #0]
10002588:	2b00      	cmp	r3, #0
1000258a:	d00f      	beq.n	100025ac <runtime_init_mutex+0x34>
1000258c:	f7ff fdec 	bl	10002168 <next_striped_spin_lock_num>
10002590:	0001      	movs	r1, r0
10002592:	0028      	movs	r0, r5
10002594:	f7ff ffe8 	bl	10002568 <lock_init>
10002598:	80a7      	strh	r7, [r4, #4]
1000259a:	f3bf 8f5f 	dmb	sy
1000259e:	3408      	adds	r4, #8
100025a0:	42b4      	cmp	r4, r6
100025a2:	d20f      	bcs.n	100025c4 <runtime_init_mutex+0x4c>
100025a4:	6823      	ldr	r3, [r4, #0]
100025a6:	0025      	movs	r5, r4
100025a8:	2b00      	cmp	r3, #0
100025aa:	d1ef      	bne.n	1000258c <runtime_init_mutex+0x14>
100025ac:	f7ff fddc 	bl	10002168 <next_striped_spin_lock_num>
100025b0:	0001      	movs	r1, r0
100025b2:	0028      	movs	r0, r5
100025b4:	f7ff ffd8 	bl	10002568 <lock_init>
100025b8:	7127      	strb	r7, [r4, #4]
100025ba:	f3bf 8f5f 	dmb	sy
100025be:	3408      	adds	r4, #8
100025c0:	42b4      	cmp	r4, r6
100025c2:	d3ef      	bcc.n	100025a4 <runtime_init_mutex+0x2c>
100025c4:	bdf8      	pop	{r3, r4, r5, r6, r7, pc}
100025c6:	46c0      	nop			; (mov r8, r8)
100025c8:	20001650 	.word	0x20001650
100025cc:	20001660 	.word	0x20001660

100025d0 <mutex_init>:
100025d0:	b510      	push	{r4, lr}
100025d2:	0004      	movs	r4, r0
100025d4:	f7ff fdc8 	bl	10002168 <next_striped_spin_lock_num>
100025d8:	0001      	movs	r1, r0
100025da:	0020      	movs	r0, r4
100025dc:	f7ff ffc4 	bl	10002568 <lock_init>
100025e0:	23ff      	movs	r3, #255	; 0xff
100025e2:	7123      	strb	r3, [r4, #4]
100025e4:	f3bf 8f5f 	dmb	sy
100025e8:	bd10      	pop	{r4, pc}
100025ea:	46c0      	nop			; (mov r8, r8)

100025ec <critical_section_init>:
100025ec:	b510      	push	{r4, lr}
100025ee:	0004      	movs	r4, r0
100025f0:	2001      	movs	r0, #1
100025f2:	f7ff fdc5 	bl	10002180 <spin_lock_claim_unused>
100025f6:	4b04      	ldr	r3, [pc, #16]	; (10002608 <critical_section_init+0x1c>)
100025f8:	469c      	mov	ip, r3
100025fa:	4460      	add	r0, ip
100025fc:	0080      	lsls	r0, r0, #2
100025fe:	6020      	str	r0, [r4, #0]
10002600:	f3bf 8f5f 	dmb	sy
10002604:	bd10      	pop	{r4, pc}
10002606:	46c0      	nop			; (mov r8, r8)
10002608:	34000040 	.word	0x34000040

1000260c <critical_section_init_with_lock_num>:
1000260c:	4b03      	ldr	r3, [pc, #12]	; (1000261c <critical_section_init_with_lock_num+0x10>)
1000260e:	469c      	mov	ip, r3
10002610:	4461      	add	r1, ip
10002612:	0089      	lsls	r1, r1, #2
10002614:	6001      	str	r1, [r0, #0]
10002616:	f3bf 8f5f 	dmb	sy
1000261a:	4770      	bx	lr
1000261c:	34000040 	.word	0x34000040

10002620 <sleep_until_callback>:
10002620:	4b0a      	ldr	r3, [pc, #40]	; (1000264c <sleep_until_callback+0x2c>)
10002622:	6819      	ldr	r1, [r3, #0]
10002624:	f3ef 8010 	mrs	r0, PRIMASK
10002628:	b672      	cpsid	i
1000262a:	680a      	ldr	r2, [r1, #0]
1000262c:	2a00      	cmp	r2, #0
1000262e:	d0fc      	beq.n	1000262a <sleep_until_callback+0xa>
10002630:	f3bf 8f5f 	dmb	sy
10002634:	681b      	ldr	r3, [r3, #0]
10002636:	f3bf 8f5f 	dmb	sy
1000263a:	2200      	movs	r2, #0
1000263c:	601a      	str	r2, [r3, #0]
1000263e:	f380 8810 	msr	PRIMASK, r0
10002642:	bf40      	sev
10002644:	2000      	movs	r0, #0
10002646:	2100      	movs	r1, #0
10002648:	4770      	bx	lr
1000264a:	46c0      	nop			; (mov r8, r8)
1000264c:	20003fac 	.word	0x20003fac

10002650 <alarm_pool_irq_handler>:
10002650:	b5f0      	push	{r4, r5, r6, r7, lr}
10002652:	46de      	mov	lr, fp
10002654:	4657      	mov	r7, sl
10002656:	464e      	mov	r6, r9
10002658:	4645      	mov	r5, r8
1000265a:	b5e0      	push	{r5, r6, r7, lr}
1000265c:	b085      	sub	sp, #20
1000265e:	f3ef 8205 	mrs	r2, IPSR
10002662:	2303      	movs	r3, #3
10002664:	4013      	ands	r3, r2
10002666:	009a      	lsls	r2, r3, #2
10002668:	0011      	movs	r1, r2
1000266a:	9203      	str	r2, [sp, #12]
1000266c:	4ab6      	ldr	r2, [pc, #728]	; (10002948 <alarm_pool_irq_handler+0x2f8>)
1000266e:	5852      	ldr	r2, [r2, r1]
10002670:	4690      	mov	r8, r2
10002672:	2201      	movs	r2, #1
10002674:	409a      	lsls	r2, r3
10002676:	4691      	mov	r9, r2
10002678:	4bb4      	ldr	r3, [pc, #720]	; (1000294c <alarm_pool_irq_handler+0x2fc>)
1000267a:	601a      	str	r2, [r3, #0]
1000267c:	464b      	mov	r3, r9
1000267e:	48b4      	ldr	r0, [pc, #720]	; (10002950 <alarm_pool_irq_handler+0x300>)
10002680:	6343      	str	r3, [r0, #52]	; 0x34
10002682:	4643      	mov	r3, r8
10002684:	2208      	movs	r2, #8
10002686:	5e9b      	ldrsh	r3, [r3, r2]
10002688:	469a      	mov	sl, r3
1000268a:	2b00      	cmp	r3, #0
1000268c:	da3d      	bge.n	1000270a <alarm_pool_irq_handler+0xba>
1000268e:	4643      	mov	r3, r8
10002690:	889b      	ldrh	r3, [r3, #4]
10002692:	b21b      	sxth	r3, r3
10002694:	2b00      	cmp	r3, #0
10002696:	db00      	blt.n	1000269a <alarm_pool_irq_handler+0x4a>
10002698:	e0a1      	b.n	100027de <alarm_pool_irq_handler+0x18e>
1000269a:	4643      	mov	r3, r8
1000269c:	799b      	ldrb	r3, [r3, #6]
1000269e:	2b00      	cmp	r3, #0
100026a0:	d000      	beq.n	100026a4 <alarm_pool_irq_handler+0x54>
100026a2:	e0f3      	b.n	1000288c <alarm_pool_irq_handler+0x23c>
100026a4:	4643      	mov	r3, r8
100026a6:	2408      	movs	r4, #8
100026a8:	5f1c      	ldrsh	r4, [r3, r4]
100026aa:	2c00      	cmp	r4, #0
100026ac:	db23      	blt.n	100026f6 <alarm_pool_irq_handler+0xa6>
100026ae:	4642      	mov	r2, r8
100026b0:	6952      	ldr	r2, [r2, #20]
100026b2:	0063      	lsls	r3, r4, #1
100026b4:	4694      	mov	ip, r2
100026b6:	191b      	adds	r3, r3, r4
100026b8:	00db      	lsls	r3, r3, #3
100026ba:	4463      	add	r3, ip
100026bc:	689c      	ldr	r4, [r3, #8]
100026be:	68dd      	ldr	r5, [r3, #12]
100026c0:	1c63      	adds	r3, r4, #1
100026c2:	d100      	bne.n	100026c6 <alarm_pool_irq_handler+0x76>
100026c4:	e10f      	b.n	100028e6 <alarm_pool_irq_handler+0x296>
100026c6:	48a2      	ldr	r0, [pc, #648]	; (10002950 <alarm_pool_irq_handler+0x300>)
100026c8:	9903      	ldr	r1, [sp, #12]
100026ca:	4684      	mov	ip, r0
100026cc:	4461      	add	r1, ip
100026ce:	6a82      	ldr	r2, [r0, #40]	; 0x28
100026d0:	690b      	ldr	r3, [r1, #16]
100026d2:	1aa6      	subs	r6, r4, r2
100026d4:	1a9b      	subs	r3, r3, r2
100026d6:	429e      	cmp	r6, r3
100026d8:	d315      	bcc.n	10002706 <alarm_pool_irq_handler+0xb6>
100026da:	464a      	mov	r2, r9
100026dc:	6a03      	ldr	r3, [r0, #32]
100026de:	421a      	tst	r2, r3
100026e0:	d011      	beq.n	10002706 <alarm_pool_irq_handler+0xb6>
100026e2:	489b      	ldr	r0, [pc, #620]	; (10002950 <alarm_pool_irq_handler+0x300>)
100026e4:	f000 fbdc 	bl	10002ea0 <timer_time_us_64>
100026e8:	1a24      	subs	r4, r4, r0
100026ea:	418d      	sbcs	r5, r1
100026ec:	2d00      	cmp	r5, #0
100026ee:	dc02      	bgt.n	100026f6 <alarm_pool_irq_handler+0xa6>
100026f0:	d1c4      	bne.n	1000267c <alarm_pool_irq_handler+0x2c>
100026f2:	2c00      	cmp	r4, #0
100026f4:	d0c2      	beq.n	1000267c <alarm_pool_irq_handler+0x2c>
100026f6:	bf40      	sev
100026f8:	b005      	add	sp, #20
100026fa:	bcf0      	pop	{r4, r5, r6, r7}
100026fc:	46bb      	mov	fp, r7
100026fe:	46b2      	mov	sl, r6
10002700:	46a9      	mov	r9, r5
10002702:	46a0      	mov	r8, r4
10002704:	bdf0      	pop	{r4, r5, r6, r7, pc}
10002706:	610c      	str	r4, [r1, #16]
10002708:	e7eb      	b.n	100026e2 <alarm_pool_irq_handler+0x92>
1000270a:	4642      	mov	r2, r8
1000270c:	6952      	ldr	r2, [r2, #20]
1000270e:	005b      	lsls	r3, r3, #1
10002710:	4693      	mov	fp, r2
10002712:	4453      	add	r3, sl
10002714:	00db      	lsls	r3, r3, #3
10002716:	449b      	add	fp, r3
10002718:	465b      	mov	r3, fp
1000271a:	689e      	ldr	r6, [r3, #8]
1000271c:	68df      	ldr	r7, [r3, #12]
1000271e:	f000 fbbf 	bl	10002ea0 <timer_time_us_64>
10002722:	1b80      	subs	r0, r0, r6
10002724:	41b9      	sbcs	r1, r7
10002726:	2900      	cmp	r1, #0
10002728:	dbb1      	blt.n	1000268e <alarm_pool_irq_handler+0x3e>
1000272a:	2f00      	cmp	r7, #0
1000272c:	da00      	bge.n	10002730 <alarm_pool_irq_handler+0xe0>
1000272e:	e0e5      	b.n	100028fc <alarm_pool_irq_handler+0x2ac>
10002730:	465b      	mov	r3, fp
10002732:	4a88      	ldr	r2, [pc, #544]	; (10002954 <alarm_pool_irq_handler+0x304>)
10002734:	691b      	ldr	r3, [r3, #16]
10002736:	4293      	cmp	r3, r2
10002738:	d100      	bne.n	1000273c <alarm_pool_irq_handler+0xec>
1000273a:	e0d8      	b.n	100028ee <alarm_pool_irq_handler+0x29e>
1000273c:	4641      	mov	r1, r8
1000273e:	465a      	mov	r2, fp
10002740:	2008      	movs	r0, #8
10002742:	5e08      	ldrsh	r0, [r1, r0]
10002744:	8852      	ldrh	r2, [r2, #2]
10002746:	0400      	lsls	r0, r0, #16
10002748:	4310      	orrs	r0, r2
1000274a:	465a      	mov	r2, fp
1000274c:	6951      	ldr	r1, [r2, #20]
1000274e:	4798      	blx	r3
10002750:	0004      	movs	r4, r0
10002752:	000d      	movs	r5, r1
10002754:	0023      	movs	r3, r4
10002756:	432b      	orrs	r3, r5
10002758:	d100      	bne.n	1000275c <alarm_pool_irq_handler+0x10c>
1000275a:	e0cf      	b.n	100028fc <alarm_pool_irq_handler+0x2ac>
1000275c:	2d00      	cmp	r5, #0
1000275e:	db00      	blt.n	10002762 <alarm_pool_irq_handler+0x112>
10002760:	e0e8      	b.n	10002934 <alarm_pool_irq_handler+0x2e4>
10002762:	1b36      	subs	r6, r6, r4
10002764:	41af      	sbcs	r7, r5
10002766:	0034      	movs	r4, r6
10002768:	003d      	movs	r5, r7
1000276a:	465b      	mov	r3, fp
1000276c:	609c      	str	r4, [r3, #8]
1000276e:	60dd      	str	r5, [r3, #12]
10002770:	2100      	movs	r1, #0
10002772:	5e59      	ldrsh	r1, [r3, r1]
10002774:	2900      	cmp	r1, #0
10002776:	da00      	bge.n	1000277a <alarm_pool_irq_handler+0x12a>
10002778:	e789      	b.n	1000268e <alarm_pool_irq_handler+0x3e>
1000277a:	4643      	mov	r3, r8
1000277c:	695b      	ldr	r3, [r3, #20]
1000277e:	0022      	movs	r2, r4
10002780:	469c      	mov	ip, r3
10002782:	002b      	movs	r3, r5
10002784:	0048      	lsls	r0, r1, #1
10002786:	1840      	adds	r0, r0, r1
10002788:	00c0      	lsls	r0, r0, #3
1000278a:	4460      	add	r0, ip
1000278c:	6886      	ldr	r6, [r0, #8]
1000278e:	68c7      	ldr	r7, [r0, #12]
10002790:	1b92      	subs	r2, r2, r6
10002792:	41bb      	sbcs	r3, r7
10002794:	2b00      	cmp	r3, #0
10002796:	da00      	bge.n	1000279a <alarm_pool_irq_handler+0x14a>
10002798:	e779      	b.n	1000268e <alarm_pool_irq_handler+0x3e>
1000279a:	4643      	mov	r3, r8
1000279c:	4666      	mov	r6, ip
1000279e:	0002      	movs	r2, r0
100027a0:	9400      	str	r4, [sp, #0]
100027a2:	9501      	str	r5, [sp, #4]
100027a4:	8119      	strh	r1, [r3, #8]
100027a6:	e00c      	b.n	100027c2 <alarm_pool_irq_handler+0x172>
100027a8:	007b      	lsls	r3, r7, #1
100027aa:	19db      	adds	r3, r3, r7
100027ac:	00db      	lsls	r3, r3, #3
100027ae:	18f3      	adds	r3, r6, r3
100027b0:	9800      	ldr	r0, [sp, #0]
100027b2:	9901      	ldr	r1, [sp, #4]
100027b4:	689c      	ldr	r4, [r3, #8]
100027b6:	68dd      	ldr	r5, [r3, #12]
100027b8:	1b00      	subs	r0, r0, r4
100027ba:	41a9      	sbcs	r1, r5
100027bc:	2900      	cmp	r1, #0
100027be:	db04      	blt.n	100027ca <alarm_pool_irq_handler+0x17a>
100027c0:	001a      	movs	r2, r3
100027c2:	2300      	movs	r3, #0
100027c4:	5ed7      	ldrsh	r7, [r2, r3]
100027c6:	2f00      	cmp	r7, #0
100027c8:	daee      	bge.n	100027a8 <alarm_pool_irq_handler+0x158>
100027ca:	465b      	mov	r3, fp
100027cc:	801f      	strh	r7, [r3, #0]
100027ce:	4653      	mov	r3, sl
100027d0:	8013      	strh	r3, [r2, #0]
100027d2:	4643      	mov	r3, r8
100027d4:	889b      	ldrh	r3, [r3, #4]
100027d6:	b21b      	sxth	r3, r3
100027d8:	2b00      	cmp	r3, #0
100027da:	da00      	bge.n	100027de <alarm_pool_irq_handler+0x18e>
100027dc:	e75d      	b.n	1000269a <alarm_pool_irq_handler+0x4a>
100027de:	4643      	mov	r3, r8
100027e0:	691a      	ldr	r2, [r3, #16]
100027e2:	f3ef 8110 	mrs	r1, PRIMASK
100027e6:	b672      	cpsid	i
100027e8:	6813      	ldr	r3, [r2, #0]
100027ea:	2b00      	cmp	r3, #0
100027ec:	d0fc      	beq.n	100027e8 <alarm_pool_irq_handler+0x198>
100027ee:	f3bf 8f5f 	dmb	sy
100027f2:	4643      	mov	r3, r8
100027f4:	889b      	ldrh	r3, [r3, #4]
100027f6:	4642      	mov	r2, r8
100027f8:	b21b      	sxth	r3, r3
100027fa:	469a      	mov	sl, r3
100027fc:	2301      	movs	r3, #1
100027fe:	425b      	negs	r3, r3
10002800:	8093      	strh	r3, [r2, #4]
10002802:	6913      	ldr	r3, [r2, #16]
10002804:	f3bf 8f5f 	dmb	sy
10002808:	2200      	movs	r2, #0
1000280a:	601a      	str	r2, [r3, #0]
1000280c:	f381 8810 	msr	PRIMASK, r1
10002810:	4653      	mov	r3, sl
10002812:	2b00      	cmp	r3, #0
10002814:	da00      	bge.n	10002818 <alarm_pool_irq_handler+0x1c8>
10002816:	e740      	b.n	1000269a <alarm_pool_irq_handler+0x4a>
10002818:	4643      	mov	r3, r8
1000281a:	695b      	ldr	r3, [r3, #20]
1000281c:	469c      	mov	ip, r3
1000281e:	2308      	movs	r3, #8
10002820:	4443      	add	r3, r8
10002822:	469b      	mov	fp, r3
10002824:	4653      	mov	r3, sl
10002826:	005f      	lsls	r7, r3, #1
10002828:	4643      	mov	r3, r8
1000282a:	4457      	add	r7, sl
1000282c:	00ff      	lsls	r7, r7, #3
1000282e:	2208      	movs	r2, #8
10002830:	5e9a      	ldrsh	r2, [r3, r2]
10002832:	4467      	add	r7, ip
10002834:	465e      	mov	r6, fp
10002836:	68bc      	ldr	r4, [r7, #8]
10002838:	68fd      	ldr	r5, [r7, #12]
1000283a:	2a00      	cmp	r2, #0
1000283c:	db19      	blt.n	10002872 <alarm_pool_irq_handler+0x222>
1000283e:	003b      	movs	r3, r7
10002840:	9400      	str	r4, [sp, #0]
10002842:	9501      	str	r5, [sp, #4]
10002844:	4667      	mov	r7, ip
10002846:	469c      	mov	ip, r3
10002848:	e004      	b.n	10002854 <alarm_pool_irq_handler+0x204>
1000284a:	001e      	movs	r6, r3
1000284c:	2300      	movs	r3, #0
1000284e:	5ef2      	ldrsh	r2, [r6, r3]
10002850:	2a00      	cmp	r2, #0
10002852:	db0b      	blt.n	1000286c <alarm_pool_irq_handler+0x21c>
10002854:	9800      	ldr	r0, [sp, #0]
10002856:	9901      	ldr	r1, [sp, #4]
10002858:	0053      	lsls	r3, r2, #1
1000285a:	189b      	adds	r3, r3, r2
1000285c:	00db      	lsls	r3, r3, #3
1000285e:	18fb      	adds	r3, r7, r3
10002860:	689c      	ldr	r4, [r3, #8]
10002862:	68dd      	ldr	r5, [r3, #12]
10002864:	1b00      	subs	r0, r0, r4
10002866:	41a9      	sbcs	r1, r5
10002868:	2900      	cmp	r1, #0
1000286a:	daee      	bge.n	1000284a <alarm_pool_irq_handler+0x1fa>
1000286c:	4663      	mov	r3, ip
1000286e:	46bc      	mov	ip, r7
10002870:	001f      	movs	r7, r3
10002872:	4653      	mov	r3, sl
10002874:	8033      	strh	r3, [r6, #0]
10002876:	2100      	movs	r1, #0
10002878:	5e7b      	ldrsh	r3, [r7, r1]
1000287a:	803a      	strh	r2, [r7, #0]
1000287c:	469a      	mov	sl, r3
1000287e:	2b00      	cmp	r3, #0
10002880:	dad0      	bge.n	10002824 <alarm_pool_irq_handler+0x1d4>
10002882:	4643      	mov	r3, r8
10002884:	799b      	ldrb	r3, [r3, #6]
10002886:	2b00      	cmp	r3, #0
10002888:	d100      	bne.n	1000288c <alarm_pool_irq_handler+0x23c>
1000288a:	e70b      	b.n	100026a4 <alarm_pool_irq_handler+0x54>
1000288c:	2300      	movs	r3, #0
1000288e:	4642      	mov	r2, r8
10002890:	7193      	strb	r3, [r2, #6]
10002892:	4643      	mov	r3, r8
10002894:	4646      	mov	r6, r8
10002896:	2108      	movs	r1, #8
10002898:	5e59      	ldrsh	r1, [r3, r1]
1000289a:	3608      	adds	r6, #8
1000289c:	1c4b      	adds	r3, r1, #1
1000289e:	d100      	bne.n	100028a2 <alarm_pool_irq_handler+0x252>
100028a0:	e729      	b.n	100026f6 <alarm_pool_irq_handler+0xa6>
100028a2:	4647      	mov	r7, r8
100028a4:	468c      	mov	ip, r1
100028a6:	6955      	ldr	r5, [r2, #20]
100028a8:	e002      	b.n	100028b0 <alarm_pool_irq_handler+0x260>
100028aa:	0006      	movs	r6, r0
100028ac:	1c4b      	adds	r3, r1, #1
100028ae:	d017      	beq.n	100028e0 <alarm_pool_irq_handler+0x290>
100028b0:	004b      	lsls	r3, r1, #1
100028b2:	185b      	adds	r3, r3, r1
100028b4:	00db      	lsls	r3, r3, #3
100028b6:	18e8      	adds	r0, r5, r3
100028b8:	000a      	movs	r2, r1
100028ba:	5ee9      	ldrsh	r1, [r5, r3]
100028bc:	8843      	ldrh	r3, [r0, #2]
100028be:	b21b      	sxth	r3, r3
100028c0:	2b00      	cmp	r3, #0
100028c2:	daf2      	bge.n	100028aa <alarm_pool_irq_handler+0x25a>
100028c4:	2301      	movs	r3, #1
100028c6:	425b      	negs	r3, r3
100028c8:	17dc      	asrs	r4, r3, #31
100028ca:	6083      	str	r3, [r0, #8]
100028cc:	60c4      	str	r4, [r0, #12]
100028ce:	4562      	cmp	r2, ip
100028d0:	d0ec      	beq.n	100028ac <alarm_pool_irq_handler+0x25c>
100028d2:	8031      	strh	r1, [r6, #0]
100028d4:	893b      	ldrh	r3, [r7, #8]
100028d6:	4694      	mov	ip, r2
100028d8:	8003      	strh	r3, [r0, #0]
100028da:	813a      	strh	r2, [r7, #8]
100028dc:	1c4b      	adds	r3, r1, #1
100028de:	d1e7      	bne.n	100028b0 <alarm_pool_irq_handler+0x260>
100028e0:	46b8      	mov	r8, r7
100028e2:	4664      	mov	r4, ip
100028e4:	e6e1      	b.n	100026aa <alarm_pool_irq_handler+0x5a>
100028e6:	1c6b      	adds	r3, r5, #1
100028e8:	d000      	beq.n	100028ec <alarm_pool_irq_handler+0x29c>
100028ea:	e6ec      	b.n	100026c6 <alarm_pool_irq_handler+0x76>
100028ec:	e6f9      	b.n	100026e2 <alarm_pool_irq_handler+0x92>
100028ee:	465b      	mov	r3, fp
100028f0:	695c      	ldr	r4, [r3, #20]
100028f2:	0020      	movs	r0, r4
100028f4:	6923      	ldr	r3, [r4, #16]
100028f6:	4798      	blx	r3
100028f8:	2800      	cmp	r0, #0
100028fa:	d121      	bne.n	10002940 <alarm_pool_irq_handler+0x2f0>
100028fc:	465b      	mov	r3, fp
100028fe:	4642      	mov	r2, r8
10002900:	881b      	ldrh	r3, [r3, #0]
10002902:	8113      	strh	r3, [r2, #8]
10002904:	6912      	ldr	r2, [r2, #16]
10002906:	f3ef 8310 	mrs	r3, PRIMASK
1000290a:	b672      	cpsid	i
1000290c:	6811      	ldr	r1, [r2, #0]
1000290e:	2900      	cmp	r1, #0
10002910:	d0fc      	beq.n	1000290c <alarm_pool_irq_handler+0x2bc>
10002912:	f3bf 8f5f 	dmb	sy
10002916:	4642      	mov	r2, r8
10002918:	4659      	mov	r1, fp
1000291a:	8852      	ldrh	r2, [r2, #2]
1000291c:	800a      	strh	r2, [r1, #0]
1000291e:	4642      	mov	r2, r8
10002920:	4651      	mov	r1, sl
10002922:	8051      	strh	r1, [r2, #2]
10002924:	6912      	ldr	r2, [r2, #16]
10002926:	f3bf 8f5f 	dmb	sy
1000292a:	2100      	movs	r1, #0
1000292c:	6011      	str	r1, [r2, #0]
1000292e:	f383 8810 	msr	PRIMASK, r3
10002932:	e6ac      	b.n	1000268e <alarm_pool_irq_handler+0x3e>
10002934:	4806      	ldr	r0, [pc, #24]	; (10002950 <alarm_pool_irq_handler+0x300>)
10002936:	f000 fab3 	bl	10002ea0 <timer_time_us_64>
1000293a:	1824      	adds	r4, r4, r0
1000293c:	414d      	adcs	r5, r1
1000293e:	e714      	b.n	1000276a <alarm_pool_irq_handler+0x11a>
10002940:	6865      	ldr	r5, [r4, #4]
10002942:	6824      	ldr	r4, [r4, #0]
10002944:	e706      	b.n	10002754 <alarm_pool_irq_handler+0x104>
10002946:	46c0      	nop			; (mov r8, r8)
10002948:	20003e90 	.word	0x20003e90
1000294c:	4005703c 	.word	0x4005703c
10002950:	40054000 	.word	0x40054000
10002954:	10002651 	.word	0x10002651

10002958 <runtime_init_default_alarm_pool>:
10002958:	b570      	push	{r4, r5, r6, lr}
1000295a:	4c2e      	ldr	r4, [pc, #184]	; (10002a14 <runtime_init_default_alarm_pool+0xbc>)
1000295c:	6925      	ldr	r5, [r4, #16]
1000295e:	2d00      	cmp	r5, #0
10002960:	d004      	beq.n	1000296c <runtime_init_default_alarm_pool+0x14>
10002962:	210a      	movs	r1, #10
10002964:	482c      	ldr	r0, [pc, #176]	; (10002a18 <runtime_init_default_alarm_pool+0xc0>)
10002966:	f7ff fdff 	bl	10002568 <lock_init>
1000296a:	bd70      	pop	{r4, r5, r6, pc}
1000296c:	4e2b      	ldr	r6, [pc, #172]	; (10002a1c <runtime_init_default_alarm_pool+0xc4>)
1000296e:	2103      	movs	r1, #3
10002970:	0030      	movs	r0, r6
10002972:	f000 fa8b 	bl	10002e8c <timer_hardware_alarm_claim>
10002976:	60e6      	str	r6, [r4, #12]
10002978:	f7ff fbf6 	bl	10002168 <next_striped_spin_lock_num>
1000297c:	4b28      	ldr	r3, [pc, #160]	; (10002a20 <runtime_init_default_alarm_pool+0xc8>)
1000297e:	2203      	movs	r2, #3
10002980:	469c      	mov	ip, r3
10002982:	23d0      	movs	r3, #208	; 0xd0
10002984:	7022      	strb	r2, [r4, #0]
10002986:	061b      	lsls	r3, r3, #24
10002988:	681b      	ldr	r3, [r3, #0]
1000298a:	2101      	movs	r1, #1
1000298c:	7063      	strb	r3, [r4, #1]
1000298e:	4b25      	ldr	r3, [pc, #148]	; (10002a24 <runtime_init_default_alarm_pool+0xcc>)
10002990:	4460      	add	r0, ip
10002992:	60a3      	str	r3, [r4, #8]
10002994:	230f      	movs	r3, #15
10002996:	0080      	lsls	r0, r0, #2
10002998:	6120      	str	r0, [r4, #16]
1000299a:	2002      	movs	r0, #2
1000299c:	8063      	strh	r3, [r4, #2]
1000299e:	6963      	ldr	r3, [r4, #20]
100029a0:	4249      	negs	r1, r1
100029a2:	80a1      	strh	r1, [r4, #4]
100029a4:	8019      	strh	r1, [r3, #0]
100029a6:	3102      	adds	r1, #2
100029a8:	8619      	strh	r1, [r3, #48]	; 0x30
100029aa:	3147      	adds	r1, #71	; 0x47
100029ac:	831d      	strh	r5, [r3, #24]
100029ae:	5258      	strh	r0, [r3, r1]
100029b0:	3118      	adds	r1, #24
100029b2:	525a      	strh	r2, [r3, r1]
100029b4:	3275      	adds	r2, #117	; 0x75
100029b6:	395c      	subs	r1, #92	; 0x5c
100029b8:	5299      	strh	r1, [r3, r2]
100029ba:	3218      	adds	r2, #24
100029bc:	3101      	adds	r1, #1
100029be:	5299      	strh	r1, [r3, r2]
100029c0:	3218      	adds	r2, #24
100029c2:	3101      	adds	r1, #1
100029c4:	5299      	strh	r1, [r3, r2]
100029c6:	3218      	adds	r2, #24
100029c8:	3101      	adds	r1, #1
100029ca:	5299      	strh	r1, [r3, r2]
100029cc:	3508      	adds	r5, #8
100029ce:	3218      	adds	r2, #24
100029d0:	529d      	strh	r5, [r3, r2]
100029d2:	3102      	adds	r1, #2
100029d4:	3218      	adds	r2, #24
100029d6:	5299      	strh	r1, [r3, r2]
100029d8:	3218      	adds	r2, #24
100029da:	3101      	adds	r1, #1
100029dc:	5299      	strh	r1, [r3, r2]
100029de:	3218      	adds	r2, #24
100029e0:	3101      	adds	r1, #1
100029e2:	5299      	strh	r1, [r3, r2]
100029e4:	3218      	adds	r2, #24
100029e6:	3101      	adds	r1, #1
100029e8:	5299      	strh	r1, [r3, r2]
100029ea:	3218      	adds	r2, #24
100029ec:	3101      	adds	r1, #1
100029ee:	5299      	strh	r1, [r3, r2]
100029f0:	3218      	adds	r2, #24
100029f2:	3101      	adds	r1, #1
100029f4:	5299      	strh	r1, [r3, r2]
100029f6:	4b0c      	ldr	r3, [pc, #48]	; (10002a28 <runtime_init_default_alarm_pool+0xd0>)
100029f8:	490c      	ldr	r1, [pc, #48]	; (10002a2c <runtime_init_default_alarm_pool+0xd4>)
100029fa:	60dc      	str	r4, [r3, #12]
100029fc:	3001      	adds	r0, #1
100029fe:	6235      	str	r5, [r6, #32]
10002a00:	f7ff fc26 	bl	10002250 <irq_set_exclusive_handler>
10002a04:	2101      	movs	r1, #1
10002a06:	2003      	movs	r0, #3
10002a08:	f7ff fbea 	bl	100021e0 <irq_set_enabled>
10002a0c:	4b08      	ldr	r3, [pc, #32]	; (10002a30 <runtime_init_default_alarm_pool+0xd8>)
10002a0e:	601d      	str	r5, [r3, #0]
10002a10:	e7a7      	b.n	10002962 <runtime_init_default_alarm_pool+0xa>
10002a12:	46c0      	nop			; (mov r8, r8)
10002a14:	2000119c 	.word	0x2000119c
10002a18:	20003fac 	.word	0x20003fac
10002a1c:	40054000 	.word	0x40054000
10002a20:	34000040 	.word	0x34000040
10002a24:	0010ffff 	.word	0x0010ffff
10002a28:	20003e90 	.word	0x20003e90
10002a2c:	10002651 	.word	0x10002651
10002a30:	40056038 	.word	0x40056038

10002a34 <alarm_pool_get_default>:
10002a34:	4800      	ldr	r0, [pc, #0]	; (10002a38 <alarm_pool_get_default+0x4>)
10002a36:	4770      	bx	lr
10002a38:	2000119c 	.word	0x2000119c

10002a3c <alarm_pool_add_alarm_at>:
10002a3c:	b5f8      	push	{r3, r4, r5, r6, r7, lr}
10002a3e:	001f      	movs	r7, r3
10002a40:	ab08      	add	r3, sp, #32
10002a42:	781b      	ldrb	r3, [r3, #0]
10002a44:	0004      	movs	r4, r0
10002a46:	0016      	movs	r6, r2
10002a48:	2b00      	cmp	r3, #0
10002a4a:	d107      	bne.n	10002a5c <alarm_pool_add_alarm_at+0x20>
10002a4c:	f000 fa30 	bl	10002eb0 <time_us_64>
10002a50:	0032      	movs	r2, r6
10002a52:	003b      	movs	r3, r7
10002a54:	1a12      	subs	r2, r2, r0
10002a56:	418b      	sbcs	r3, r1
10002a58:	2b00      	cmp	r3, #0
10002a5a:	db4c      	blt.n	10002af6 <alarm_pool_add_alarm_at+0xba>
10002a5c:	6922      	ldr	r2, [r4, #16]
10002a5e:	f3ef 8010 	mrs	r0, PRIMASK
10002a62:	b672      	cpsid	i
10002a64:	6813      	ldr	r3, [r2, #0]
10002a66:	2b00      	cmp	r3, #0
10002a68:	d0fc      	beq.n	10002a64 <alarm_pool_add_alarm_at+0x28>
10002a6a:	f3bf 8f5f 	dmb	sy
10002a6e:	6962      	ldr	r2, [r4, #20]
10002a70:	2302      	movs	r3, #2
10002a72:	5ee1      	ldrsh	r1, [r4, r3]
10002a74:	4694      	mov	ip, r2
10002a76:	004b      	lsls	r3, r1, #1
10002a78:	185b      	adds	r3, r3, r1
10002a7a:	00db      	lsls	r3, r3, #3
10002a7c:	4463      	add	r3, ip
10002a7e:	2900      	cmp	r1, #0
10002a80:	db01      	blt.n	10002a86 <alarm_pool_add_alarm_at+0x4a>
10002a82:	881a      	ldrh	r2, [r3, #0]
10002a84:	8062      	strh	r2, [r4, #2]
10002a86:	6922      	ldr	r2, [r4, #16]
10002a88:	f3bf 8f5f 	dmb	sy
10002a8c:	2500      	movs	r5, #0
10002a8e:	6015      	str	r5, [r2, #0]
10002a90:	f380 8810 	msr	PRIMASK, r0
10002a94:	2900      	cmp	r1, #0
10002a96:	db30      	blt.n	10002afa <alarm_pool_add_alarm_at+0xbe>
10002a98:	9a06      	ldr	r2, [sp, #24]
10002a9a:	609e      	str	r6, [r3, #8]
10002a9c:	60df      	str	r7, [r3, #12]
10002a9e:	611a      	str	r2, [r3, #16]
10002aa0:	9a07      	ldr	r2, [sp, #28]
10002aa2:	615a      	str	r2, [r3, #20]
10002aa4:	885a      	ldrh	r2, [r3, #2]
10002aa6:	3201      	adds	r2, #1
10002aa8:	0452      	lsls	r2, r2, #17
10002aaa:	0c52      	lsrs	r2, r2, #17
10002aac:	1c16      	adds	r6, r2, #0
10002aae:	2a00      	cmp	r2, #0
10002ab0:	d01f      	beq.n	10002af2 <alarm_pool_add_alarm_at+0xb6>
10002ab2:	b2b0      	uxth	r0, r6
10002ab4:	040a      	lsls	r2, r1, #16
10002ab6:	805e      	strh	r6, [r3, #2]
10002ab8:	4310      	orrs	r0, r2
10002aba:	6926      	ldr	r6, [r4, #16]
10002abc:	f3ef 8510 	mrs	r5, PRIMASK
10002ac0:	b672      	cpsid	i
10002ac2:	6832      	ldr	r2, [r6, #0]
10002ac4:	2a00      	cmp	r2, #0
10002ac6:	d0fc      	beq.n	10002ac2 <alarm_pool_add_alarm_at+0x86>
10002ac8:	f3bf 8f5f 	dmb	sy
10002acc:	88a2      	ldrh	r2, [r4, #4]
10002ace:	801a      	strh	r2, [r3, #0]
10002ad0:	80a1      	strh	r1, [r4, #4]
10002ad2:	6923      	ldr	r3, [r4, #16]
10002ad4:	f3bf 8f5f 	dmb	sy
10002ad8:	2200      	movs	r2, #0
10002ada:	601a      	str	r2, [r3, #0]
10002adc:	f385 8810 	msr	PRIMASK, r5
10002ae0:	4907      	ldr	r1, [pc, #28]	; (10002b00 <alarm_pool_add_alarm_at+0xc4>)
10002ae2:	7823      	ldrb	r3, [r4, #0]
10002ae4:	468c      	mov	ip, r1
10002ae6:	3201      	adds	r2, #1
10002ae8:	409a      	lsls	r2, r3
10002aea:	68e3      	ldr	r3, [r4, #12]
10002aec:	4463      	add	r3, ip
10002aee:	601a      	str	r2, [r3, #0]
10002af0:	bdf8      	pop	{r3, r4, r5, r6, r7, pc}
10002af2:	2601      	movs	r6, #1
10002af4:	e7dd      	b.n	10002ab2 <alarm_pool_add_alarm_at+0x76>
10002af6:	2000      	movs	r0, #0
10002af8:	e7fa      	b.n	10002af0 <alarm_pool_add_alarm_at+0xb4>
10002afa:	2001      	movs	r0, #1
10002afc:	4240      	negs	r0, r0
10002afe:	e7f7      	b.n	10002af0 <alarm_pool_add_alarm_at+0xb4>
10002b00:	0000203c 	.word	0x0000203c

10002b04 <alarm_pool_add_alarm_at_force_in_context>:
10002b04:	b570      	push	{r4, r5, r6, lr}
10002b06:	46c6      	mov	lr, r8
10002b08:	0001      	movs	r1, r0
10002b0a:	b500      	push	{lr}
10002b0c:	6904      	ldr	r4, [r0, #16]
10002b0e:	f3ef 8c10 	mrs	ip, PRIMASK
10002b12:	b672      	cpsid	i
10002b14:	6820      	ldr	r0, [r4, #0]
10002b16:	2800      	cmp	r0, #0
10002b18:	d0fc      	beq.n	10002b14 <alarm_pool_add_alarm_at_force_in_context+0x10>
10002b1a:	f3bf 8f5f 	dmb	sy
10002b1e:	2002      	movs	r0, #2
10002b20:	5e0d      	ldrsh	r5, [r1, r0]
10002b22:	6948      	ldr	r0, [r1, #20]
10002b24:	006c      	lsls	r4, r5, #1
10002b26:	4680      	mov	r8, r0
10002b28:	1964      	adds	r4, r4, r5
10002b2a:	00e4      	lsls	r4, r4, #3
10002b2c:	4444      	add	r4, r8
10002b2e:	2d00      	cmp	r5, #0
10002b30:	db01      	blt.n	10002b36 <alarm_pool_add_alarm_at_force_in_context+0x32>
10002b32:	8820      	ldrh	r0, [r4, #0]
10002b34:	8048      	strh	r0, [r1, #2]
10002b36:	6908      	ldr	r0, [r1, #16]
10002b38:	f3bf 8f5f 	dmb	sy
10002b3c:	2600      	movs	r6, #0
10002b3e:	6006      	str	r6, [r0, #0]
10002b40:	f38c 8810 	msr	PRIMASK, ip
10002b44:	2d00      	cmp	r5, #0
10002b46:	db30      	blt.n	10002baa <alarm_pool_add_alarm_at_force_in_context+0xa6>
10002b48:	60e3      	str	r3, [r4, #12]
10002b4a:	8863      	ldrh	r3, [r4, #2]
10002b4c:	9805      	ldr	r0, [sp, #20]
10002b4e:	3301      	adds	r3, #1
10002b50:	6120      	str	r0, [r4, #16]
10002b52:	045b      	lsls	r3, r3, #17
10002b54:	9806      	ldr	r0, [sp, #24]
10002b56:	0c5b      	lsrs	r3, r3, #17
10002b58:	60a2      	str	r2, [r4, #8]
10002b5a:	6160      	str	r0, [r4, #20]
10002b5c:	1c1a      	adds	r2, r3, #0
10002b5e:	2b00      	cmp	r3, #0
10002b60:	d021      	beq.n	10002ba6 <alarm_pool_add_alarm_at_force_in_context+0xa2>
10002b62:	b290      	uxth	r0, r2
10002b64:	042b      	lsls	r3, r5, #16
10002b66:	8062      	strh	r2, [r4, #2]
10002b68:	4318      	orrs	r0, r3
10002b6a:	690a      	ldr	r2, [r1, #16]
10002b6c:	f3ef 8610 	mrs	r6, PRIMASK
10002b70:	b672      	cpsid	i
10002b72:	6813      	ldr	r3, [r2, #0]
10002b74:	2b00      	cmp	r3, #0
10002b76:	d0fc      	beq.n	10002b72 <alarm_pool_add_alarm_at_force_in_context+0x6e>
10002b78:	f3bf 8f5f 	dmb	sy
10002b7c:	888b      	ldrh	r3, [r1, #4]
10002b7e:	8023      	strh	r3, [r4, #0]
10002b80:	808d      	strh	r5, [r1, #4]
10002b82:	690b      	ldr	r3, [r1, #16]
10002b84:	f3bf 8f5f 	dmb	sy
10002b88:	2200      	movs	r2, #0
10002b8a:	601a      	str	r2, [r3, #0]
10002b8c:	f386 8810 	msr	PRIMASK, r6
10002b90:	780b      	ldrb	r3, [r1, #0]
10002b92:	3201      	adds	r2, #1
10002b94:	409a      	lsls	r2, r3
10002b96:	68cb      	ldr	r3, [r1, #12]
10002b98:	4905      	ldr	r1, [pc, #20]	; (10002bb0 <alarm_pool_add_alarm_at_force_in_context+0xac>)
10002b9a:	468c      	mov	ip, r1
10002b9c:	4463      	add	r3, ip
10002b9e:	601a      	str	r2, [r3, #0]
10002ba0:	bc40      	pop	{r6}
10002ba2:	46b0      	mov	r8, r6
10002ba4:	bd70      	pop	{r4, r5, r6, pc}
10002ba6:	2201      	movs	r2, #1
10002ba8:	e7db      	b.n	10002b62 <alarm_pool_add_alarm_at_force_in_context+0x5e>
10002baa:	2001      	movs	r0, #1
10002bac:	4240      	negs	r0, r0
10002bae:	e7f7      	b.n	10002ba0 <alarm_pool_add_alarm_at_force_in_context+0x9c>
10002bb0:	0000203c 	.word	0x0000203c

10002bb4 <alarm_pool_cancel_alarm>:
10002bb4:	b510      	push	{r4, lr}
10002bb6:	8943      	ldrh	r3, [r0, #10]
10002bb8:	140a      	asrs	r2, r1, #16
10002bba:	4293      	cmp	r3, r2
10002bbc:	dd33      	ble.n	10002c26 <alarm_pool_cancel_alarm+0x72>
10002bbe:	0053      	lsls	r3, r2, #1
10002bc0:	189b      	adds	r3, r3, r2
10002bc2:	6942      	ldr	r2, [r0, #20]
10002bc4:	00db      	lsls	r3, r3, #3
10002bc6:	4694      	mov	ip, r2
10002bc8:	6904      	ldr	r4, [r0, #16]
10002bca:	4463      	add	r3, ip
10002bcc:	f3ef 8c10 	mrs	ip, PRIMASK
10002bd0:	b672      	cpsid	i
10002bd2:	6822      	ldr	r2, [r4, #0]
10002bd4:	2a00      	cmp	r2, #0
10002bd6:	d0fc      	beq.n	10002bd2 <alarm_pool_cancel_alarm+0x1e>
10002bd8:	f3bf 8f5f 	dmb	sy
10002bdc:	885a      	ldrh	r2, [r3, #2]
10002bde:	0409      	lsls	r1, r1, #16
10002be0:	b294      	uxth	r4, r2
10002be2:	0c09      	lsrs	r1, r1, #16
10002be4:	428a      	cmp	r2, r1
10002be6:	d008      	beq.n	10002bfa <alarm_pool_cancel_alarm+0x46>
10002be8:	6903      	ldr	r3, [r0, #16]
10002bea:	f3bf 8f5f 	dmb	sy
10002bee:	2200      	movs	r2, #0
10002bf0:	601a      	str	r2, [r3, #0]
10002bf2:	f38c 8810 	msr	PRIMASK, ip
10002bf6:	2000      	movs	r0, #0
10002bf8:	bd10      	pop	{r4, pc}
10002bfa:	2280      	movs	r2, #128	; 0x80
10002bfc:	0212      	lsls	r2, r2, #8
10002bfe:	4314      	orrs	r4, r2
10002c00:	805c      	strh	r4, [r3, #2]
10002c02:	2301      	movs	r3, #1
10002c04:	6902      	ldr	r2, [r0, #16]
10002c06:	7183      	strb	r3, [r0, #6]
10002c08:	f3bf 8f5f 	dmb	sy
10002c0c:	2100      	movs	r1, #0
10002c0e:	6011      	str	r1, [r2, #0]
10002c10:	f38c 8810 	msr	PRIMASK, ip
10002c14:	4905      	ldr	r1, [pc, #20]	; (10002c2c <alarm_pool_cancel_alarm+0x78>)
10002c16:	7802      	ldrb	r2, [r0, #0]
10002c18:	468c      	mov	ip, r1
10002c1a:	4093      	lsls	r3, r2
10002c1c:	68c2      	ldr	r2, [r0, #12]
10002c1e:	2001      	movs	r0, #1
10002c20:	4462      	add	r2, ip
10002c22:	6013      	str	r3, [r2, #0]
10002c24:	e7e8      	b.n	10002bf8 <alarm_pool_cancel_alarm+0x44>
10002c26:	2000      	movs	r0, #0
10002c28:	e7e6      	b.n	10002bf8 <alarm_pool_cancel_alarm+0x44>
10002c2a:	46c0      	nop			; (mov r8, r8)
10002c2c:	0000203c 	.word	0x0000203c

10002c30 <alarm_pool_core_num>:
10002c30:	7840      	ldrb	r0, [r0, #1]
10002c32:	4770      	bx	lr

10002c34 <sleep_until>:
10002c34:	b5f0      	push	{r4, r5, r6, r7, lr}
10002c36:	0004      	movs	r4, r0
10002c38:	000d      	movs	r5, r1
10002c3a:	2606      	movs	r6, #6
10002c3c:	4276      	negs	r6, r6
10002c3e:	17f7      	asrs	r7, r6, #31
10002c40:	46c6      	mov	lr, r8
10002c42:	1936      	adds	r6, r6, r4
10002c44:	416f      	adcs	r7, r5
10002c46:	b500      	push	{lr}
10002c48:	b082      	sub	sp, #8
10002c4a:	428f      	cmp	r7, r1
10002c4c:	d814      	bhi.n	10002c78 <sleep_until+0x44>
10002c4e:	d011      	beq.n	10002c74 <sleep_until+0x40>
10002c50:	f000 f92e 	bl	10002eb0 <time_us_64>
10002c54:	0032      	movs	r2, r6
10002c56:	003b      	movs	r3, r7
10002c58:	1a12      	subs	r2, r2, r0
10002c5a:	418b      	sbcs	r3, r1
10002c5c:	2b00      	cmp	r3, #0
10002c5e:	dc15      	bgt.n	10002c8c <sleep_until+0x58>
10002c60:	2b00      	cmp	r3, #0
10002c62:	d044      	beq.n	10002cee <sleep_until+0xba>
10002c64:	0020      	movs	r0, r4
10002c66:	0029      	movs	r1, r5
10002c68:	f000 f956 	bl	10002f18 <busy_wait_until>
10002c6c:	b002      	add	sp, #8
10002c6e:	bc80      	pop	{r7}
10002c70:	46b8      	mov	r8, r7
10002c72:	bdf0      	pop	{r4, r5, r6, r7, pc}
10002c74:	4286      	cmp	r6, r0
10002c76:	d9eb      	bls.n	10002c50 <sleep_until+0x1c>
10002c78:	2600      	movs	r6, #0
10002c7a:	2700      	movs	r7, #0
10002c7c:	f000 f918 	bl	10002eb0 <time_us_64>
10002c80:	0032      	movs	r2, r6
10002c82:	003b      	movs	r3, r7
10002c84:	1a12      	subs	r2, r2, r0
10002c86:	418b      	sbcs	r3, r1
10002c88:	2b00      	cmp	r3, #0
10002c8a:	dde9      	ble.n	10002c60 <sleep_until+0x2c>
10002c8c:	f000 f910 	bl	10002eb0 <time_us_64>
10002c90:	0032      	movs	r2, r6
10002c92:	003b      	movs	r3, r7
10002c94:	1a12      	subs	r2, r2, r0
10002c96:	418b      	sbcs	r3, r1
10002c98:	2b00      	cmp	r3, #0
10002c9a:	db0a      	blt.n	10002cb2 <sleep_until+0x7e>
10002c9c:	2300      	movs	r3, #0
10002c9e:	9301      	str	r3, [sp, #4]
10002ca0:	4b14      	ldr	r3, [pc, #80]	; (10002cf4 <sleep_until+0xc0>)
10002ca2:	0032      	movs	r2, r6
10002ca4:	9300      	str	r3, [sp, #0]
10002ca6:	4814      	ldr	r0, [pc, #80]	; (10002cf8 <sleep_until+0xc4>)
10002ca8:	003b      	movs	r3, r7
10002caa:	f7ff ff2b 	bl	10002b04 <alarm_pool_add_alarm_at_force_in_context>
10002cae:	2800      	cmp	r0, #0
10002cb0:	dbd8      	blt.n	10002c64 <sleep_until+0x30>
10002cb2:	46b0      	mov	r8, r6
10002cb4:	2600      	movs	r6, #0
10002cb6:	46bc      	mov	ip, r7
10002cb8:	4a10      	ldr	r2, [pc, #64]	; (10002cfc <sleep_until+0xc8>)
10002cba:	4f11      	ldr	r7, [pc, #68]	; (10002d00 <sleep_until+0xcc>)
10002cbc:	6a7b      	ldr	r3, [r7, #36]	; 0x24
10002cbe:	459c      	cmp	ip, r3
10002cc0:	d804      	bhi.n	10002ccc <sleep_until+0x98>
10002cc2:	6ab9      	ldr	r1, [r7, #40]	; 0x28
10002cc4:	4588      	cmp	r8, r1
10002cc6:	d9cd      	bls.n	10002c64 <sleep_until+0x30>
10002cc8:	459c      	cmp	ip, r3
10002cca:	d1cb      	bne.n	10002c64 <sleep_until+0x30>
10002ccc:	6811      	ldr	r1, [r2, #0]
10002cce:	f3ef 8010 	mrs	r0, PRIMASK
10002cd2:	b672      	cpsid	i
10002cd4:	680b      	ldr	r3, [r1, #0]
10002cd6:	2b00      	cmp	r3, #0
10002cd8:	d0fc      	beq.n	10002cd4 <sleep_until+0xa0>
10002cda:	f3bf 8f5f 	dmb	sy
10002cde:	6813      	ldr	r3, [r2, #0]
10002ce0:	f3bf 8f5f 	dmb	sy
10002ce4:	601e      	str	r6, [r3, #0]
10002ce6:	f380 8810 	msr	PRIMASK, r0
10002cea:	bf20      	wfe
10002cec:	e7e6      	b.n	10002cbc <sleep_until+0x88>
10002cee:	2a00      	cmp	r2, #0
10002cf0:	d0b8      	beq.n	10002c64 <sleep_until+0x30>
10002cf2:	e7cb      	b.n	10002c8c <sleep_until+0x58>
10002cf4:	10002621 	.word	0x10002621
10002cf8:	2000119c 	.word	0x2000119c
10002cfc:	20003fac 	.word	0x20003fac
10002d00:	40054000 	.word	0x40054000

10002d04 <sleep_us>:
10002d04:	b570      	push	{r4, r5, r6, lr}
10002d06:	0004      	movs	r4, r0
10002d08:	000d      	movs	r5, r1
10002d0a:	f000 f8d1 	bl	10002eb0 <time_us_64>
10002d0e:	1900      	adds	r0, r0, r4
10002d10:	4169      	adcs	r1, r5
10002d12:	2900      	cmp	r1, #0
10002d14:	db02      	blt.n	10002d1c <sleep_us+0x18>
10002d16:	f7ff ff8d 	bl	10002c34 <sleep_until>
10002d1a:	bd70      	pop	{r4, r5, r6, pc}
10002d1c:	2001      	movs	r0, #1
10002d1e:	4901      	ldr	r1, [pc, #4]	; (10002d24 <sleep_us+0x20>)
10002d20:	4240      	negs	r0, r0
10002d22:	e7f8      	b.n	10002d16 <sleep_us+0x12>
10002d24:	7fffffff 	.word	0x7fffffff

10002d28 <sleep_ms>:
10002d28:	b570      	push	{r4, r5, r6, lr}
10002d2a:	0006      	movs	r6, r0
10002d2c:	f000 f8c0 	bl	10002eb0 <time_us_64>
10002d30:	22fa      	movs	r2, #250	; 0xfa
10002d32:	0004      	movs	r4, r0
10002d34:	000d      	movs	r5, r1
10002d36:	2300      	movs	r3, #0
10002d38:	0030      	movs	r0, r6
10002d3a:	2100      	movs	r1, #0
10002d3c:	0092      	lsls	r2, r2, #2
10002d3e:	f001 fc7b 	bl	10004638 <__wrap___aeabi_lmul>
10002d42:	1900      	adds	r0, r0, r4
10002d44:	4169      	adcs	r1, r5
10002d46:	2900      	cmp	r1, #0
10002d48:	db02      	blt.n	10002d50 <sleep_ms+0x28>
10002d4a:	f7ff ff73 	bl	10002c34 <sleep_until>
10002d4e:	bd70      	pop	{r4, r5, r6, pc}
10002d50:	2001      	movs	r0, #1
10002d52:	4901      	ldr	r1, [pc, #4]	; (10002d58 <sleep_ms+0x30>)
10002d54:	4240      	negs	r0, r0
10002d56:	e7f8      	b.n	10002d4a <sleep_ms+0x22>
10002d58:	7fffffff 	.word	0x7fffffff

10002d5c <best_effort_wfe_or_timeout>:
10002d5c:	b5f0      	push	{r4, r5, r6, r7, lr}
10002d5e:	46ce      	mov	lr, r9
10002d60:	4647      	mov	r7, r8
10002d62:	b580      	push	{r7, lr}
10002d64:	0004      	movs	r4, r0
10002d66:	000d      	movs	r5, r1
10002d68:	b083      	sub	sp, #12
10002d6a:	f3ef 8705 	mrs	r7, IPSR
10002d6e:	2f00      	cmp	r7, #0
10002d70:	d00d      	beq.n	10002d8e <best_effort_wfe_or_timeout+0x32>
10002d72:	4a36      	ldr	r2, [pc, #216]	; (10002e4c <best_effort_wfe_or_timeout+0xf0>)
10002d74:	2000      	movs	r0, #0
10002d76:	6a53      	ldr	r3, [r2, #36]	; 0x24
10002d78:	428b      	cmp	r3, r1
10002d7a:	d303      	bcc.n	10002d84 <best_effort_wfe_or_timeout+0x28>
10002d7c:	6a92      	ldr	r2, [r2, #40]	; 0x28
10002d7e:	3001      	adds	r0, #1
10002d80:	42a2      	cmp	r2, r4
10002d82:	d350      	bcc.n	10002e26 <best_effort_wfe_or_timeout+0xca>
10002d84:	b003      	add	sp, #12
10002d86:	bcc0      	pop	{r6, r7}
10002d88:	46b9      	mov	r9, r7
10002d8a:	46b0      	mov	r8, r6
10002d8c:	bdf0      	pop	{r4, r5, r6, r7, pc}
10002d8e:	4b30      	ldr	r3, [pc, #192]	; (10002e50 <best_effort_wfe_or_timeout+0xf4>)
10002d90:	4698      	mov	r8, r3
10002d92:	68db      	ldr	r3, [r3, #12]
10002d94:	4699      	mov	r9, r3
10002d96:	4643      	mov	r3, r8
10002d98:	4648      	mov	r0, r9
10002d9a:	781e      	ldrb	r6, [r3, #0]
10002d9c:	f000 f880 	bl	10002ea0 <timer_time_us_64>
10002da0:	000b      	movs	r3, r1
10002da2:	4649      	mov	r1, r9
10002da4:	0002      	movs	r2, r0
10002da6:	3604      	adds	r6, #4
10002da8:	00b6      	lsls	r6, r6, #2
10002daa:	5871      	ldr	r1, [r6, r1]
10002dac:	0020      	movs	r0, r4
10002dae:	1a8e      	subs	r6, r1, r2
10002db0:	0029      	movs	r1, r5
10002db2:	1a80      	subs	r0, r0, r2
10002db4:	4199      	sbcs	r1, r3
10002db6:	428f      	cmp	r7, r1
10002db8:	dc11      	bgt.n	10002dde <best_effort_wfe_or_timeout+0x82>
10002dba:	d00e      	beq.n	10002dda <best_effort_wfe_or_timeout+0x7e>
10002dbc:	bf20      	wfe
10002dbe:	4a23      	ldr	r2, [pc, #140]	; (10002e4c <best_effort_wfe_or_timeout+0xf0>)
10002dc0:	2000      	movs	r0, #0
10002dc2:	6a53      	ldr	r3, [r2, #36]	; 0x24
10002dc4:	42ab      	cmp	r3, r5
10002dc6:	d3dd      	bcc.n	10002d84 <best_effort_wfe_or_timeout+0x28>
10002dc8:	6a92      	ldr	r2, [r2, #40]	; 0x28
10002dca:	3001      	adds	r0, #1
10002dcc:	42a2      	cmp	r2, r4
10002dce:	d2d9      	bcs.n	10002d84 <best_effort_wfe_or_timeout+0x28>
10002dd0:	1ae8      	subs	r0, r5, r3
10002dd2:	1e42      	subs	r2, r0, #1
10002dd4:	4190      	sbcs	r0, r2
10002dd6:	b2c0      	uxtb	r0, r0
10002dd8:	e7d4      	b.n	10002d84 <best_effort_wfe_or_timeout+0x28>
10002dda:	4286      	cmp	r6, r0
10002ddc:	d9ee      	bls.n	10002dbc <best_effort_wfe_or_timeout+0x60>
10002dde:	f000 f867 	bl	10002eb0 <time_us_64>
10002de2:	0022      	movs	r2, r4
10002de4:	002b      	movs	r3, r5
10002de6:	1a12      	subs	r2, r2, r0
10002de8:	418b      	sbcs	r3, r1
10002dea:	2b00      	cmp	r3, #0
10002dec:	db20      	blt.n	10002e30 <best_effort_wfe_or_timeout+0xd4>
10002dee:	2300      	movs	r3, #0
10002df0:	9301      	str	r3, [sp, #4]
10002df2:	4b18      	ldr	r3, [pc, #96]	; (10002e54 <best_effort_wfe_or_timeout+0xf8>)
10002df4:	0022      	movs	r2, r4
10002df6:	9300      	str	r3, [sp, #0]
10002df8:	4640      	mov	r0, r8
10002dfa:	002b      	movs	r3, r5
10002dfc:	f7ff fe82 	bl	10002b04 <alarm_pool_add_alarm_at_force_in_context>
10002e00:	1e01      	subs	r1, r0, #0
10002e02:	dd15      	ble.n	10002e30 <best_effort_wfe_or_timeout+0xd4>
10002e04:	4b11      	ldr	r3, [pc, #68]	; (10002e4c <best_effort_wfe_or_timeout+0xf0>)
10002e06:	002e      	movs	r6, r5
10002e08:	6a5a      	ldr	r2, [r3, #36]	; 0x24
10002e0a:	4295      	cmp	r5, r2
10002e0c:	d81c      	bhi.n	10002e48 <best_effort_wfe_or_timeout+0xec>
10002e0e:	6a9b      	ldr	r3, [r3, #40]	; 0x28
10002e10:	42a3      	cmp	r3, r4
10002e12:	d317      	bcc.n	10002e44 <best_effort_wfe_or_timeout+0xe8>
10002e14:	4640      	mov	r0, r8
10002e16:	f7ff fecd 	bl	10002bb4 <alarm_pool_cancel_alarm>
10002e1a:	4a0c      	ldr	r2, [pc, #48]	; (10002e4c <best_effort_wfe_or_timeout+0xf0>)
10002e1c:	2000      	movs	r0, #0
10002e1e:	6a53      	ldr	r3, [r2, #36]	; 0x24
10002e20:	429e      	cmp	r6, r3
10002e22:	d8af      	bhi.n	10002d84 <best_effort_wfe_or_timeout+0x28>
10002e24:	e7d0      	b.n	10002dc8 <best_effort_wfe_or_timeout+0x6c>
10002e26:	1a58      	subs	r0, r3, r1
10002e28:	1e42      	subs	r2, r0, #1
10002e2a:	4190      	sbcs	r0, r2
10002e2c:	b2c0      	uxtb	r0, r0
10002e2e:	e7a9      	b.n	10002d84 <best_effort_wfe_or_timeout+0x28>
10002e30:	4a06      	ldr	r2, [pc, #24]	; (10002e4c <best_effort_wfe_or_timeout+0xf0>)
10002e32:	2000      	movs	r0, #0
10002e34:	6a53      	ldr	r3, [r2, #36]	; 0x24
10002e36:	42ab      	cmp	r3, r5
10002e38:	d3a4      	bcc.n	10002d84 <best_effort_wfe_or_timeout+0x28>
10002e3a:	6a92      	ldr	r2, [r2, #40]	; 0x28
10002e3c:	2001      	movs	r0, #1
10002e3e:	42a2      	cmp	r2, r4
10002e40:	d2a0      	bcs.n	10002d84 <best_effort_wfe_or_timeout+0x28>
10002e42:	e7c5      	b.n	10002dd0 <best_effort_wfe_or_timeout+0x74>
10002e44:	4295      	cmp	r5, r2
10002e46:	d1e5      	bne.n	10002e14 <best_effort_wfe_or_timeout+0xb8>
10002e48:	bf20      	wfe
10002e4a:	e7e3      	b.n	10002e14 <best_effort_wfe_or_timeout+0xb8>
10002e4c:	40054000 	.word	0x40054000
10002e50:	2000119c 	.word	0x2000119c
10002e54:	10002621 	.word	0x10002621

10002e58 <check_single_timeout_us>:
10002e58:	4a08      	ldr	r2, [pc, #32]	; (10002e7c <check_single_timeout_us+0x24>)
10002e5a:	6843      	ldr	r3, [r0, #4]
10002e5c:	6a51      	ldr	r1, [r2, #36]	; 0x24
10002e5e:	b510      	push	{r4, lr}
10002e60:	6804      	ldr	r4, [r0, #0]
10002e62:	2000      	movs	r0, #0
10002e64:	428b      	cmp	r3, r1
10002e66:	d803      	bhi.n	10002e70 <check_single_timeout_us+0x18>
10002e68:	6a92      	ldr	r2, [r2, #40]	; 0x28
10002e6a:	3001      	adds	r0, #1
10002e6c:	42a2      	cmp	r2, r4
10002e6e:	d300      	bcc.n	10002e72 <check_single_timeout_us+0x1a>
10002e70:	bd10      	pop	{r4, pc}
10002e72:	1a5b      	subs	r3, r3, r1
10002e74:	1e5a      	subs	r2, r3, #1
10002e76:	4193      	sbcs	r3, r2
10002e78:	b2d8      	uxtb	r0, r3
10002e7a:	e7f9      	b.n	10002e70 <check_single_timeout_us+0x18>
10002e7c:	40054000 	.word	0x40054000

10002e80 <init_single_timeout_until>:
10002e80:	6002      	str	r2, [r0, #0]
10002e82:	6043      	str	r3, [r0, #4]
10002e84:	4800      	ldr	r0, [pc, #0]	; (10002e88 <init_single_timeout_until+0x8>)
10002e86:	4770      	bx	lr
10002e88:	10002e59 	.word	0x10002e59

10002e8c <timer_hardware_alarm_claim>:
10002e8c:	b510      	push	{r4, lr}
10002e8e:	4a02      	ldr	r2, [pc, #8]	; (10002e98 <timer_hardware_alarm_claim+0xc>)
10002e90:	4802      	ldr	r0, [pc, #8]	; (10002e9c <timer_hardware_alarm_claim+0x10>)
10002e92:	f7ff f8f9 	bl	10002088 <hw_claim_or_assert>
10002e96:	bd10      	pop	{r4, pc}
10002e98:	1000aadc 	.word	0x1000aadc
10002e9c:	20002148 	.word	0x20002148

10002ea0 <timer_time_us_64>:
10002ea0:	0003      	movs	r3, r0
10002ea2:	6a41      	ldr	r1, [r0, #36]	; 0x24
10002ea4:	000a      	movs	r2, r1
10002ea6:	6a98      	ldr	r0, [r3, #40]	; 0x28
10002ea8:	6a59      	ldr	r1, [r3, #36]	; 0x24
10002eaa:	428a      	cmp	r2, r1
10002eac:	d1fa      	bne.n	10002ea4 <timer_time_us_64+0x4>
10002eae:	4770      	bx	lr

10002eb0 <time_us_64>:
10002eb0:	4b03      	ldr	r3, [pc, #12]	; (10002ec0 <time_us_64+0x10>)
10002eb2:	6a59      	ldr	r1, [r3, #36]	; 0x24
10002eb4:	000a      	movs	r2, r1
10002eb6:	6a98      	ldr	r0, [r3, #40]	; 0x28
10002eb8:	6a59      	ldr	r1, [r3, #36]	; 0x24
10002eba:	4291      	cmp	r1, r2
10002ebc:	d1fa      	bne.n	10002eb4 <time_us_64+0x4>
10002ebe:	4770      	bx	lr
10002ec0:	40054000 	.word	0x40054000

10002ec4 <busy_wait_us>:
10002ec4:	b570      	push	{r4, r5, r6, lr}
10002ec6:	0004      	movs	r4, r0
10002ec8:	000d      	movs	r5, r1
10002eca:	4a12      	ldr	r2, [pc, #72]	; (10002f14 <busy_wait_us+0x50>)
10002ecc:	6a53      	ldr	r3, [r2, #36]	; 0x24
10002ece:	0019      	movs	r1, r3
10002ed0:	6a96      	ldr	r6, [r2, #40]	; 0x28
10002ed2:	6a53      	ldr	r3, [r2, #36]	; 0x24
10002ed4:	428b      	cmp	r3, r1
10002ed6:	d1fa      	bne.n	10002ece <busy_wait_us+0xa>
10002ed8:	0030      	movs	r0, r6
10002eda:	0019      	movs	r1, r3
10002edc:	1824      	adds	r4, r4, r0
10002ede:	414d      	adcs	r5, r1
10002ee0:	42ab      	cmp	r3, r5
10002ee2:	d811      	bhi.n	10002f08 <busy_wait_us+0x44>
10002ee4:	d00e      	beq.n	10002f04 <busy_wait_us+0x40>
10002ee6:	002b      	movs	r3, r5
10002ee8:	490a      	ldr	r1, [pc, #40]	; (10002f14 <busy_wait_us+0x50>)
10002eea:	6a4a      	ldr	r2, [r1, #36]	; 0x24
10002eec:	429a      	cmp	r2, r3
10002eee:	d3fc      	bcc.n	10002eea <busy_wait_us+0x26>
10002ef0:	d107      	bne.n	10002f02 <busy_wait_us+0x3e>
10002ef2:	4a08      	ldr	r2, [pc, #32]	; (10002f14 <busy_wait_us+0x50>)
10002ef4:	e002      	b.n	10002efc <busy_wait_us+0x38>
10002ef6:	6a51      	ldr	r1, [r2, #36]	; 0x24
10002ef8:	4299      	cmp	r1, r3
10002efa:	d102      	bne.n	10002f02 <busy_wait_us+0x3e>
10002efc:	6a91      	ldr	r1, [r2, #40]	; 0x28
10002efe:	42a1      	cmp	r1, r4
10002f00:	d3f9      	bcc.n	10002ef6 <busy_wait_us+0x32>
10002f02:	bd70      	pop	{r4, r5, r6, pc}
10002f04:	42a6      	cmp	r6, r4
10002f06:	d9ee      	bls.n	10002ee6 <busy_wait_us+0x22>
10002f08:	2301      	movs	r3, #1
10002f0a:	2401      	movs	r4, #1
10002f0c:	4264      	negs	r4, r4
10002f0e:	17e5      	asrs	r5, r4, #31
10002f10:	425b      	negs	r3, r3
10002f12:	e7e9      	b.n	10002ee8 <busy_wait_us+0x24>
10002f14:	40054000 	.word	0x40054000

10002f18 <busy_wait_until>:
10002f18:	4a06      	ldr	r2, [pc, #24]	; (10002f34 <busy_wait_until+0x1c>)
10002f1a:	6a53      	ldr	r3, [r2, #36]	; 0x24
10002f1c:	4299      	cmp	r1, r3
10002f1e:	d8fc      	bhi.n	10002f1a <busy_wait_until+0x2>
10002f20:	d107      	bne.n	10002f32 <busy_wait_until+0x1a>
10002f22:	4b04      	ldr	r3, [pc, #16]	; (10002f34 <busy_wait_until+0x1c>)
10002f24:	e002      	b.n	10002f2c <busy_wait_until+0x14>
10002f26:	6a5a      	ldr	r2, [r3, #36]	; 0x24
10002f28:	4291      	cmp	r1, r2
10002f2a:	d102      	bne.n	10002f32 <busy_wait_until+0x1a>
10002f2c:	6a9a      	ldr	r2, [r3, #40]	; 0x28
10002f2e:	4282      	cmp	r2, r0
10002f30:	d3f9      	bcc.n	10002f26 <busy_wait_until+0xe>
10002f32:	4770      	bx	lr
10002f34:	40054000 	.word	0x40054000

10002f38 <clock_configure_int_divider>:
10002f38:	b5f8      	push	{r3, r4, r5, r6, r7, lr}
10002f3a:	46de      	mov	lr, fp
10002f3c:	464e      	mov	r6, r9
10002f3e:	4657      	mov	r7, sl
10002f40:	4645      	mov	r5, r8
10002f42:	b5e0      	push	{r5, r6, r7, lr}
10002f44:	468b      	mov	fp, r1
10002f46:	0005      	movs	r5, r0
10002f48:	990a      	ldr	r1, [sp, #40]	; 0x28
10002f4a:	0018      	movs	r0, r3
10002f4c:	0016      	movs	r6, r2
10002f4e:	f000 fd51 	bl	100039f4 <__wrap___aeabi_uidiv>
10002f52:	9b0a      	ldr	r3, [sp, #40]	; 0x28
10002f54:	006c      	lsls	r4, r5, #1
10002f56:	021f      	lsls	r7, r3, #8
10002f58:	4b32      	ldr	r3, [pc, #200]	; (10003024 <clock_configure_int_divider+0xec>)
10002f5a:	1964      	adds	r4, r4, r5
10002f5c:	469c      	mov	ip, r3
10002f5e:	00a4      	lsls	r4, r4, #2
10002f60:	4464      	add	r4, ip
10002f62:	6863      	ldr	r3, [r4, #4]
10002f64:	4681      	mov	r9, r0
10002f66:	429f      	cmp	r7, r3
10002f68:	d900      	bls.n	10002f6c <clock_configure_int_divider+0x34>
10002f6a:	6067      	str	r7, [r4, #4]
10002f6c:	1f2b      	subs	r3, r5, #4
10002f6e:	b2db      	uxtb	r3, r3
10002f70:	4698      	mov	r8, r3
10002f72:	2b01      	cmp	r3, #1
10002f74:	d930      	bls.n	10002fd8 <clock_configure_int_divider+0xa0>
10002f76:	23c0      	movs	r3, #192	; 0xc0
10002f78:	2280      	movs	r2, #128	; 0x80
10002f7a:	019b      	lsls	r3, r3, #6
10002f7c:	18e3      	adds	r3, r4, r3
10002f7e:	0112      	lsls	r2, r2, #4
10002f80:	601a      	str	r2, [r3, #0]
10002f82:	4b29      	ldr	r3, [pc, #164]	; (10003028 <clock_configure_int_divider+0xf0>)
10002f84:	00ad      	lsls	r5, r5, #2
10002f86:	5959      	ldr	r1, [r3, r5]
10002f88:	469a      	mov	sl, r3
10002f8a:	2900      	cmp	r1, #0
10002f8c:	d11b      	bne.n	10002fc6 <clock_configure_int_divider+0x8e>
10002f8e:	6822      	ldr	r2, [r4, #0]
10002f90:	0176      	lsls	r6, r6, #5
10002f92:	4072      	eors	r2, r6
10002f94:	26e0      	movs	r6, #224	; 0xe0
10002f96:	2380      	movs	r3, #128	; 0x80
10002f98:	4016      	ands	r6, r2
10002f9a:	4642      	mov	r2, r8
10002f9c:	015b      	lsls	r3, r3, #5
10002f9e:	18e3      	adds	r3, r4, r3
10002fa0:	601e      	str	r6, [r3, #0]
10002fa2:	2a01      	cmp	r2, #1
10002fa4:	d930      	bls.n	10003008 <clock_configure_int_divider+0xd0>
10002fa6:	2380      	movs	r3, #128	; 0x80
10002fa8:	2280      	movs	r2, #128	; 0x80
10002faa:	019b      	lsls	r3, r3, #6
10002fac:	18e3      	adds	r3, r4, r3
10002fae:	0112      	lsls	r2, r2, #4
10002fb0:	601a      	str	r2, [r3, #0]
10002fb2:	4653      	mov	r3, sl
10002fb4:	464a      	mov	r2, r9
10002fb6:	6067      	str	r7, [r4, #4]
10002fb8:	515a      	str	r2, [r3, r5]
10002fba:	bcf0      	pop	{r4, r5, r6, r7}
10002fbc:	46bb      	mov	fp, r7
10002fbe:	46b2      	mov	sl, r6
10002fc0:	46a9      	mov	r9, r5
10002fc2:	46a0      	mov	r8, r4
10002fc4:	bdf8      	pop	{r3, r4, r5, r6, r7, pc}
10002fc6:	6958      	ldr	r0, [r3, #20]
10002fc8:	f000 fd14 	bl	100039f4 <__wrap___aeabi_uidiv>
10002fcc:	1c43      	adds	r3, r0, #1
10002fce:	0058      	lsls	r0, r3, #1
10002fd0:	18c0      	adds	r0, r0, r3
10002fd2:	3803      	subs	r0, #3
10002fd4:	d2fd      	bcs.n	10002fd2 <clock_configure_int_divider+0x9a>
10002fd6:	e7da      	b.n	10002f8e <clock_configure_int_divider+0x56>
10002fd8:	465b      	mov	r3, fp
10002fda:	2b01      	cmp	r3, #1
10002fdc:	d1cb      	bne.n	10002f76 <clock_configure_int_divider+0x3e>
10002fde:	23c0      	movs	r3, #192	; 0xc0
10002fe0:	2203      	movs	r2, #3
10002fe2:	019b      	lsls	r3, r3, #6
10002fe4:	18e3      	adds	r3, r4, r3
10002fe6:	601a      	str	r2, [r3, #0]
10002fe8:	3a02      	subs	r2, #2
10002fea:	68a3      	ldr	r3, [r4, #8]
10002fec:	421a      	tst	r2, r3
10002fee:	d0fc      	beq.n	10002fea <clock_configure_int_divider+0xb2>
10002ff0:	23e0      	movs	r3, #224	; 0xe0
10002ff2:	6822      	ldr	r2, [r4, #0]
10002ff4:	0176      	lsls	r6, r6, #5
10002ff6:	4056      	eors	r6, r2
10002ff8:	401e      	ands	r6, r3
10002ffa:	2380      	movs	r3, #128	; 0x80
10002ffc:	4a0a      	ldr	r2, [pc, #40]	; (10003028 <clock_configure_int_divider+0xf0>)
10002ffe:	015b      	lsls	r3, r3, #5
10003000:	4692      	mov	sl, r2
10003002:	18e3      	adds	r3, r4, r3
10003004:	601e      	str	r6, [r3, #0]
10003006:	00ad      	lsls	r5, r5, #2
10003008:	465a      	mov	r2, fp
1000300a:	6821      	ldr	r1, [r4, #0]
1000300c:	4051      	eors	r1, r2
1000300e:	2203      	movs	r2, #3
10003010:	400a      	ands	r2, r1
10003012:	601a      	str	r2, [r3, #0]
10003014:	2201      	movs	r2, #1
10003016:	465b      	mov	r3, fp
10003018:	409a      	lsls	r2, r3
1000301a:	68a3      	ldr	r3, [r4, #8]
1000301c:	421a      	tst	r2, r3
1000301e:	d0fc      	beq.n	1000301a <clock_configure_int_divider+0xe2>
10003020:	e7c1      	b.n	10002fa6 <clock_configure_int_divider+0x6e>
10003022:	46c0      	nop			; (mov r8, r8)
10003024:	40008000 	.word	0x40008000
10003028:	2000214c 	.word	0x2000214c

1000302c <clock_configure_undivided>:
1000302c:	b5f0      	push	{r4, r5, r6, r7, lr}
1000302e:	4646      	mov	r6, r8
10003030:	464f      	mov	r7, r9
10003032:	46d6      	mov	lr, sl
10003034:	b5c0      	push	{r6, r7, lr}
10003036:	001f      	movs	r7, r3
10003038:	4b34      	ldr	r3, [pc, #208]	; (1000310c <clock_configure_undivided+0xe0>)
1000303a:	0044      	lsls	r4, r0, #1
1000303c:	469c      	mov	ip, r3
1000303e:	1824      	adds	r4, r4, r0
10003040:	00a4      	lsls	r4, r4, #2
10003042:	4464      	add	r4, ip
10003044:	6863      	ldr	r3, [r4, #4]
10003046:	4688      	mov	r8, r1
10003048:	0016      	movs	r6, r2
1000304a:	2bff      	cmp	r3, #255	; 0xff
1000304c:	d802      	bhi.n	10003054 <clock_configure_undivided+0x28>
1000304e:	2380      	movs	r3, #128	; 0x80
10003050:	005b      	lsls	r3, r3, #1
10003052:	6063      	str	r3, [r4, #4]
10003054:	1f03      	subs	r3, r0, #4
10003056:	b2db      	uxtb	r3, r3
10003058:	469a      	mov	sl, r3
1000305a:	2b01      	cmp	r3, #1
1000305c:	d930      	bls.n	100030c0 <clock_configure_undivided+0x94>
1000305e:	23c0      	movs	r3, #192	; 0xc0
10003060:	2280      	movs	r2, #128	; 0x80
10003062:	019b      	lsls	r3, r3, #6
10003064:	18e3      	adds	r3, r4, r3
10003066:	0112      	lsls	r2, r2, #4
10003068:	601a      	str	r2, [r3, #0]
1000306a:	4b29      	ldr	r3, [pc, #164]	; (10003110 <clock_configure_undivided+0xe4>)
1000306c:	0085      	lsls	r5, r0, #2
1000306e:	5959      	ldr	r1, [r3, r5]
10003070:	4699      	mov	r9, r3
10003072:	2900      	cmp	r1, #0
10003074:	d11b      	bne.n	100030ae <clock_configure_undivided+0x82>
10003076:	6822      	ldr	r2, [r4, #0]
10003078:	0176      	lsls	r6, r6, #5
1000307a:	4072      	eors	r2, r6
1000307c:	26e0      	movs	r6, #224	; 0xe0
1000307e:	2380      	movs	r3, #128	; 0x80
10003080:	4016      	ands	r6, r2
10003082:	4652      	mov	r2, sl
10003084:	015b      	lsls	r3, r3, #5
10003086:	18e3      	adds	r3, r4, r3
10003088:	601e      	str	r6, [r3, #0]
1000308a:	2a01      	cmp	r2, #1
1000308c:	d930      	bls.n	100030f0 <clock_configure_undivided+0xc4>
1000308e:	2380      	movs	r3, #128	; 0x80
10003090:	2280      	movs	r2, #128	; 0x80
10003092:	019b      	lsls	r3, r3, #6
10003094:	18e3      	adds	r3, r4, r3
10003096:	0112      	lsls	r2, r2, #4
10003098:	601a      	str	r2, [r3, #0]
1000309a:	2380      	movs	r3, #128	; 0x80
1000309c:	005b      	lsls	r3, r3, #1
1000309e:	6063      	str	r3, [r4, #4]
100030a0:	464b      	mov	r3, r9
100030a2:	515f      	str	r7, [r3, r5]
100030a4:	bce0      	pop	{r5, r6, r7}
100030a6:	46ba      	mov	sl, r7
100030a8:	46b1      	mov	r9, r6
100030aa:	46a8      	mov	r8, r5
100030ac:	bdf0      	pop	{r4, r5, r6, r7, pc}
100030ae:	6958      	ldr	r0, [r3, #20]
100030b0:	f000 fca0 	bl	100039f4 <__wrap___aeabi_uidiv>
100030b4:	1c43      	adds	r3, r0, #1
100030b6:	0058      	lsls	r0, r3, #1
100030b8:	18c0      	adds	r0, r0, r3
100030ba:	3803      	subs	r0, #3
100030bc:	d2fd      	bcs.n	100030ba <clock_configure_undivided+0x8e>
100030be:	e7da      	b.n	10003076 <clock_configure_undivided+0x4a>
100030c0:	4643      	mov	r3, r8
100030c2:	2b01      	cmp	r3, #1
100030c4:	d1cb      	bne.n	1000305e <clock_configure_undivided+0x32>
100030c6:	23c0      	movs	r3, #192	; 0xc0
100030c8:	2203      	movs	r2, #3
100030ca:	019b      	lsls	r3, r3, #6
100030cc:	18e3      	adds	r3, r4, r3
100030ce:	601a      	str	r2, [r3, #0]
100030d0:	3a02      	subs	r2, #2
100030d2:	68a3      	ldr	r3, [r4, #8]
100030d4:	421a      	tst	r2, r3
100030d6:	d0fc      	beq.n	100030d2 <clock_configure_undivided+0xa6>
100030d8:	23e0      	movs	r3, #224	; 0xe0
100030da:	6822      	ldr	r2, [r4, #0]
100030dc:	0176      	lsls	r6, r6, #5
100030de:	4056      	eors	r6, r2
100030e0:	401e      	ands	r6, r3
100030e2:	2380      	movs	r3, #128	; 0x80
100030e4:	4a0a      	ldr	r2, [pc, #40]	; (10003110 <clock_configure_undivided+0xe4>)
100030e6:	015b      	lsls	r3, r3, #5
100030e8:	4691      	mov	r9, r2
100030ea:	18e3      	adds	r3, r4, r3
100030ec:	601e      	str	r6, [r3, #0]
100030ee:	0085      	lsls	r5, r0, #2
100030f0:	4642      	mov	r2, r8
100030f2:	6821      	ldr	r1, [r4, #0]
100030f4:	4051      	eors	r1, r2
100030f6:	2203      	movs	r2, #3
100030f8:	400a      	ands	r2, r1
100030fa:	601a      	str	r2, [r3, #0]
100030fc:	2301      	movs	r3, #1
100030fe:	4642      	mov	r2, r8
10003100:	4093      	lsls	r3, r2
10003102:	68a2      	ldr	r2, [r4, #8]
10003104:	4213      	tst	r3, r2
10003106:	d0fc      	beq.n	10003102 <clock_configure_undivided+0xd6>
10003108:	e7c1      	b.n	1000308e <clock_configure_undivided+0x62>
1000310a:	46c0      	nop			; (mov r8, r8)
1000310c:	40008000 	.word	0x40008000
10003110:	2000214c 	.word	0x2000214c

10003114 <clock_get_hz>:
10003114:	4b01      	ldr	r3, [pc, #4]	; (1000311c <clock_get_hz+0x8>)
10003116:	0080      	lsls	r0, r0, #2
10003118:	58c0      	ldr	r0, [r0, r3]
1000311a:	4770      	bx	lr
1000311c:	2000214c 	.word	0x2000214c

10003120 <set_sys_clock_pll>:
10003120:	b5f0      	push	{r4, r5, r6, r7, lr}
10003122:	46de      	mov	lr, fp
10003124:	464e      	mov	r6, r9
10003126:	4645      	mov	r5, r8
10003128:	4657      	mov	r7, sl
1000312a:	b5e0      	push	{r5, r6, r7, lr}
1000312c:	4b5c      	ldr	r3, [pc, #368]	; (100032a0 <set_sys_clock_pll+0x180>)
1000312e:	0015      	movs	r5, r2
10003130:	685a      	ldr	r2, [r3, #4]
10003132:	4681      	mov	r9, r0
10003134:	468b      	mov	fp, r1
10003136:	b083      	sub	sp, #12
10003138:	2aff      	cmp	r2, #255	; 0xff
1000313a:	d802      	bhi.n	10003142 <set_sys_clock_pll+0x22>
1000313c:	2280      	movs	r2, #128	; 0x80
1000313e:	0052      	lsls	r2, r2, #1
10003140:	605a      	str	r2, [r3, #4]
10003142:	4b58      	ldr	r3, [pc, #352]	; (100032a4 <set_sys_clock_pll+0x184>)
10003144:	2101      	movs	r1, #1
10003146:	4698      	mov	r8, r3
10003148:	2303      	movs	r3, #3
1000314a:	4642      	mov	r2, r8
1000314c:	6013      	str	r3, [r2, #0]
1000314e:	4a54      	ldr	r2, [pc, #336]	; (100032a0 <set_sys_clock_pll+0x180>)
10003150:	6893      	ldr	r3, [r2, #8]
10003152:	4219      	tst	r1, r3
10003154:	d0fc      	beq.n	10003150 <set_sys_clock_pll+0x30>
10003156:	2020      	movs	r0, #32
10003158:	6813      	ldr	r3, [r2, #0]
1000315a:	4e53      	ldr	r6, [pc, #332]	; (100032a8 <set_sys_clock_pll+0x188>)
1000315c:	4058      	eors	r0, r3
1000315e:	23e0      	movs	r3, #224	; 0xe0
10003160:	4003      	ands	r3, r0
10003162:	6033      	str	r3, [r6, #0]
10003164:	6813      	ldr	r3, [r2, #0]
10003166:	4a4e      	ldr	r2, [pc, #312]	; (100032a0 <set_sys_clock_pll+0x180>)
10003168:	404b      	eors	r3, r1
1000316a:	2103      	movs	r1, #3
1000316c:	4019      	ands	r1, r3
1000316e:	6031      	str	r1, [r6, #0]
10003170:	2102      	movs	r1, #2
10003172:	6893      	ldr	r3, [r2, #8]
10003174:	4219      	tst	r1, r3
10003176:	d0fc      	beq.n	10003172 <set_sys_clock_pll+0x52>
10003178:	2380      	movs	r3, #128	; 0x80
1000317a:	4f4c      	ldr	r7, [pc, #304]	; (100032ac <set_sys_clock_pll+0x18c>)
1000317c:	011b      	lsls	r3, r3, #4
1000317e:	603b      	str	r3, [r7, #0]
10003180:	2380      	movs	r3, #128	; 0x80
10003182:	005b      	lsls	r3, r3, #1
10003184:	6053      	str	r3, [r2, #4]
10003186:	4c4a      	ldr	r4, [pc, #296]	; (100032b0 <set_sys_clock_pll+0x190>)
10003188:	469a      	mov	sl, r3
1000318a:	4b4a      	ldr	r3, [pc, #296]	; (100032b4 <set_sys_clock_pll+0x194>)
1000318c:	464a      	mov	r2, r9
1000318e:	6163      	str	r3, [r4, #20]
10003190:	2101      	movs	r1, #1
10003192:	465b      	mov	r3, fp
10003194:	4848      	ldr	r0, [pc, #288]	; (100032b8 <set_sys_clock_pll+0x198>)
10003196:	9500      	str	r5, [sp, #0]
10003198:	f000 f960 	bl	1000345c <pll_init>
1000319c:	4659      	mov	r1, fp
1000319e:	4648      	mov	r0, r9
100031a0:	4369      	muls	r1, r5
100031a2:	f000 fc27 	bl	100039f4 <__wrap___aeabi_uidiv>
100031a6:	4b45      	ldr	r3, [pc, #276]	; (100032bc <set_sys_clock_pll+0x19c>)
100031a8:	0005      	movs	r5, r0
100031aa:	685a      	ldr	r2, [r3, #4]
100031ac:	2aff      	cmp	r2, #255	; 0xff
100031ae:	d801      	bhi.n	100031b4 <set_sys_clock_pll+0x94>
100031b0:	4652      	mov	r2, sl
100031b2:	605a      	str	r2, [r3, #4]
100031b4:	2280      	movs	r2, #128	; 0x80
100031b6:	4b42      	ldr	r3, [pc, #264]	; (100032c0 <set_sys_clock_pll+0x1a0>)
100031b8:	6921      	ldr	r1, [r4, #16]
100031ba:	0112      	lsls	r2, r2, #4
100031bc:	601a      	str	r2, [r3, #0]
100031be:	2900      	cmp	r1, #0
100031c0:	d007      	beq.n	100031d2 <set_sys_clock_pll+0xb2>
100031c2:	6960      	ldr	r0, [r4, #20]
100031c4:	f000 fc16 	bl	100039f4 <__wrap___aeabi_uidiv>
100031c8:	1c43      	adds	r3, r0, #1
100031ca:	0058      	lsls	r0, r3, #1
100031cc:	18c0      	adds	r0, r0, r3
100031ce:	3803      	subs	r0, #3
100031d0:	d2fd      	bcs.n	100031ce <set_sys_clock_pll+0xae>
100031d2:	22e0      	movs	r2, #224	; 0xe0
100031d4:	4b39      	ldr	r3, [pc, #228]	; (100032bc <set_sys_clock_pll+0x19c>)
100031d6:	483b      	ldr	r0, [pc, #236]	; (100032c4 <set_sys_clock_pll+0x1a4>)
100031d8:	6819      	ldr	r1, [r3, #0]
100031da:	400a      	ands	r2, r1
100031dc:	2102      	movs	r1, #2
100031de:	6002      	str	r2, [r0, #0]
100031e0:	681a      	ldr	r2, [r3, #0]
100031e2:	4051      	eors	r1, r2
100031e4:	2203      	movs	r2, #3
100031e6:	400a      	ands	r2, r1
100031e8:	2104      	movs	r1, #4
100031ea:	6002      	str	r2, [r0, #0]
100031ec:	689a      	ldr	r2, [r3, #8]
100031ee:	4211      	tst	r1, r2
100031f0:	d0fc      	beq.n	100031ec <set_sys_clock_pll+0xcc>
100031f2:	2180      	movs	r1, #128	; 0x80
100031f4:	4a34      	ldr	r2, [pc, #208]	; (100032c8 <set_sys_clock_pll+0x1a8>)
100031f6:	0109      	lsls	r1, r1, #4
100031f8:	6011      	str	r1, [r2, #0]
100031fa:	2280      	movs	r2, #128	; 0x80
100031fc:	0052      	lsls	r2, r2, #1
100031fe:	605a      	str	r2, [r3, #4]
10003200:	4b32      	ldr	r3, [pc, #200]	; (100032cc <set_sys_clock_pll+0x1ac>)
10003202:	6123      	str	r3, [r4, #16]
10003204:	4b26      	ldr	r3, [pc, #152]	; (100032a0 <set_sys_clock_pll+0x180>)
10003206:	6859      	ldr	r1, [r3, #4]
10003208:	29ff      	cmp	r1, #255	; 0xff
1000320a:	d800      	bhi.n	1000320e <set_sys_clock_pll+0xee>
1000320c:	605a      	str	r2, [r3, #4]
1000320e:	4642      	mov	r2, r8
10003210:	2303      	movs	r3, #3
10003212:	2101      	movs	r1, #1
10003214:	6013      	str	r3, [r2, #0]
10003216:	4a22      	ldr	r2, [pc, #136]	; (100032a0 <set_sys_clock_pll+0x180>)
10003218:	6893      	ldr	r3, [r2, #8]
1000321a:	4219      	tst	r1, r3
1000321c:	d0fc      	beq.n	10003218 <set_sys_clock_pll+0xf8>
1000321e:	23e0      	movs	r3, #224	; 0xe0
10003220:	6810      	ldr	r0, [r2, #0]
10003222:	4003      	ands	r3, r0
10003224:	6033      	str	r3, [r6, #0]
10003226:	6813      	ldr	r3, [r2, #0]
10003228:	4a1d      	ldr	r2, [pc, #116]	; (100032a0 <set_sys_clock_pll+0x180>)
1000322a:	404b      	eors	r3, r1
1000322c:	2103      	movs	r1, #3
1000322e:	4019      	ands	r1, r3
10003230:	6031      	str	r1, [r6, #0]
10003232:	2102      	movs	r1, #2
10003234:	6893      	ldr	r3, [r2, #8]
10003236:	4219      	tst	r1, r3
10003238:	d0fc      	beq.n	10003234 <set_sys_clock_pll+0x114>
1000323a:	2380      	movs	r3, #128	; 0x80
1000323c:	2180      	movs	r1, #128	; 0x80
1000323e:	011b      	lsls	r3, r3, #4
10003240:	603b      	str	r3, [r7, #0]
10003242:	0049      	lsls	r1, r1, #1
10003244:	4b22      	ldr	r3, [pc, #136]	; (100032d0 <set_sys_clock_pll+0x1b0>)
10003246:	6051      	str	r1, [r2, #4]
10003248:	6165      	str	r5, [r4, #20]
1000324a:	685a      	ldr	r2, [r3, #4]
1000324c:	2aff      	cmp	r2, #255	; 0xff
1000324e:	d800      	bhi.n	10003252 <set_sys_clock_pll+0x132>
10003250:	6059      	str	r1, [r3, #4]
10003252:	2280      	movs	r2, #128	; 0x80
10003254:	4b1f      	ldr	r3, [pc, #124]	; (100032d4 <set_sys_clock_pll+0x1b4>)
10003256:	69a1      	ldr	r1, [r4, #24]
10003258:	0112      	lsls	r2, r2, #4
1000325a:	601a      	str	r2, [r3, #0]
1000325c:	2900      	cmp	r1, #0
1000325e:	d007      	beq.n	10003270 <set_sys_clock_pll+0x150>
10003260:	6960      	ldr	r0, [r4, #20]
10003262:	f000 fbc7 	bl	100039f4 <__wrap___aeabi_uidiv>
10003266:	1c43      	adds	r3, r0, #1
10003268:	0058      	lsls	r0, r3, #1
1000326a:	18c0      	adds	r0, r0, r3
1000326c:	3803      	subs	r0, #3
1000326e:	d2fd      	bcs.n	1000326c <set_sys_clock_pll+0x14c>
10003270:	2240      	movs	r2, #64	; 0x40
10003272:	4917      	ldr	r1, [pc, #92]	; (100032d0 <set_sys_clock_pll+0x1b0>)
10003274:	680b      	ldr	r3, [r1, #0]
10003276:	405a      	eors	r2, r3
10003278:	23e0      	movs	r3, #224	; 0xe0
1000327a:	4013      	ands	r3, r2
1000327c:	4a16      	ldr	r2, [pc, #88]	; (100032d8 <set_sys_clock_pll+0x1b8>)
1000327e:	6013      	str	r3, [r2, #0]
10003280:	2280      	movs	r2, #128	; 0x80
10003282:	4b16      	ldr	r3, [pc, #88]	; (100032dc <set_sys_clock_pll+0x1bc>)
10003284:	0112      	lsls	r2, r2, #4
10003286:	601a      	str	r2, [r3, #0]
10003288:	2380      	movs	r3, #128	; 0x80
1000328a:	005b      	lsls	r3, r3, #1
1000328c:	604b      	str	r3, [r1, #4]
1000328e:	4b09      	ldr	r3, [pc, #36]	; (100032b4 <set_sys_clock_pll+0x194>)
10003290:	61a3      	str	r3, [r4, #24]
10003292:	b003      	add	sp, #12
10003294:	bcf0      	pop	{r4, r5, r6, r7}
10003296:	46bb      	mov	fp, r7
10003298:	46b2      	mov	sl, r6
1000329a:	46a9      	mov	r9, r5
1000329c:	46a0      	mov	r8, r4
1000329e:	bdf0      	pop	{r4, r5, r6, r7, pc}
100032a0:	4000803c 	.word	0x4000803c
100032a4:	4000b03c 	.word	0x4000b03c
100032a8:	4000903c 	.word	0x4000903c
100032ac:	4000a03c 	.word	0x4000a03c
100032b0:	2000214c 	.word	0x2000214c
100032b4:	02dc6c00 	.word	0x02dc6c00
100032b8:	40028000 	.word	0x40028000
100032bc:	40008030 	.word	0x40008030
100032c0:	4000b030 	.word	0x4000b030
100032c4:	40009030 	.word	0x40009030
100032c8:	4000a030 	.word	0x4000a030
100032cc:	00b71b00 	.word	0x00b71b00
100032d0:	40008048 	.word	0x40008048
100032d4:	4000b048 	.word	0x4000b048
100032d8:	40009048 	.word	0x40009048
100032dc:	4000a048 	.word	0x4000a048

100032e0 <check_sys_clock_khz>:
100032e0:	b5f0      	push	{r4, r5, r6, r7, lr}
100032e2:	464e      	mov	r6, r9
100032e4:	4657      	mov	r7, sl
100032e6:	46de      	mov	lr, fp
100032e8:	4645      	mov	r5, r8
100032ea:	b5e0      	push	{r5, r6, r7, lr}
100032ec:	b085      	sub	sp, #20
100032ee:	9303      	str	r3, [sp, #12]
100032f0:	4b55      	ldr	r3, [pc, #340]	; (10003448 <check_sys_clock_khz+0x168>)
100032f2:	0006      	movs	r6, r0
100032f4:	469a      	mov	sl, r3
100032f6:	23a0      	movs	r3, #160	; 0xa0
100032f8:	005b      	lsls	r3, r3, #1
100032fa:	4699      	mov	r9, r3
100032fc:	9101      	str	r1, [sp, #4]
100032fe:	9202      	str	r2, [sp, #8]
10003300:	2301      	movs	r3, #1
10003302:	425b      	negs	r3, r3
10003304:	469c      	mov	ip, r3
10003306:	44e1      	add	r9, ip
10003308:	464b      	mov	r3, r9
1000330a:	2b0f      	cmp	r3, #15
1000330c:	d100      	bne.n	10003310 <check_sys_clock_khz+0x30>
1000330e:	e098      	b.n	10003442 <check_sys_clock_khz+0x162>
10003310:	4f4e      	ldr	r7, [pc, #312]	; (1000344c <check_sys_clock_khz+0x16c>)
10003312:	4b4f      	ldr	r3, [pc, #316]	; (10003450 <check_sys_clock_khz+0x170>)
10003314:	2407      	movs	r4, #7
10003316:	4457      	add	r7, sl
10003318:	459a      	cmp	sl, r3
1000331a:	d869      	bhi.n	100033f0 <check_sys_clock_khz+0x110>
1000331c:	0021      	movs	r1, r4
1000331e:	0038      	movs	r0, r7
10003320:	4361      	muls	r1, r4
10003322:	f000 fb67 	bl	100039f4 <__wrap___aeabi_uidiv>
10003326:	4286      	cmp	r6, r0
10003328:	d048      	beq.n	100033bc <check_sys_clock_khz+0xdc>
1000332a:	1e63      	subs	r3, r4, #1
1000332c:	4698      	mov	r8, r3
1000332e:	2c01      	cmp	r4, #1
10003330:	d05e      	beq.n	100033f0 <check_sys_clock_khz+0x110>
10003332:	001d      	movs	r5, r3
10003334:	4365      	muls	r5, r4
10003336:	0038      	movs	r0, r7
10003338:	0029      	movs	r1, r5
1000333a:	f000 fb5b 	bl	100039f4 <__wrap___aeabi_uidiv>
1000333e:	4286      	cmp	r6, r0
10003340:	d05a      	beq.n	100033f8 <check_sys_clock_khz+0x118>
10003342:	1ea3      	subs	r3, r4, #2
10003344:	469b      	mov	fp, r3
10003346:	2c02      	cmp	r4, #2
10003348:	d05c      	beq.n	10003404 <check_sys_clock_khz+0x124>
1000334a:	1b2d      	subs	r5, r5, r4
1000334c:	0029      	movs	r1, r5
1000334e:	0038      	movs	r0, r7
10003350:	f000 fb50 	bl	100039f4 <__wrap___aeabi_uidiv>
10003354:	4286      	cmp	r6, r0
10003356:	d057      	beq.n	10003408 <check_sys_clock_khz+0x128>
10003358:	1ee3      	subs	r3, r4, #3
1000335a:	469b      	mov	fp, r3
1000335c:	2c03      	cmp	r4, #3
1000335e:	d06e      	beq.n	1000343e <check_sys_clock_khz+0x15e>
10003360:	1b2d      	subs	r5, r5, r4
10003362:	0029      	movs	r1, r5
10003364:	0038      	movs	r0, r7
10003366:	f000 fb45 	bl	100039f4 <__wrap___aeabi_uidiv>
1000336a:	4286      	cmp	r6, r0
1000336c:	d050      	beq.n	10003410 <check_sys_clock_khz+0x130>
1000336e:	1f23      	subs	r3, r4, #4
10003370:	469b      	mov	fp, r3
10003372:	2c04      	cmp	r4, #4
10003374:	d052      	beq.n	1000341c <check_sys_clock_khz+0x13c>
10003376:	1b2d      	subs	r5, r5, r4
10003378:	0029      	movs	r1, r5
1000337a:	0038      	movs	r0, r7
1000337c:	f000 fb3a 	bl	100039f4 <__wrap___aeabi_uidiv>
10003380:	4286      	cmp	r6, r0
10003382:	d04d      	beq.n	10003420 <check_sys_clock_khz+0x140>
10003384:	1f63      	subs	r3, r4, #5
10003386:	469b      	mov	fp, r3
10003388:	2c05      	cmp	r4, #5
1000338a:	d04f      	beq.n	1000342c <check_sys_clock_khz+0x14c>
1000338c:	1b2d      	subs	r5, r5, r4
1000338e:	0029      	movs	r1, r5
10003390:	0038      	movs	r0, r7
10003392:	f000 fb2f 	bl	100039f4 <__wrap___aeabi_uidiv>
10003396:	4286      	cmp	r6, r0
10003398:	d04a      	beq.n	10003430 <check_sys_clock_khz+0x150>
1000339a:	4643      	mov	r3, r8
1000339c:	2b05      	cmp	r3, #5
1000339e:	d04c      	beq.n	1000343a <check_sys_clock_khz+0x15a>
100033a0:	0038      	movs	r0, r7
100033a2:	1fe9      	subs	r1, r5, #7
100033a4:	f000 fb26 	bl	100039f4 <__wrap___aeabi_uidiv>
100033a8:	4286      	cmp	r6, r0
100033aa:	d01c      	beq.n	100033e6 <check_sys_clock_khz+0x106>
100033ac:	2406      	movs	r4, #6
100033ae:	0021      	movs	r1, r4
100033b0:	0038      	movs	r0, r7
100033b2:	4361      	muls	r1, r4
100033b4:	f000 fb1e 	bl	100039f4 <__wrap___aeabi_uidiv>
100033b8:	4286      	cmp	r6, r0
100033ba:	d1b6      	bne.n	1000332a <check_sys_clock_khz+0x4a>
100033bc:	2900      	cmp	r1, #0
100033be:	d1b4      	bne.n	1000332a <check_sys_clock_khz+0x4a>
100033c0:	46a0      	mov	r8, r4
100033c2:	464a      	mov	r2, r9
100033c4:	4b23      	ldr	r3, [pc, #140]	; (10003454 <check_sys_clock_khz+0x174>)
100033c6:	2001      	movs	r0, #1
100033c8:	4353      	muls	r3, r2
100033ca:	9a01      	ldr	r2, [sp, #4]
100033cc:	6013      	str	r3, [r2, #0]
100033ce:	4642      	mov	r2, r8
100033d0:	9b02      	ldr	r3, [sp, #8]
100033d2:	601c      	str	r4, [r3, #0]
100033d4:	9b03      	ldr	r3, [sp, #12]
100033d6:	601a      	str	r2, [r3, #0]
100033d8:	b005      	add	sp, #20
100033da:	bcf0      	pop	{r4, r5, r6, r7}
100033dc:	46bb      	mov	fp, r7
100033de:	46b2      	mov	sl, r6
100033e0:	46a9      	mov	r9, r5
100033e2:	46a0      	mov	r8, r4
100033e4:	bdf0      	pop	{r4, r5, r6, r7, pc}
100033e6:	2900      	cmp	r1, #0
100033e8:	d1e0      	bne.n	100033ac <check_sys_clock_khz+0xcc>
100033ea:	2301      	movs	r3, #1
100033ec:	4698      	mov	r8, r3
100033ee:	e7e8      	b.n	100033c2 <check_sys_clock_khz+0xe2>
100033f0:	4b19      	ldr	r3, [pc, #100]	; (10003458 <check_sys_clock_khz+0x178>)
100033f2:	469c      	mov	ip, r3
100033f4:	44e2      	add	sl, ip
100033f6:	e783      	b.n	10003300 <check_sys_clock_khz+0x20>
100033f8:	2900      	cmp	r1, #0
100033fa:	d0e2      	beq.n	100033c2 <check_sys_clock_khz+0xe2>
100033fc:	1ea3      	subs	r3, r4, #2
100033fe:	469b      	mov	fp, r3
10003400:	2c02      	cmp	r4, #2
10003402:	d1a2      	bne.n	1000334a <check_sys_clock_khz+0x6a>
10003404:	2401      	movs	r4, #1
10003406:	e789      	b.n	1000331c <check_sys_clock_khz+0x3c>
10003408:	2900      	cmp	r1, #0
1000340a:	d1a5      	bne.n	10003358 <check_sys_clock_khz+0x78>
1000340c:	46d8      	mov	r8, fp
1000340e:	e7d8      	b.n	100033c2 <check_sys_clock_khz+0xe2>
10003410:	2900      	cmp	r1, #0
10003412:	d0fb      	beq.n	1000340c <check_sys_clock_khz+0x12c>
10003414:	1f23      	subs	r3, r4, #4
10003416:	469b      	mov	fp, r3
10003418:	2c04      	cmp	r4, #4
1000341a:	d1ac      	bne.n	10003376 <check_sys_clock_khz+0x96>
1000341c:	2403      	movs	r4, #3
1000341e:	e77d      	b.n	1000331c <check_sys_clock_khz+0x3c>
10003420:	2900      	cmp	r1, #0
10003422:	d0f3      	beq.n	1000340c <check_sys_clock_khz+0x12c>
10003424:	1f63      	subs	r3, r4, #5
10003426:	469b      	mov	fp, r3
10003428:	2c05      	cmp	r4, #5
1000342a:	d1af      	bne.n	1000338c <check_sys_clock_khz+0xac>
1000342c:	2404      	movs	r4, #4
1000342e:	e775      	b.n	1000331c <check_sys_clock_khz+0x3c>
10003430:	2900      	cmp	r1, #0
10003432:	d0eb      	beq.n	1000340c <check_sys_clock_khz+0x12c>
10003434:	4643      	mov	r3, r8
10003436:	2b05      	cmp	r3, #5
10003438:	d1b2      	bne.n	100033a0 <check_sys_clock_khz+0xc0>
1000343a:	2405      	movs	r4, #5
1000343c:	e76e      	b.n	1000331c <check_sys_clock_khz+0x3c>
1000343e:	2402      	movs	r4, #2
10003440:	e76c      	b.n	1000331c <check_sys_clock_khz+0x3c>
10003442:	2000      	movs	r0, #0
10003444:	e7c8      	b.n	100033d8 <check_sys_clock_khz+0xf8>
10003446:	46c0      	nop			; (mov r8, r8)
10003448:	002ef770 	.word	0x002ef770
1000344c:	000b71b0 	.word	0x000b71b0
10003450:	000cf850 	.word	0x000cf850
10003454:	00b71b00 	.word	0x00b71b00
10003458:	ffffd120 	.word	0xffffd120

1000345c <pll_init>:
1000345c:	b5f8      	push	{r3, r4, r5, r6, r7, lr}
1000345e:	0004      	movs	r4, r0
10003460:	4820      	ldr	r0, [pc, #128]	; (100034e4 <pll_init+0x88>)
10003462:	001d      	movs	r5, r3
10003464:	0017      	movs	r7, r2
10003466:	000e      	movs	r6, r1
10003468:	f000 fac4 	bl	100039f4 <__wrap___aeabi_uidiv>
1000346c:	0001      	movs	r1, r0
1000346e:	0038      	movs	r0, r7
10003470:	f000 fac0 	bl	100039f4 <__wrap___aeabi_uidiv>
10003474:	9b06      	ldr	r3, [sp, #24]
10003476:	0429      	lsls	r1, r5, #16
10003478:	031b      	lsls	r3, r3, #12
1000347a:	4319      	orrs	r1, r3
1000347c:	6823      	ldr	r3, [r4, #0]
1000347e:	2b00      	cmp	r3, #0
10003480:	db1e      	blt.n	100034c0 <pll_init+0x64>
10003482:	4b19      	ldr	r3, [pc, #100]	; (100034e8 <pll_init+0x8c>)
10003484:	4d19      	ldr	r5, [pc, #100]	; (100034ec <pll_init+0x90>)
10003486:	18e2      	adds	r2, r4, r3
10003488:	4253      	negs	r3, r2
1000348a:	415a      	adcs	r2, r3
1000348c:	2380      	movs	r3, #128	; 0x80
1000348e:	015b      	lsls	r3, r3, #5
10003490:	469c      	mov	ip, r3
10003492:	0312      	lsls	r2, r2, #12
10003494:	4b16      	ldr	r3, [pc, #88]	; (100034f0 <pll_init+0x94>)
10003496:	4462      	add	r2, ip
10003498:	601a      	str	r2, [r3, #0]
1000349a:	4b16      	ldr	r3, [pc, #88]	; (100034f4 <pll_init+0x98>)
1000349c:	601a      	str	r2, [r3, #0]
1000349e:	0017      	movs	r7, r2
100034a0:	682b      	ldr	r3, [r5, #0]
100034a2:	439f      	bics	r7, r3
100034a4:	d1fb      	bne.n	1000349e <pll_init+0x42>
100034a6:	4b14      	ldr	r3, [pc, #80]	; (100034f8 <pll_init+0x9c>)
100034a8:	6026      	str	r6, [r4, #0]
100034aa:	18e2      	adds	r2, r4, r3
100034ac:	2321      	movs	r3, #33	; 0x21
100034ae:	60a0      	str	r0, [r4, #8]
100034b0:	6013      	str	r3, [r2, #0]
100034b2:	6823      	ldr	r3, [r4, #0]
100034b4:	2b00      	cmp	r3, #0
100034b6:	dafc      	bge.n	100034b2 <pll_init+0x56>
100034b8:	2308      	movs	r3, #8
100034ba:	60e1      	str	r1, [r4, #12]
100034bc:	6013      	str	r3, [r2, #0]
100034be:	bdf8      	pop	{r3, r4, r5, r6, r7, pc}
100034c0:	233f      	movs	r3, #63	; 0x3f
100034c2:	6822      	ldr	r2, [r4, #0]
100034c4:	4013      	ands	r3, r2
100034c6:	42b3      	cmp	r3, r6
100034c8:	d1db      	bne.n	10003482 <pll_init+0x26>
100034ca:	68a3      	ldr	r3, [r4, #8]
100034cc:	051b      	lsls	r3, r3, #20
100034ce:	0d1b      	lsrs	r3, r3, #20
100034d0:	4283      	cmp	r3, r0
100034d2:	d1d6      	bne.n	10003482 <pll_init+0x26>
100034d4:	22ee      	movs	r2, #238	; 0xee
100034d6:	68e3      	ldr	r3, [r4, #12]
100034d8:	02d2      	lsls	r2, r2, #11
100034da:	4013      	ands	r3, r2
100034dc:	428b      	cmp	r3, r1
100034de:	d1d0      	bne.n	10003482 <pll_init+0x26>
100034e0:	e7ed      	b.n	100034be <pll_init+0x62>
100034e2:	46c0      	nop			; (mov r8, r8)
100034e4:	00b71b00 	.word	0x00b71b00
100034e8:	bffd4000 	.word	0xbffd4000
100034ec:	4000c008 	.word	0x4000c008
100034f0:	4000e000 	.word	0x4000e000
100034f4:	4000f000 	.word	0x4000f000
100034f8:	00003004 	.word	0x00003004

100034fc <watchdog_enable>:
100034fc:	4b18      	ldr	r3, [pc, #96]	; (10003560 <watchdog_enable+0x64>)
100034fe:	0002      	movs	r2, r0
10003500:	4818      	ldr	r0, [pc, #96]	; (10003564 <watchdog_enable+0x68>)
10003502:	b510      	push	{r4, lr}
10003504:	61d8      	str	r0, [r3, #28]
10003506:	2080      	movs	r0, #128	; 0x80
10003508:	4b17      	ldr	r3, [pc, #92]	; (10003568 <watchdog_enable+0x6c>)
1000350a:	05c0      	lsls	r0, r0, #23
1000350c:	6018      	str	r0, [r3, #0]
1000350e:	4c17      	ldr	r4, [pc, #92]	; (1000356c <watchdog_enable+0x70>)
10003510:	4817      	ldr	r0, [pc, #92]	; (10003570 <watchdog_enable+0x74>)
10003512:	6004      	str	r4, [r0, #0]
10003514:	2900      	cmp	r1, #0
10003516:	d00a      	beq.n	1000352e <watchdog_enable+0x32>
10003518:	21e0      	movs	r1, #224	; 0xe0
1000351a:	4b16      	ldr	r3, [pc, #88]	; (10003574 <watchdog_enable+0x78>)
1000351c:	04c9      	lsls	r1, r1, #19
1000351e:	6019      	str	r1, [r3, #0]
10003520:	2a00      	cmp	r2, #0
10003522:	d109      	bne.n	10003538 <watchdog_enable+0x3c>
10003524:	2280      	movs	r2, #128	; 0x80
10003526:	4b13      	ldr	r3, [pc, #76]	; (10003574 <watchdog_enable+0x78>)
10003528:	0612      	lsls	r2, r2, #24
1000352a:	601a      	str	r2, [r3, #0]
1000352c:	bd10      	pop	{r4, pc}
1000352e:	21e0      	movs	r1, #224	; 0xe0
10003530:	04c9      	lsls	r1, r1, #19
10003532:	6019      	str	r1, [r3, #0]
10003534:	2a00      	cmp	r2, #0
10003536:	d0f5      	beq.n	10003524 <watchdog_enable+0x28>
10003538:	0153      	lsls	r3, r2, #5
1000353a:	1a9b      	subs	r3, r3, r2
1000353c:	0098      	lsls	r0, r3, #2
1000353e:	2380      	movs	r3, #128	; 0x80
10003540:	1880      	adds	r0, r0, r2
10003542:	0100      	lsls	r0, r0, #4
10003544:	045b      	lsls	r3, r3, #17
10003546:	4298      	cmp	r0, r3
10003548:	d300      	bcc.n	1000354c <watchdog_enable+0x50>
1000354a:	480b      	ldr	r0, [pc, #44]	; (10003578 <watchdog_enable+0x7c>)
1000354c:	2280      	movs	r2, #128	; 0x80
1000354e:	4b0b      	ldr	r3, [pc, #44]	; (1000357c <watchdog_enable+0x80>)
10003550:	05d2      	lsls	r2, r2, #23
10003552:	6018      	str	r0, [r3, #0]
10003554:	4b02      	ldr	r3, [pc, #8]	; (10003560 <watchdog_enable+0x64>)
10003556:	6058      	str	r0, [r3, #4]
10003558:	4b06      	ldr	r3, [pc, #24]	; (10003574 <watchdog_enable+0x78>)
1000355a:	601a      	str	r2, [r3, #0]
1000355c:	e7e6      	b.n	1000352c <watchdog_enable+0x30>
1000355e:	46c0      	nop			; (mov r8, r8)
10003560:	40058000 	.word	0x40058000
10003564:	6ab73121 	.word	0x6ab73121
10003568:	4005b000 	.word	0x4005b000
1000356c:	0001fffc 	.word	0x0001fffc
10003570:	40012008 	.word	0x40012008
10003574:	4005a000 	.word	0x4005a000
10003578:	00ffffff 	.word	0x00ffffff
1000357c:	20002e80 	.word	0x20002e80

10003580 <watchdog_reboot>:
10003580:	b510      	push	{r4, lr}
10003582:	0014      	movs	r4, r2
10003584:	2280      	movs	r2, #128	; 0x80
10003586:	4b1b      	ldr	r3, [pc, #108]	; (100035f4 <watchdog_reboot+0x74>)
10003588:	05d2      	lsls	r2, r2, #23
1000358a:	601a      	str	r2, [r3, #0]
1000358c:	2800      	cmp	r0, #0
1000358e:	d01a      	beq.n	100035c6 <watchdog_reboot+0x46>
10003590:	2301      	movs	r3, #1
10003592:	4a19      	ldr	r2, [pc, #100]	; (100035f8 <watchdog_reboot+0x78>)
10003594:	4318      	orrs	r0, r3
10003596:	4b19      	ldr	r3, [pc, #100]	; (100035fc <watchdog_reboot+0x7c>)
10003598:	61da      	str	r2, [r3, #28]
1000359a:	4a19      	ldr	r2, [pc, #100]	; (10003600 <watchdog_reboot+0x80>)
1000359c:	4042      	eors	r2, r0
1000359e:	621a      	str	r2, [r3, #32]
100035a0:	6259      	str	r1, [r3, #36]	; 0x24
100035a2:	6298      	str	r0, [r3, #40]	; 0x28
100035a4:	2280      	movs	r2, #128	; 0x80
100035a6:	4b13      	ldr	r3, [pc, #76]	; (100035f4 <watchdog_reboot+0x74>)
100035a8:	05d2      	lsls	r2, r2, #23
100035aa:	601a      	str	r2, [r3, #0]
100035ac:	4915      	ldr	r1, [pc, #84]	; (10003604 <watchdog_reboot+0x84>)
100035ae:	4a16      	ldr	r2, [pc, #88]	; (10003608 <watchdog_reboot+0x88>)
100035b0:	6011      	str	r1, [r2, #0]
100035b2:	22e0      	movs	r2, #224	; 0xe0
100035b4:	04d2      	lsls	r2, r2, #19
100035b6:	601a      	str	r2, [r3, #0]
100035b8:	2c00      	cmp	r4, #0
100035ba:	d107      	bne.n	100035cc <watchdog_reboot+0x4c>
100035bc:	2280      	movs	r2, #128	; 0x80
100035be:	4b13      	ldr	r3, [pc, #76]	; (1000360c <watchdog_reboot+0x8c>)
100035c0:	0612      	lsls	r2, r2, #24
100035c2:	601a      	str	r2, [r3, #0]
100035c4:	bd10      	pop	{r4, pc}
100035c6:	4b0d      	ldr	r3, [pc, #52]	; (100035fc <watchdog_reboot+0x7c>)
100035c8:	61d8      	str	r0, [r3, #28]
100035ca:	e7eb      	b.n	100035a4 <watchdog_reboot+0x24>
100035cc:	0163      	lsls	r3, r4, #5
100035ce:	1b1b      	subs	r3, r3, r4
100035d0:	009a      	lsls	r2, r3, #2
100035d2:	2380      	movs	r3, #128	; 0x80
100035d4:	1912      	adds	r2, r2, r4
100035d6:	0112      	lsls	r2, r2, #4
100035d8:	045b      	lsls	r3, r3, #17
100035da:	429a      	cmp	r2, r3
100035dc:	d300      	bcc.n	100035e0 <watchdog_reboot+0x60>
100035de:	4a0c      	ldr	r2, [pc, #48]	; (10003610 <watchdog_reboot+0x90>)
100035e0:	4b0c      	ldr	r3, [pc, #48]	; (10003614 <watchdog_reboot+0x94>)
100035e2:	601a      	str	r2, [r3, #0]
100035e4:	4b05      	ldr	r3, [pc, #20]	; (100035fc <watchdog_reboot+0x7c>)
100035e6:	605a      	str	r2, [r3, #4]
100035e8:	2280      	movs	r2, #128	; 0x80
100035ea:	4b08      	ldr	r3, [pc, #32]	; (1000360c <watchdog_reboot+0x8c>)
100035ec:	05d2      	lsls	r2, r2, #23
100035ee:	601a      	str	r2, [r3, #0]
100035f0:	e7e8      	b.n	100035c4 <watchdog_reboot+0x44>
100035f2:	46c0      	nop			; (mov r8, r8)
100035f4:	4005b000 	.word	0x4005b000
100035f8:	b007c0d3 	.word	0xb007c0d3
100035fc:	40058000 	.word	0x40058000
10003600:	4ff83f2d 	.word	0x4ff83f2d
10003604:	0001fffc 	.word	0x0001fffc
10003608:	40012008 	.word	0x40012008
1000360c:	4005a000 	.word	0x4005a000
10003610:	00ffffff 	.word	0x00ffffff
10003614:	20002e80 	.word	0x20002e80

10003618 <watchdog_caused_reboot>:
10003618:	4b02      	ldr	r3, [pc, #8]	; (10003624 <watchdog_caused_reboot+0xc>)
1000361a:	6898      	ldr	r0, [r3, #8]
1000361c:	1e43      	subs	r3, r0, #1
1000361e:	4198      	sbcs	r0, r3
10003620:	b2c0      	uxtb	r0, r0
10003622:	4770      	bx	lr
10003624:	40058000 	.word	0x40058000

10003628 <tick_start>:
10003628:	2380      	movs	r3, #128	; 0x80
1000362a:	4a02      	ldr	r2, [pc, #8]	; (10003634 <tick_start+0xc>)
1000362c:	009b      	lsls	r3, r3, #2
1000362e:	430b      	orrs	r3, r1
10003630:	62d3      	str	r3, [r2, #44]	; 0x2c
10003632:	4770      	bx	lr
10003634:	40058000 	.word	0x40058000

10003638 <rom_func_lookup>:
10003638:	2314      	movs	r3, #20
1000363a:	b510      	push	{r4, lr}
1000363c:	0001      	movs	r1, r0
1000363e:	8818      	ldrh	r0, [r3, #0]
10003640:	3304      	adds	r3, #4
10003642:	881b      	ldrh	r3, [r3, #0]
10003644:	4798      	blx	r3
10003646:	bd10      	pop	{r4, pc}

10003648 <rom_data_lookup>:
10003648:	2316      	movs	r3, #22
1000364a:	b510      	push	{r4, lr}
1000364c:	0001      	movs	r1, r0
1000364e:	8818      	ldrh	r0, [r3, #0]
10003650:	3302      	adds	r3, #2
10003652:	881b      	ldrh	r3, [r3, #0]
10003654:	4798      	blx	r3
10003656:	bd10      	pop	{r4, pc}

10003658 <rom_funcs_lookup>:
10003658:	b5f8      	push	{r3, r4, r5, r6, r7, lr}
1000365a:	4647      	mov	r7, r8
1000365c:	46ce      	mov	lr, r9
1000365e:	b580      	push	{r7, lr}
10003660:	1e0f      	subs	r7, r1, #0
10003662:	d019      	beq.n	10003698 <rom_funcs_lookup+0x40>
10003664:	2314      	movs	r3, #20
10003666:	4699      	mov	r9, r3
10003668:	3304      	adds	r3, #4
1000366a:	0004      	movs	r4, r0
1000366c:	2500      	movs	r5, #0
1000366e:	2601      	movs	r6, #1
10003670:	4698      	mov	r8, r3
10003672:	464b      	mov	r3, r9
10003674:	8818      	ldrh	r0, [r3, #0]
10003676:	4643      	mov	r3, r8
10003678:	6821      	ldr	r1, [r4, #0]
1000367a:	881b      	ldrh	r3, [r3, #0]
1000367c:	4798      	blx	r3
1000367e:	c401      	stmia	r4!, {r0}
10003680:	1e43      	subs	r3, r0, #1
10003682:	4198      	sbcs	r0, r3
10003684:	3501      	adds	r5, #1
10003686:	4240      	negs	r0, r0
10003688:	4006      	ands	r6, r0
1000368a:	42af      	cmp	r7, r5
1000368c:	d1f1      	bne.n	10003672 <rom_funcs_lookup+0x1a>
1000368e:	0030      	movs	r0, r6
10003690:	bcc0      	pop	{r6, r7}
10003692:	46b9      	mov	r9, r7
10003694:	46b0      	mov	r8, r6
10003696:	bdf8      	pop	{r3, r4, r5, r6, r7, pc}
10003698:	2601      	movs	r6, #1
1000369a:	e7f8      	b.n	1000368e <rom_funcs_lookup+0x36>

1000369c <rom_reset_usb_boot>:
1000369c:	2314      	movs	r3, #20
1000369e:	b570      	push	{r4, r5, r6, lr}
100036a0:	0004      	movs	r4, r0
100036a2:	8818      	ldrh	r0, [r3, #0]
100036a4:	3304      	adds	r3, #4
100036a6:	000d      	movs	r5, r1
100036a8:	881b      	ldrh	r3, [r3, #0]
100036aa:	4903      	ldr	r1, [pc, #12]	; (100036b8 <rom_reset_usb_boot+0x1c>)
100036ac:	4798      	blx	r3
100036ae:	0029      	movs	r1, r5
100036b0:	0003      	movs	r3, r0
100036b2:	0020      	movs	r0, r4
100036b4:	4798      	blx	r3
100036b6:	46c0      	nop			; (mov r8, r8)
100036b8:	00004255 	.word	0x00004255

100036bc <rom_reset_usb_boot_extra>:
100036bc:	2314      	movs	r3, #20
100036be:	b570      	push	{r4, r5, r6, lr}
100036c0:	0004      	movs	r4, r0
100036c2:	8818      	ldrh	r0, [r3, #0]
100036c4:	3304      	adds	r3, #4
100036c6:	881b      	ldrh	r3, [r3, #0]
100036c8:	000d      	movs	r5, r1
100036ca:	4905      	ldr	r1, [pc, #20]	; (100036e0 <rom_reset_usb_boot_extra+0x24>)
100036cc:	4798      	blx	r3
100036ce:	0003      	movs	r3, r0
100036d0:	2000      	movs	r0, #0
100036d2:	2c00      	cmp	r4, #0
100036d4:	db01      	blt.n	100036da <rom_reset_usb_boot_extra+0x1e>
100036d6:	3001      	adds	r0, #1
100036d8:	40a0      	lsls	r0, r4
100036da:	0029      	movs	r1, r5
100036dc:	4798      	blx	r3
100036de:	46c0      	nop			; (mov r8, r8)
100036e0:	00004255 	.word	0x00004255

100036e4 <xosc_init>:
100036e4:	23aa      	movs	r3, #170	; 0xaa
100036e6:	4a06      	ldr	r2, [pc, #24]	; (10003700 <xosc_init+0x1c>)
100036e8:	011b      	lsls	r3, r3, #4
100036ea:	6013      	str	r3, [r2, #0]
100036ec:	238d      	movs	r3, #141	; 0x8d
100036ee:	005b      	lsls	r3, r3, #1
100036f0:	60d3      	str	r3, [r2, #12]
100036f2:	4904      	ldr	r1, [pc, #16]	; (10003704 <xosc_init+0x20>)
100036f4:	4b04      	ldr	r3, [pc, #16]	; (10003708 <xosc_init+0x24>)
100036f6:	6019      	str	r1, [r3, #0]
100036f8:	6853      	ldr	r3, [r2, #4]
100036fa:	2b00      	cmp	r3, #0
100036fc:	dafc      	bge.n	100036f8 <xosc_init+0x14>
100036fe:	4770      	bx	lr
10003700:	40024000 	.word	0x40024000
10003704:	00fab000 	.word	0x00fab000
10003708:	40026000 	.word	0x40026000

1000370c <first_per_core_initializer>:
1000370c:	4770      	bx	lr
1000370e:	46c0      	nop			; (mov r8, r8)

10003710 <hard_assertion_failure>:
10003710:	b510      	push	{r4, lr}
10003712:	4801      	ldr	r0, [pc, #4]	; (10003718 <hard_assertion_failure+0x8>)
10003714:	f7fe fca0 	bl	10002058 <panic>
10003718:	1000ab00 	.word	0x1000ab00

1000371c <runtime_run_initializers>:
1000371c:	b570      	push	{r4, r5, r6, lr}
1000371e:	4d07      	ldr	r5, [pc, #28]	; (1000373c <runtime_run_initializers+0x20>)
10003720:	4e07      	ldr	r6, [pc, #28]	; (10003740 <runtime_run_initializers+0x24>)
10003722:	42b5      	cmp	r5, r6
10003724:	d209      	bcs.n	1000373a <runtime_run_initializers+0x1e>
10003726:	2400      	movs	r4, #0
10003728:	3e01      	subs	r6, #1
1000372a:	1b76      	subs	r6, r6, r5
1000372c:	08b6      	lsrs	r6, r6, #2
1000372e:	cd08      	ldmia	r5!, {r3}
10003730:	4798      	blx	r3
10003732:	0023      	movs	r3, r4
10003734:	3401      	adds	r4, #1
10003736:	42b3      	cmp	r3, r6
10003738:	d1f9      	bne.n	1000372e <runtime_run_initializers+0x12>
1000373a:	bd70      	pop	{r4, r5, r6, pc}
1000373c:	100095a0 	.word	0x100095a0
10003740:	100095dc 	.word	0x100095dc

10003744 <runtime_run_per_core_initializers>:
10003744:	b570      	push	{r4, r5, r6, lr}
10003746:	4d07      	ldr	r5, [pc, #28]	; (10003764 <runtime_run_per_core_initializers+0x20>)
10003748:	4e07      	ldr	r6, [pc, #28]	; (10003768 <runtime_run_per_core_initializers+0x24>)
1000374a:	42b5      	cmp	r5, r6
1000374c:	d209      	bcs.n	10003762 <runtime_run_per_core_initializers+0x1e>
1000374e:	2400      	movs	r4, #0
10003750:	3e01      	subs	r6, #1
10003752:	1b76      	subs	r6, r6, r5
10003754:	08b6      	lsrs	r6, r6, #2
10003756:	cd08      	ldmia	r5!, {r3}
10003758:	4798      	blx	r3
1000375a:	0023      	movs	r3, r4
1000375c:	3401      	adds	r4, #1
1000375e:	42b3      	cmp	r3, r6
10003760:	d1f9      	bne.n	10003756 <runtime_run_per_core_initializers+0x12>
10003762:	bd70      	pop	{r4, r5, r6, pc}
10003764:	100095d4 	.word	0x100095d4
10003768:	100095dc 	.word	0x100095dc

1000376c <runtime_init_early_resets>:
1000376c:	4b05      	ldr	r3, [pc, #20]	; (10003784 <runtime_init_early_resets+0x18>)
1000376e:	4a06      	ldr	r2, [pc, #24]	; (10003788 <runtime_init_early_resets+0x1c>)
10003770:	4906      	ldr	r1, [pc, #24]	; (1000378c <runtime_init_early_resets+0x20>)
10003772:	601a      	str	r2, [r3, #0]
10003774:	4a06      	ldr	r2, [pc, #24]	; (10003790 <runtime_init_early_resets+0x24>)
10003776:	4b07      	ldr	r3, [pc, #28]	; (10003794 <runtime_init_early_resets+0x28>)
10003778:	601a      	str	r2, [r3, #0]
1000377a:	0010      	movs	r0, r2
1000377c:	680b      	ldr	r3, [r1, #0]
1000377e:	4398      	bics	r0, r3
10003780:	d1fb      	bne.n	1000377a <runtime_init_early_resets+0xe>
10003782:	4770      	bx	lr
10003784:	4000e000 	.word	0x4000e000
10003788:	fefbcdbf 	.word	0xfefbcdbf
1000378c:	4000c008 	.word	0x4000c008
10003790:	003c7ffe 	.word	0x003c7ffe
10003794:	4000f000 	.word	0x4000f000

10003798 <runtime_init_usb_power_down>:
10003798:	4b04      	ldr	r3, [pc, #16]	; (100037ac <runtime_init_usb_power_down+0x14>)
1000379a:	6cdb      	ldr	r3, [r3, #76]	; 0x4c
1000379c:	2b00      	cmp	r3, #0
1000379e:	d103      	bne.n	100037a8 <runtime_init_usb_power_down+0x10>
100037a0:	2280      	movs	r2, #128	; 0x80
100037a2:	4b03      	ldr	r3, [pc, #12]	; (100037b0 <runtime_init_usb_power_down+0x18>)
100037a4:	02d2      	lsls	r2, r2, #11
100037a6:	601a      	str	r2, [r3, #0]
100037a8:	4770      	bx	lr
100037aa:	46c0      	nop			; (mov r8, r8)
100037ac:	50110000 	.word	0x50110000
100037b0:	5011204c 	.word	0x5011204c

100037b4 <runtime_init_post_clock_resets>:
100037b4:	4a04      	ldr	r2, [pc, #16]	; (100037c8 <runtime_init_post_clock_resets+0x14>)
100037b6:	4b05      	ldr	r3, [pc, #20]	; (100037cc <runtime_init_post_clock_resets+0x18>)
100037b8:	601a      	str	r2, [r3, #0]
100037ba:	4a05      	ldr	r2, [pc, #20]	; (100037d0 <runtime_init_post_clock_resets+0x1c>)
100037bc:	6813      	ldr	r3, [r2, #0]
100037be:	01db      	lsls	r3, r3, #7
100037c0:	3380      	adds	r3, #128	; 0x80
100037c2:	d1fb      	bne.n	100037bc <runtime_init_post_clock_resets+0x8>
100037c4:	4770      	bx	lr
100037c6:	46c0      	nop			; (mov r8, r8)
100037c8:	01ffffff 	.word	0x01ffffff
100037cc:	4000f000 	.word	0x4000f000
100037d0:	4000c008 	.word	0x4000c008

100037d4 <runtime_init_rp2040_gpio_ie_disable>:
100037d4:	2240      	movs	r2, #64	; 0x40
100037d6:	4b03      	ldr	r3, [pc, #12]	; (100037e4 <runtime_init_rp2040_gpio_ie_disable+0x10>)
100037d8:	679a      	str	r2, [r3, #120]	; 0x78
100037da:	675a      	str	r2, [r3, #116]	; 0x74
100037dc:	671a      	str	r2, [r3, #112]	; 0x70
100037de:	66da      	str	r2, [r3, #108]	; 0x6c
100037e0:	4770      	bx	lr
100037e2:	46c0      	nop			; (mov r8, r8)
100037e4:	4001f000 	.word	0x4001f000

100037e8 <runtime_init_spin_locks_reset>:
100037e8:	b510      	push	{r4, lr}
100037ea:	f7fe fcd9 	bl	100021a0 <spin_locks_reset>
100037ee:	bd10      	pop	{r4, pc}

100037f0 <runtime_init_install_ram_vector_table>:
100037f0:	b5f8      	push	{r3, r4, r5, r6, r7, lr}
100037f2:	492d      	ldr	r1, [pc, #180]	; (100038a8 <runtime_init_install_ram_vector_table+0xb8>)
100037f4:	4c2d      	ldr	r4, [pc, #180]	; (100038ac <runtime_init_install_ram_vector_table+0xbc>)
100037f6:	4d2e      	ldr	r5, [pc, #184]	; (100038b0 <runtime_init_install_ram_vector_table+0xc0>)
100037f8:	1a64      	subs	r4, r4, r1
100037fa:	10a6      	asrs	r6, r4, #2
100037fc:	0032      	movs	r2, r6
100037fe:	2e30      	cmp	r6, #48	; 0x30
10003800:	d900      	bls.n	10003804 <runtime_init_install_ram_vector_table+0x14>
10003802:	2230      	movs	r2, #48	; 0x30
10003804:	0028      	movs	r0, r5
10003806:	0092      	lsls	r2, r2, #2
10003808:	f000 ffee 	bl	100047e8 <__wrap___aeabi_memcpy>
1000380c:	2cbc      	cmp	r4, #188	; 0xbc
1000380e:	d841      	bhi.n	10003894 <runtime_init_install_ram_vector_table+0xa4>
10003810:	2301      	movs	r3, #1
10003812:	1c71      	adds	r1, r6, #1
10003814:	0008      	movs	r0, r1
10003816:	469c      	mov	ip, r3
10003818:	4a26      	ldr	r2, [pc, #152]	; (100038b4 <runtime_init_install_ram_vector_table+0xc4>)
1000381a:	2930      	cmp	r1, #48	; 0x30
1000381c:	d93d      	bls.n	1000389a <runtime_init_install_ram_vector_table+0xaa>
1000381e:	272f      	movs	r7, #47	; 0x2f
10003820:	192c      	adds	r4, r5, r4
10003822:	0764      	lsls	r4, r4, #29
10003824:	0fe3      	lsrs	r3, r4, #31
10003826:	1bbf      	subs	r7, r7, r6
10003828:	2f05      	cmp	r7, #5
1000382a:	d919      	bls.n	10003860 <runtime_init_install_ram_vector_table+0x70>
1000382c:	2930      	cmp	r1, #48	; 0x30
1000382e:	d817      	bhi.n	10003860 <runtime_init_install_ram_vector_table+0x70>
10003830:	2b00      	cmp	r3, #0
10003832:	d036      	beq.n	100038a2 <runtime_init_install_ram_vector_table+0xb2>
10003834:	00b1      	lsls	r1, r6, #2
10003836:	506a      	str	r2, [r5, r1]
10003838:	4661      	mov	r1, ip
1000383a:	1acc      	subs	r4, r1, r3
1000383c:	18f3      	adds	r3, r6, r3
1000383e:	009b      	lsls	r3, r3, #2
10003840:	0861      	lsrs	r1, r4, #1
10003842:	18eb      	adds	r3, r5, r3
10003844:	00c9      	lsls	r1, r1, #3
10003846:	18c9      	adds	r1, r1, r3
10003848:	601a      	str	r2, [r3, #0]
1000384a:	605a      	str	r2, [r3, #4]
1000384c:	3308      	adds	r3, #8
1000384e:	428b      	cmp	r3, r1
10003850:	d1fa      	bne.n	10003848 <runtime_init_install_ram_vector_table+0x58>
10003852:	2301      	movs	r3, #1
10003854:	0021      	movs	r1, r4
10003856:	4399      	bics	r1, r3
10003858:	1846      	adds	r6, r0, r1
1000385a:	428c      	cmp	r4, r1
1000385c:	d01a      	beq.n	10003894 <runtime_init_install_ram_vector_table+0xa4>
1000385e:	1c71      	adds	r1, r6, #1
10003860:	00b3      	lsls	r3, r6, #2
10003862:	50ea      	str	r2, [r5, r3]
10003864:	2930      	cmp	r1, #48	; 0x30
10003866:	d015      	beq.n	10003894 <runtime_init_install_ram_vector_table+0xa4>
10003868:	0089      	lsls	r1, r1, #2
1000386a:	506a      	str	r2, [r5, r1]
1000386c:	1cb3      	adds	r3, r6, #2
1000386e:	2e2e      	cmp	r6, #46	; 0x2e
10003870:	d010      	beq.n	10003894 <runtime_init_install_ram_vector_table+0xa4>
10003872:	009b      	lsls	r3, r3, #2
10003874:	50ea      	str	r2, [r5, r3]
10003876:	1cf3      	adds	r3, r6, #3
10003878:	2e2d      	cmp	r6, #45	; 0x2d
1000387a:	d00b      	beq.n	10003894 <runtime_init_install_ram_vector_table+0xa4>
1000387c:	009b      	lsls	r3, r3, #2
1000387e:	50ea      	str	r2, [r5, r3]
10003880:	1d33      	adds	r3, r6, #4
10003882:	2e2c      	cmp	r6, #44	; 0x2c
10003884:	d006      	beq.n	10003894 <runtime_init_install_ram_vector_table+0xa4>
10003886:	009b      	lsls	r3, r3, #2
10003888:	50ea      	str	r2, [r5, r3]
1000388a:	1d73      	adds	r3, r6, #5
1000388c:	2e2b      	cmp	r6, #43	; 0x2b
1000388e:	d001      	beq.n	10003894 <runtime_init_install_ram_vector_table+0xa4>
10003890:	009b      	lsls	r3, r3, #2
10003892:	50ea      	str	r2, [r5, r3]
10003894:	4b08      	ldr	r3, [pc, #32]	; (100038b8 <runtime_init_install_ram_vector_table+0xc8>)
10003896:	609d      	str	r5, [r3, #8]
10003898:	bdf8      	pop	{r3, r4, r5, r6, r7, pc}
1000389a:	332f      	adds	r3, #47	; 0x2f
1000389c:	1b9b      	subs	r3, r3, r6
1000389e:	469c      	mov	ip, r3
100038a0:	e7bd      	b.n	1000381e <runtime_init_install_ram_vector_table+0x2e>
100038a2:	0030      	movs	r0, r6
100038a4:	e7c8      	b.n	10003838 <runtime_init_install_ram_vector_table+0x48>
100038a6:	46c0      	nop			; (mov r8, r8)
100038a8:	10000100 	.word	0x10000100
100038ac:	100001c0 	.word	0x100001c0
100038b0:	20000000 	.word	0x20000000
100038b4:	100001c1 	.word	0x100001c1
100038b8:	e000ed00 	.word	0xe000ed00

100038bc <runtime_init_clocks>:
100038bc:	2300      	movs	r3, #0
100038be:	b510      	push	{r4, lr}
100038c0:	4c29      	ldr	r4, [pc, #164]	; (10003968 <runtime_init_clocks+0xac>)
100038c2:	b082      	sub	sp, #8
100038c4:	67a3      	str	r3, [r4, #120]	; 0x78
100038c6:	f7ff ff0d 	bl	100036e4 <xosc_init>
100038ca:	2201      	movs	r2, #1
100038cc:	4b27      	ldr	r3, [pc, #156]	; (1000396c <runtime_init_clocks+0xb0>)
100038ce:	601a      	str	r2, [r3, #0]
100038d0:	6c63      	ldr	r3, [r4, #68]	; 0x44
100038d2:	2b01      	cmp	r3, #1
100038d4:	d1fc      	bne.n	100038d0 <runtime_init_clocks+0x14>
100038d6:	2203      	movs	r2, #3
100038d8:	4b25      	ldr	r3, [pc, #148]	; (10003970 <runtime_init_clocks+0xb4>)
100038da:	601a      	str	r2, [r3, #0]
100038dc:	4a22      	ldr	r2, [pc, #136]	; (10003968 <runtime_init_clocks+0xac>)
100038de:	6b93      	ldr	r3, [r2, #56]	; 0x38
100038e0:	2b01      	cmp	r3, #1
100038e2:	d1fc      	bne.n	100038de <runtime_init_clocks+0x22>
100038e4:	3301      	adds	r3, #1
100038e6:	9300      	str	r3, [sp, #0]
100038e8:	2101      	movs	r1, #1
100038ea:	4a22      	ldr	r2, [pc, #136]	; (10003974 <runtime_init_clocks+0xb8>)
100038ec:	4822      	ldr	r0, [pc, #136]	; (10003978 <runtime_init_clocks+0xbc>)
100038ee:	3304      	adds	r3, #4
100038f0:	f7ff fdb4 	bl	1000345c <pll_init>
100038f4:	2305      	movs	r3, #5
100038f6:	2101      	movs	r1, #1
100038f8:	9300      	str	r3, [sp, #0]
100038fa:	4a20      	ldr	r2, [pc, #128]	; (1000397c <runtime_init_clocks+0xc0>)
100038fc:	4820      	ldr	r0, [pc, #128]	; (10003980 <runtime_init_clocks+0xc4>)
100038fe:	f7ff fdad 	bl	1000345c <pll_init>
10003902:	2200      	movs	r2, #0
10003904:	2102      	movs	r1, #2
10003906:	2004      	movs	r0, #4
10003908:	4b1e      	ldr	r3, [pc, #120]	; (10003984 <runtime_init_clocks+0xc8>)
1000390a:	f7ff fb8f 	bl	1000302c <clock_configure_undivided>
1000390e:	2200      	movs	r2, #0
10003910:	2101      	movs	r1, #1
10003912:	2005      	movs	r0, #5
10003914:	4b1c      	ldr	r3, [pc, #112]	; (10003988 <runtime_init_clocks+0xcc>)
10003916:	f7ff fb89 	bl	1000302c <clock_configure_undivided>
1000391a:	2200      	movs	r2, #0
1000391c:	2100      	movs	r1, #0
1000391e:	2007      	movs	r0, #7
10003920:	4b1a      	ldr	r3, [pc, #104]	; (1000398c <runtime_init_clocks+0xd0>)
10003922:	f7ff fb83 	bl	1000302c <clock_configure_undivided>
10003926:	2200      	movs	r2, #0
10003928:	2100      	movs	r1, #0
1000392a:	2008      	movs	r0, #8
1000392c:	4b17      	ldr	r3, [pc, #92]	; (1000398c <runtime_init_clocks+0xd0>)
1000392e:	f7ff fb7d 	bl	1000302c <clock_configure_undivided>
10003932:	2380      	movs	r3, #128	; 0x80
10003934:	00db      	lsls	r3, r3, #3
10003936:	9300      	str	r3, [sp, #0]
10003938:	2200      	movs	r2, #0
1000393a:	2100      	movs	r1, #0
1000393c:	2009      	movs	r0, #9
1000393e:	4b13      	ldr	r3, [pc, #76]	; (1000398c <runtime_init_clocks+0xd0>)
10003940:	f7ff fafa 	bl	10002f38 <clock_configure_int_divider>
10003944:	2200      	movs	r2, #0
10003946:	4b10      	ldr	r3, [pc, #64]	; (10003988 <runtime_init_clocks+0xcc>)
10003948:	2100      	movs	r1, #0
1000394a:	2006      	movs	r0, #6
1000394c:	f7ff fb6e 	bl	1000302c <clock_configure_undivided>
10003950:	2004      	movs	r0, #4
10003952:	f7ff fbdf 	bl	10003114 <clock_get_hz>
10003956:	490e      	ldr	r1, [pc, #56]	; (10003990 <runtime_init_clocks+0xd4>)
10003958:	f000 f84c 	bl	100039f4 <__wrap___aeabi_uidiv>
1000395c:	0001      	movs	r1, r0
1000395e:	2000      	movs	r0, #0
10003960:	f7ff fe62 	bl	10003628 <tick_start>
10003964:	b002      	add	sp, #8
10003966:	bd10      	pop	{r4, pc}
10003968:	40008000 	.word	0x40008000
1000396c:	4000b03c 	.word	0x4000b03c
10003970:	4000b030 	.word	0x4000b030
10003974:	59682f00 	.word	0x59682f00
10003978:	40028000 	.word	0x40028000
1000397c:	47868c00 	.word	0x47868c00
10003980:	4002c000 	.word	0x4002c000
10003984:	00b71b00 	.word	0x00b71b00
10003988:	07735940 	.word	0x07735940
1000398c:	02dc6c00 	.word	0x02dc6c00
10003990:	000f4240 	.word	0x000f4240

10003994 <__aeabi_bits_init>:
10003994:	4801      	ldr	r0, [pc, #4]	; (1000399c <__aeabi_bits_init+0x8>)
10003996:	2104      	movs	r1, #4
10003998:	4b01      	ldr	r3, [pc, #4]	; (100039a0 <__aeabi_bits_init+0xc>)
1000399a:	4718      	bx	r3
1000399c:	200011c0 	.word	0x200011c0
100039a0:	10003659 	.word	0x10003659

100039a4 <__wrap___aeabi_idiv>:
100039a4:	4a12      	ldr	r2, [pc, #72]	; (100039f0 <divmod_s32s32_savestate+0x18>)
100039a6:	6f93      	ldr	r3, [r2, #120]	; 0x78
100039a8:	089b      	lsrs	r3, r3, #2
100039aa:	d215      	bcs.n	100039d8 <divmod_s32s32_savestate>

100039ac <divmod_s32s32_unsafe>:
100039ac:	6690      	str	r0, [r2, #104]	; 0x68
100039ae:	66d1      	str	r1, [r2, #108]	; 0x6c
100039b0:	2900      	cmp	r1, #0
100039b2:	d005      	beq.n	100039c0 <divmod_s32s32_unsafe+0x14>
100039b4:	e7ff      	b.n	100039b6 <divmod_s32s32_unsafe+0xa>
100039b6:	e7ff      	b.n	100039b8 <divmod_s32s32_unsafe+0xc>
100039b8:	e7ff      	b.n	100039ba <divmod_s32s32_unsafe+0xe>
100039ba:	6f51      	ldr	r1, [r2, #116]	; 0x74
100039bc:	6f10      	ldr	r0, [r2, #112]	; 0x70
100039be:	4770      	bx	lr
100039c0:	b504      	push	{r2, lr}
100039c2:	2180      	movs	r1, #128	; 0x80
100039c4:	0609      	lsls	r1, r1, #24
100039c6:	17c2      	asrs	r2, r0, #31
100039c8:	4051      	eors	r1, r2
100039ca:	2800      	cmp	r0, #0
100039cc:	d000      	beq.n	100039d0 <divmod_s32s32_unsafe+0x24>
100039ce:	43c8      	mvns	r0, r1
100039d0:	f005 fda6 	bl	10009520 <____aeabi_idiv0_veneer>
100039d4:	2100      	movs	r1, #0
100039d6:	bd04      	pop	{r2, pc}

100039d8 <divmod_s32s32_savestate>:
100039d8:	b5f0      	push	{r4, r5, r6, r7, lr}
100039da:	6e14      	ldr	r4, [r2, #96]	; 0x60
100039dc:	6e55      	ldr	r5, [r2, #100]	; 0x64
100039de:	6f57      	ldr	r7, [r2, #116]	; 0x74
100039e0:	6f16      	ldr	r6, [r2, #112]	; 0x70
100039e2:	f7ff ffe3 	bl	100039ac <divmod_s32s32_unsafe>
100039e6:	6614      	str	r4, [r2, #96]	; 0x60
100039e8:	6655      	str	r5, [r2, #100]	; 0x64
100039ea:	6757      	str	r7, [r2, #116]	; 0x74
100039ec:	6716      	str	r6, [r2, #112]	; 0x70
100039ee:	bdf0      	pop	{r4, r5, r6, r7, pc}
100039f0:	d0000000 	.word	0xd0000000

100039f4 <__wrap___aeabi_uidiv>:
100039f4:	4a11      	ldr	r2, [pc, #68]	; (10003a3c <divmod_u32u32_savestate+0x18>)
100039f6:	6f93      	ldr	r3, [r2, #120]	; 0x78
100039f8:	089b      	lsrs	r3, r3, #2
100039fa:	d213      	bcs.n	10003a24 <divmod_u32u32_savestate>

100039fc <divmod_u32u32_unsafe>:
100039fc:	6610      	str	r0, [r2, #96]	; 0x60
100039fe:	6651      	str	r1, [r2, #100]	; 0x64
10003a00:	2900      	cmp	r1, #0
10003a02:	d005      	beq.n	10003a10 <divmod_u32u32_unsafe+0x14>
10003a04:	e7ff      	b.n	10003a06 <divmod_u32u32_unsafe+0xa>
10003a06:	e7ff      	b.n	10003a08 <divmod_u32u32_unsafe+0xc>
10003a08:	e7ff      	b.n	10003a0a <divmod_u32u32_unsafe+0xe>
10003a0a:	6f51      	ldr	r1, [r2, #116]	; 0x74
10003a0c:	6f10      	ldr	r0, [r2, #112]	; 0x70
10003a0e:	4770      	bx	lr
10003a10:	b504      	push	{r2, lr}
10003a12:	2800      	cmp	r0, #0
10003a14:	d001      	beq.n	10003a1a <divmod_u32u32_unsafe+0x1e>
10003a16:	2000      	movs	r0, #0
10003a18:	43c0      	mvns	r0, r0
10003a1a:	f005 fd81 	bl	10009520 <____aeabi_idiv0_veneer>
10003a1e:	2100      	movs	r1, #0
10003a20:	bd04      	pop	{r2, pc}
10003a22:	46c0      	nop			; (mov r8, r8)

10003a24 <divmod_u32u32_savestate>:
10003a24:	b5f0      	push	{r4, r5, r6, r7, lr}
10003a26:	6e14      	ldr	r4, [r2, #96]	; 0x60
10003a28:	6e55      	ldr	r5, [r2, #100]	; 0x64
10003a2a:	6f57      	ldr	r7, [r2, #116]	; 0x74
10003a2c:	6f16      	ldr	r6, [r2, #112]	; 0x70
10003a2e:	f7ff ffe5 	bl	100039fc <divmod_u32u32_unsafe>
10003a32:	6614      	str	r4, [r2, #96]	; 0x60
10003a34:	6655      	str	r5, [r2, #100]	; 0x64
10003a36:	6757      	str	r7, [r2, #116]	; 0x74
10003a38:	6716      	str	r6, [r2, #112]	; 0x70
10003a3a:	bdf0      	pop	{r4, r5, r6, r7, pc}
10003a3c:	d0000000 	.word	0xd0000000

10003a40 <__wrap___aeabi_ldivmod>:
10003a40:	4694      	mov	ip, r2
10003a42:	4a4a      	ldr	r2, [pc, #296]	; (10003b6c <udiv0+0x1a>)
10003a44:	6f92      	ldr	r2, [r2, #120]	; 0x78
10003a46:	0892      	lsrs	r2, r2, #2
10003a48:	4662      	mov	r2, ip
10003a4a:	d201      	bcs.n	10003a50 <divmod_s64s64_savestate>
10003a4c:	e028      	b.n	10003aa0 <divmod_s64s64_unsafe>
10003a4e:	46c0      	nop			; (mov r8, r8)

10003a50 <divmod_s64s64_savestate>:
10003a50:	b5f0      	push	{r4, r5, r6, r7, lr}
10003a52:	4e46      	ldr	r6, [pc, #280]	; (10003b6c <udiv0+0x1a>)
10003a54:	6e34      	ldr	r4, [r6, #96]	; 0x60
10003a56:	6e75      	ldr	r5, [r6, #100]	; 0x64
10003a58:	6f77      	ldr	r7, [r6, #116]	; 0x74
10003a5a:	6f36      	ldr	r6, [r6, #112]	; 0x70
10003a5c:	f000 f820 	bl	10003aa0 <divmod_s64s64_unsafe>
10003a60:	4694      	mov	ip, r2
10003a62:	4a42      	ldr	r2, [pc, #264]	; (10003b6c <udiv0+0x1a>)
10003a64:	6614      	str	r4, [r2, #96]	; 0x60
10003a66:	6655      	str	r5, [r2, #100]	; 0x64
10003a68:	6757      	str	r7, [r2, #116]	; 0x74
10003a6a:	6716      	str	r6, [r2, #112]	; 0x70
10003a6c:	4662      	mov	r2, ip
10003a6e:	bdf0      	pop	{r4, r5, r6, r7, pc}

10003a70 <__wrap___aeabi_uldivmod>:
10003a70:	4694      	mov	ip, r2
10003a72:	4a3e      	ldr	r2, [pc, #248]	; (10003b6c <udiv0+0x1a>)
10003a74:	6f92      	ldr	r2, [r2, #120]	; 0x78
10003a76:	0892      	lsrs	r2, r2, #2
10003a78:	4662      	mov	r2, ip
10003a7a:	d201      	bcs.n	10003a80 <divmod_u64u64_savestate>
10003a7c:	e054      	b.n	10003b28 <divmod_u64u64_unsafe>
10003a7e:	46c0      	nop			; (mov r8, r8)

10003a80 <divmod_u64u64_savestate>:
10003a80:	b5f0      	push	{r4, r5, r6, r7, lr}
10003a82:	4e3a      	ldr	r6, [pc, #232]	; (10003b6c <udiv0+0x1a>)
10003a84:	6e34      	ldr	r4, [r6, #96]	; 0x60
10003a86:	6e75      	ldr	r5, [r6, #100]	; 0x64
10003a88:	6f77      	ldr	r7, [r6, #116]	; 0x74
10003a8a:	6f36      	ldr	r6, [r6, #112]	; 0x70
10003a8c:	f000 f84c 	bl	10003b28 <divmod_u64u64_unsafe>
10003a90:	4694      	mov	ip, r2
10003a92:	4a36      	ldr	r2, [pc, #216]	; (10003b6c <udiv0+0x1a>)
10003a94:	6614      	str	r4, [r2, #96]	; 0x60
10003a96:	6655      	str	r5, [r2, #100]	; 0x64
10003a98:	6757      	str	r7, [r2, #116]	; 0x74
10003a9a:	6716      	str	r6, [r2, #112]	; 0x70
10003a9c:	4662      	mov	r2, ip
10003a9e:	bdf0      	pop	{r4, r5, r6, r7, pc}

10003aa0 <divmod_s64s64_unsafe>:
10003aa0:	2b00      	cmp	r3, #0
10003aa2:	db24      	blt.n	10003aee <l42_1+0x26>
10003aa4:	d011      	beq.n	10003aca <l42_1+0x2>
10003aa6:	2900      	cmp	r1, #0
10003aa8:	da3e      	bge.n	10003b28 <divmod_u64u64_unsafe>
10003aaa:	b500      	push	{lr}
10003aac:	43c9      	mvns	r1, r1
10003aae:	4240      	negs	r0, r0
10003ab0:	d100      	bne.n	10003ab4 <l40_1>
10003ab2:	3101      	adds	r1, #1

10003ab4 <l40_1>:
10003ab4:	f000 f838 	bl	10003b28 <divmod_u64u64_unsafe>
10003ab8:	43c9      	mvns	r1, r1
10003aba:	4240      	negs	r0, r0
10003abc:	d100      	bne.n	10003ac0 <l41_1>
10003abe:	3101      	adds	r1, #1

10003ac0 <l41_1>:
10003ac0:	43db      	mvns	r3, r3
10003ac2:	4252      	negs	r2, r2
10003ac4:	d100      	bne.n	10003ac8 <l42_1>
10003ac6:	3301      	adds	r3, #1

10003ac8 <l42_1>:
10003ac8:	bd00      	pop	{pc}
10003aca:	2a00      	cmp	r2, #0
10003acc:	d1eb      	bne.n	10003aa6 <divmod_s64s64_unsafe+0x6>
10003ace:	2800      	cmp	r0, #0
10003ad0:	d101      	bne.n	10003ad6 <l42_1+0xe>
10003ad2:	2900      	cmp	r1, #0
10003ad4:	d005      	beq.n	10003ae2 <l42_1+0x1a>
10003ad6:	2000      	movs	r0, #0
10003ad8:	0fc9      	lsrs	r1, r1, #31
10003ada:	07c9      	lsls	r1, r1, #31
10003adc:	d101      	bne.n	10003ae2 <l42_1+0x1a>
10003ade:	43c0      	mvns	r0, r0
10003ae0:	0841      	lsrs	r1, r0, #1
10003ae2:	b500      	push	{lr}
10003ae4:	f005 fcfc 	bl	100094e0 <____aeabi_ldiv0_veneer>
10003ae8:	2200      	movs	r2, #0
10003aea:	2300      	movs	r3, #0
10003aec:	bd00      	pop	{pc}
10003aee:	b500      	push	{lr}
10003af0:	2900      	cmp	r1, #0
10003af2:	db0a      	blt.n	10003b0a <l44_1+0x2>
10003af4:	43db      	mvns	r3, r3
10003af6:	4252      	negs	r2, r2
10003af8:	d100      	bne.n	10003afc <l43_1>
10003afa:	3301      	adds	r3, #1

10003afc <l43_1>:
10003afc:	f000 f814 	bl	10003b28 <divmod_u64u64_unsafe>
10003b00:	43c9      	mvns	r1, r1
10003b02:	4240      	negs	r0, r0
10003b04:	d100      	bne.n	10003b08 <l44_1>
10003b06:	3101      	adds	r1, #1

10003b08 <l44_1>:
10003b08:	bd00      	pop	{pc}
10003b0a:	43c9      	mvns	r1, r1
10003b0c:	4240      	negs	r0, r0
10003b0e:	d100      	bne.n	10003b12 <l45_1>
10003b10:	3101      	adds	r1, #1

10003b12 <l45_1>:
10003b12:	43db      	mvns	r3, r3
10003b14:	4252      	negs	r2, r2
10003b16:	d100      	bne.n	10003b1a <l46_1>
10003b18:	3301      	adds	r3, #1

10003b1a <l46_1>:
10003b1a:	f000 f805 	bl	10003b28 <divmod_u64u64_unsafe>
10003b1e:	43db      	mvns	r3, r3
10003b20:	4252      	negs	r2, r2
10003b22:	d100      	bne.n	10003b26 <l47_1>
10003b24:	3301      	adds	r3, #1

10003b26 <l47_1>:
10003b26:	bd00      	pop	{pc}

10003b28 <divmod_u64u64_unsafe>:
10003b28:	2900      	cmp	r1, #0
10003b2a:	d123      	bne.n	10003b74 <y64>
10003b2c:	2b00      	cmp	r3, #0
10003b2e:	d118      	bne.n	10003b62 <udiv0+0x10>
10003b30:	2a00      	cmp	r2, #0
10003b32:	d00c      	beq.n	10003b4e <divmod_u64u64_unsafe+0x26>
10003b34:	46bc      	mov	ip, r7
10003b36:	4f0d      	ldr	r7, [pc, #52]	; (10003b6c <udiv0+0x1a>)
10003b38:	6638      	str	r0, [r7, #96]	; 0x60
10003b3a:	667a      	str	r2, [r7, #100]	; 0x64
10003b3c:	2100      	movs	r1, #0
10003b3e:	2300      	movs	r3, #0
10003b40:	e7ff      	b.n	10003b42 <divmod_u64u64_unsafe+0x1a>
10003b42:	e7ff      	b.n	10003b44 <divmod_u64u64_unsafe+0x1c>
10003b44:	e7ff      	b.n	10003b46 <divmod_u64u64_unsafe+0x1e>
10003b46:	6f7a      	ldr	r2, [r7, #116]	; 0x74
10003b48:	6f38      	ldr	r0, [r7, #112]	; 0x70
10003b4a:	4667      	mov	r7, ip
10003b4c:	4770      	bx	lr
10003b4e:	2800      	cmp	r0, #0
10003b50:	d001      	beq.n	10003b56 <udiv0+0x4>

10003b52 <udiv0>:
10003b52:	4807      	ldr	r0, [pc, #28]	; (10003b70 <udiv0+0x1e>)
10003b54:	0001      	movs	r1, r0
10003b56:	b500      	push	{lr}
10003b58:	f005 fcc2 	bl	100094e0 <____aeabi_ldiv0_veneer>
10003b5c:	2200      	movs	r2, #0
10003b5e:	2300      	movs	r3, #0
10003b60:	bd00      	pop	{pc}
10003b62:	0002      	movs	r2, r0
10003b64:	000b      	movs	r3, r1
10003b66:	2000      	movs	r0, #0
10003b68:	2100      	movs	r1, #0
10003b6a:	4770      	bx	lr
10003b6c:	d0000000 	.word	0xd0000000
10003b70:	ffffffff 	.word	0xffffffff

10003b74 <y64>:
10003b74:	2b00      	cmp	r3, #0
10003b76:	d000      	beq.n	10003b7a <y64+0x6>
10003b78:	e0bf      	b.n	10003cfa <y64_x48>
10003b7a:	0c13      	lsrs	r3, r2, #16
10003b7c:	d128      	bne.n	10003bd0 <y64_x32>
10003b7e:	2a00      	cmp	r2, #0
10003b80:	d0e7      	beq.n	10003b52 <udiv0>
10003b82:	b480      	push	{r7}
10003b84:	4f11      	ldr	r7, [pc, #68]	; (10003bcc <y64+0x58>)
10003b86:	6639      	str	r1, [r7, #96]	; 0x60
10003b88:	667a      	str	r2, [r7, #100]	; 0x64
10003b8a:	e7ff      	b.n	10003b8c <y64+0x18>
10003b8c:	e7ff      	b.n	10003b8e <y64+0x1a>
10003b8e:	b430      	push	{r4, r5}
10003b90:	0c04      	lsrs	r4, r0, #16
10003b92:	6f7b      	ldr	r3, [r7, #116]	; 0x74
10003b94:	6f39      	ldr	r1, [r7, #112]	; 0x70
10003b96:	041b      	lsls	r3, r3, #16
10003b98:	4323      	orrs	r3, r4
10003b9a:	663b      	str	r3, [r7, #96]	; 0x60
10003b9c:	667a      	str	r2, [r7, #100]	; 0x64
10003b9e:	e7ff      	b.n	10003ba0 <y64+0x2c>
10003ba0:	e7ff      	b.n	10003ba2 <y64+0x2e>
10003ba2:	e7ff      	b.n	10003ba4 <y64+0x30>
10003ba4:	46c0      	nop			; (mov r8, r8)
10003ba6:	b284      	uxth	r4, r0
10003ba8:	6f7b      	ldr	r3, [r7, #116]	; 0x74
10003baa:	6f3d      	ldr	r5, [r7, #112]	; 0x70
10003bac:	041b      	lsls	r3, r3, #16
10003bae:	4323      	orrs	r3, r4
10003bb0:	663b      	str	r3, [r7, #96]	; 0x60
10003bb2:	667a      	str	r2, [r7, #100]	; 0x64
10003bb4:	e7ff      	b.n	10003bb6 <y64+0x42>
10003bb6:	e7ff      	b.n	10003bb8 <y64+0x44>
10003bb8:	46c0      	nop			; (mov r8, r8)
10003bba:	2300      	movs	r3, #0
10003bbc:	042c      	lsls	r4, r5, #16
10003bbe:	0c2d      	lsrs	r5, r5, #16
10003bc0:	6f7a      	ldr	r2, [r7, #116]	; 0x74
10003bc2:	6f38      	ldr	r0, [r7, #112]	; 0x70
10003bc4:	1900      	adds	r0, r0, r4
10003bc6:	4169      	adcs	r1, r5
10003bc8:	bcb0      	pop	{r4, r5, r7}
10003bca:	4770      	bx	lr
10003bcc:	d0000000 	.word	0xd0000000

10003bd0 <y64_x32>:
10003bd0:	b5f0      	push	{r4, r5, r6, r7, lr}
10003bd2:	4694      	mov	ip, r2
10003bd4:	2500      	movs	r5, #0
10003bd6:	0e14      	lsrs	r4, r2, #24
10003bd8:	d101      	bne.n	10003bde <y64_x32+0xe>
10003bda:	0212      	lsls	r2, r2, #8
10003bdc:	3508      	adds	r5, #8
10003bde:	0f14      	lsrs	r4, r2, #28
10003be0:	d101      	bne.n	10003be6 <y64_x32+0x16>
10003be2:	0112      	lsls	r2, r2, #4
10003be4:	3504      	adds	r5, #4
10003be6:	0f94      	lsrs	r4, r2, #30
10003be8:	d101      	bne.n	10003bee <y64_x32+0x1e>
10003bea:	0092      	lsls	r2, r2, #2
10003bec:	3502      	adds	r5, #2
10003bee:	0fd4      	lsrs	r4, r2, #31
10003bf0:	d101      	bne.n	10003bf6 <y64_x32+0x26>
10003bf2:	0052      	lsls	r2, r2, #1
10003bf4:	3501      	adds	r5, #1
10003bf6:	0bd4      	lsrs	r4, r2, #15
10003bf8:	3401      	adds	r4, #1
10003bfa:	4f25      	ldr	r7, [pc, #148]	; (10003c90 <y64_x32+0xc0>)
10003bfc:	667c      	str	r4, [r7, #100]	; 0x64
10003bfe:	4c25      	ldr	r4, [pc, #148]	; (10003c94 <y64_x32+0xc4>)
10003c00:	663c      	str	r4, [r7, #96]	; 0x60
10003c02:	0c0e      	lsrs	r6, r1, #16
10003c04:	b293      	uxth	r3, r2
10003c06:	e7ff      	b.n	10003c08 <y64_x32+0x38>
10003c08:	e7ff      	b.n	10003c0a <y64_x32+0x3a>
10003c0a:	e7ff      	b.n	10003c0c <y64_x32+0x3c>
10003c0c:	6f3c      	ldr	r4, [r7, #112]	; 0x70
10003c0e:	4366      	muls	r6, r4
10003c10:	0c36      	lsrs	r6, r6, #16
10003c12:	0377      	lsls	r7, r6, #13
10003c14:	46be      	mov	lr, r7
10003c16:	4373      	muls	r3, r6
10003c18:	0bdf      	lsrs	r7, r3, #15
10003c1a:	045b      	lsls	r3, r3, #17
10003c1c:	1ac0      	subs	r0, r0, r3
10003c1e:	41b9      	sbcs	r1, r7
10003c20:	0c13      	lsrs	r3, r2, #16
10003c22:	4373      	muls	r3, r6
10003c24:	18db      	adds	r3, r3, r3
10003c26:	1ac9      	subs	r1, r1, r3
10003c28:	08ce      	lsrs	r6, r1, #3
10003c2a:	4366      	muls	r6, r4
10003c2c:	0c36      	lsrs	r6, r6, #16
10003c2e:	44b6      	add	lr, r6
10003c30:	b293      	uxth	r3, r2
10003c32:	4373      	muls	r3, r6
10003c34:	0f1f      	lsrs	r7, r3, #28
10003c36:	011b      	lsls	r3, r3, #4
10003c38:	1ac0      	subs	r0, r0, r3
10003c3a:	41b9      	sbcs	r1, r7
10003c3c:	0c13      	lsrs	r3, r2, #16
10003c3e:	4373      	muls	r3, r6
10003c40:	0b1f      	lsrs	r7, r3, #12
10003c42:	051b      	lsls	r3, r3, #20
10003c44:	1ac0      	subs	r0, r0, r3
10003c46:	41b9      	sbcs	r1, r7
10003c48:	0d86      	lsrs	r6, r0, #22
10003c4a:	028f      	lsls	r7, r1, #10
10003c4c:	433e      	orrs	r6, r7
10003c4e:	4366      	muls	r6, r4
10003c50:	0c36      	lsrs	r6, r6, #16
10003c52:	2d09      	cmp	r5, #9
10003c54:	db24      	blt.n	10003ca0 <last0>
10003c56:	0a52      	lsrs	r2, r2, #9
10003c58:	4372      	muls	r2, r6
10003c5a:	1a80      	subs	r0, r0, r2
10003c5c:	0377      	lsls	r7, r6, #13
10003c5e:	0a46      	lsrs	r6, r0, #9
10003c60:	4366      	muls	r6, r4
10003c62:	0c36      	lsrs	r6, r6, #16
10003c64:	2316      	movs	r3, #22
10003c66:	1b5b      	subs	r3, r3, r5
10003c68:	40de      	lsrs	r6, r3
10003c6a:	40df      	lsrs	r7, r3
10003c6c:	19bf      	adds	r7, r7, r6
10003c6e:	4664      	mov	r4, ip
10003c70:	4366      	muls	r6, r4
10003c72:	1b82      	subs	r2, r0, r6
10003c74:	4670      	mov	r0, lr
10003c76:	3504      	adds	r5, #4
10003c78:	3306      	adds	r3, #6
10003c7a:	0001      	movs	r1, r0
10003c7c:	40d9      	lsrs	r1, r3
10003c7e:	40a8      	lsls	r0, r5
10003c80:	19c0      	adds	r0, r0, r7
10003c82:	d300      	bcc.n	10003c86 <y64_x32+0xb6>
10003c84:	3101      	adds	r1, #1
10003c86:	42a2      	cmp	r2, r4
10003c88:	d206      	bcs.n	10003c98 <y64_x32+0xc8>
10003c8a:	2300      	movs	r3, #0
10003c8c:	bdf0      	pop	{r4, r5, r6, r7, pc}
10003c8e:	0000      	.short	0x0000
10003c90:	d0000000 	.word	0xd0000000
10003c94:	ffffffff 	.word	0xffffffff
10003c98:	1b12      	subs	r2, r2, r4
10003c9a:	3001      	adds	r0, #1
10003c9c:	d3f3      	bcc.n	10003c86 <y64_x32+0xb6>
10003c9e:	e7f1      	b.n	10003c84 <y64_x32+0xb4>

10003ca0 <last0>:
10003ca0:	2709      	movs	r7, #9
10003ca2:	1b7f      	subs	r7, r7, r5
10003ca4:	40fe      	lsrs	r6, r7
10003ca6:	4664      	mov	r4, ip
10003ca8:	b2a2      	uxth	r2, r4
10003caa:	4372      	muls	r2, r6
10003cac:	1a80      	subs	r0, r0, r2
10003cae:	d200      	bcs.n	10003cb2 <last0+0x12>
10003cb0:	3901      	subs	r1, #1
10003cb2:	0c22      	lsrs	r2, r4, #16
10003cb4:	4372      	muls	r2, r6
10003cb6:	0c13      	lsrs	r3, r2, #16
10003cb8:	0412      	lsls	r2, r2, #16
10003cba:	1a82      	subs	r2, r0, r2
10003cbc:	4199      	sbcs	r1, r3
10003cbe:	000b      	movs	r3, r1
10003cc0:	4670      	mov	r0, lr
10003cc2:	3504      	adds	r5, #4
10003cc4:	3713      	adds	r7, #19
10003cc6:	0001      	movs	r1, r0
10003cc8:	40f9      	lsrs	r1, r7
10003cca:	40a8      	lsls	r0, r5
10003ccc:	1980      	adds	r0, r0, r6
10003cce:	d300      	bcc.n	10003cd2 <last0+0x32>
10003cd0:	3101      	adds	r1, #1
10003cd2:	2b00      	cmp	r3, #0
10003cd4:	d102      	bne.n	10003cdc <last0+0x3c>
10003cd6:	42a2      	cmp	r2, r4
10003cd8:	d20a      	bcs.n	10003cf0 <last0+0x50>
10003cda:	bdf0      	pop	{r4, r5, r6, r7, pc}
10003cdc:	3001      	adds	r0, #1
10003cde:	d300      	bcc.n	10003ce2 <last0+0x42>
10003ce0:	3101      	adds	r1, #1
10003ce2:	1b12      	subs	r2, r2, r4
10003ce4:	d2fa      	bcs.n	10003cdc <last0+0x3c>
10003ce6:	3b01      	subs	r3, #1
10003ce8:	d1f8      	bne.n	10003cdc <last0+0x3c>
10003cea:	42a2      	cmp	r2, r4
10003cec:	d200      	bcs.n	10003cf0 <last0+0x50>
10003cee:	bdf0      	pop	{r4, r5, r6, r7, pc}
10003cf0:	3001      	adds	r0, #1
10003cf2:	d300      	bcc.n	10003cf6 <last0+0x56>
10003cf4:	3101      	adds	r1, #1
10003cf6:	1b12      	subs	r2, r2, r4
10003cf8:	e7f7      	b.n	10003cea <last0+0x4a>

10003cfa <y64_x48>:
10003cfa:	b5f0      	push	{r4, r5, r6, r7, lr}
10003cfc:	0c1c      	lsrs	r4, r3, #16
10003cfe:	d000      	beq.n	10003d02 <y64_x48+0x8>
10003d00:	e080      	b.n	10003e04 <y64_x64>
10003d02:	b40c      	push	{r2, r3}
10003d04:	2500      	movs	r5, #0
10003d06:	0a1c      	lsrs	r4, r3, #8
10003d08:	d104      	bne.n	10003d14 <y64_x48+0x1a>
10003d0a:	021b      	lsls	r3, r3, #8
10003d0c:	0e16      	lsrs	r6, r2, #24
10003d0e:	4333      	orrs	r3, r6
10003d10:	0212      	lsls	r2, r2, #8
10003d12:	3508      	adds	r5, #8
10003d14:	0b1c      	lsrs	r4, r3, #12
10003d16:	d104      	bne.n	10003d22 <y64_x48+0x28>
10003d18:	011b      	lsls	r3, r3, #4
10003d1a:	0f16      	lsrs	r6, r2, #28
10003d1c:	4333      	orrs	r3, r6
10003d1e:	0112      	lsls	r2, r2, #4
10003d20:	3504      	adds	r5, #4
10003d22:	0b9c      	lsrs	r4, r3, #14
10003d24:	d104      	bne.n	10003d30 <y64_x48+0x36>
10003d26:	009b      	lsls	r3, r3, #2
10003d28:	0f96      	lsrs	r6, r2, #30
10003d2a:	4333      	orrs	r3, r6
10003d2c:	0092      	lsls	r2, r2, #2
10003d2e:	3502      	adds	r5, #2
10003d30:	0bdc      	lsrs	r4, r3, #15
10003d32:	d102      	bne.n	10003d3a <y64_x48+0x40>
10003d34:	1892      	adds	r2, r2, r2
10003d36:	415b      	adcs	r3, r3
10003d38:	3501      	adds	r5, #1
10003d3a:	001c      	movs	r4, r3
10003d3c:	1897      	adds	r7, r2, r2
10003d3e:	4164      	adcs	r4, r4
10003d40:	3401      	adds	r4, #1
10003d42:	4f46      	ldr	r7, [pc, #280]	; (10003e5c <y64_x64+0x58>)
10003d44:	667c      	str	r4, [r7, #100]	; 0x64
10003d46:	4c46      	ldr	r4, [pc, #280]	; (10003e60 <y64_x64+0x5c>)
10003d48:	663c      	str	r4, [r7, #96]	; 0x60
10003d4a:	0c0e      	lsrs	r6, r1, #16
10003d4c:	e7ff      	b.n	10003d4e <y64_x48+0x54>
10003d4e:	e7ff      	b.n	10003d50 <y64_x48+0x56>
10003d50:	e7ff      	b.n	10003d52 <y64_x48+0x58>
10003d52:	46c0      	nop			; (mov r8, r8)
10003d54:	6f3c      	ldr	r4, [r7, #112]	; 0x70
10003d56:	4366      	muls	r6, r4
10003d58:	0c36      	lsrs	r6, r6, #16
10003d5a:	0377      	lsls	r7, r6, #13
10003d5c:	46be      	mov	lr, r7
10003d5e:	b297      	uxth	r7, r2
10003d60:	4377      	muls	r7, r6
10003d62:	1bc0      	subs	r0, r0, r7
10003d64:	d200      	bcs.n	10003d68 <y64_x48+0x6e>
10003d66:	3901      	subs	r1, #1
10003d68:	1bc0      	subs	r0, r0, r7
10003d6a:	d200      	bcs.n	10003d6e <y64_x48+0x74>
10003d6c:	3901      	subs	r1, #1
10003d6e:	b29f      	uxth	r7, r3
10003d70:	4377      	muls	r7, r6
10003d72:	1bc9      	subs	r1, r1, r7
10003d74:	1bc9      	subs	r1, r1, r7
10003d76:	0c17      	lsrs	r7, r2, #16
10003d78:	4377      	muls	r7, r6
10003d7a:	047e      	lsls	r6, r7, #17
10003d7c:	0bff      	lsrs	r7, r7, #15
10003d7e:	1b80      	subs	r0, r0, r6
10003d80:	41b9      	sbcs	r1, r7
10003d82:	08ce      	lsrs	r6, r1, #3
10003d84:	4366      	muls	r6, r4
10003d86:	0c36      	lsrs	r6, r6, #16
10003d88:	2d0c      	cmp	r5, #12
10003d8a:	db33      	blt.n	10003df4 <last1>
10003d8c:	44b6      	add	lr, r6
10003d8e:	0b12      	lsrs	r2, r2, #12
10003d90:	051f      	lsls	r7, r3, #20
10003d92:	433a      	orrs	r2, r7
10003d94:	0b1b      	lsrs	r3, r3, #12
10003d96:	b297      	uxth	r7, r2
10003d98:	4377      	muls	r7, r6
10003d9a:	1bc0      	subs	r0, r0, r7
10003d9c:	d200      	bcs.n	10003da0 <y64_x48+0xa6>
10003d9e:	3901      	subs	r1, #1
10003da0:	b29f      	uxth	r7, r3
10003da2:	4377      	muls	r7, r6
10003da4:	1bc9      	subs	r1, r1, r7
10003da6:	0c17      	lsrs	r7, r2, #16
10003da8:	4377      	muls	r7, r6
10003daa:	043e      	lsls	r6, r7, #16
10003dac:	0c3f      	lsrs	r7, r7, #16
10003dae:	1b80      	subs	r0, r0, r6
10003db0:	41b9      	sbcs	r1, r7
10003db2:	0d86      	lsrs	r6, r0, #22
10003db4:	028f      	lsls	r7, r1, #10
10003db6:	433e      	orrs	r6, r7
10003db8:	4366      	muls	r6, r4
10003dba:	2729      	movs	r7, #41	; 0x29
10003dbc:	1b7f      	subs	r7, r7, r5
10003dbe:	40fe      	lsrs	r6, r7
10003dc0:	3d0c      	subs	r5, #12
10003dc2:	4677      	mov	r7, lr
10003dc4:	40af      	lsls	r7, r5
10003dc6:	19bf      	adds	r7, r7, r6
10003dc8:	bc30      	pop	{r4, r5}
10003dca:	b2a2      	uxth	r2, r4
10003dcc:	b2ab      	uxth	r3, r5
10003dce:	4372      	muls	r2, r6
10003dd0:	4373      	muls	r3, r6
10003dd2:	1a80      	subs	r0, r0, r2
10003dd4:	4199      	sbcs	r1, r3
10003dd6:	0c22      	lsrs	r2, r4, #16
10003dd8:	4372      	muls	r2, r6
10003dda:	0c13      	lsrs	r3, r2, #16
10003ddc:	0412      	lsls	r2, r2, #16
10003dde:	1a80      	subs	r0, r0, r2
10003de0:	4199      	sbcs	r1, r3
10003de2:	0002      	movs	r2, r0
10003de4:	000b      	movs	r3, r1
10003de6:	3701      	adds	r7, #1
10003de8:	1b00      	subs	r0, r0, r4
10003dea:	41a9      	sbcs	r1, r5
10003dec:	d2f9      	bcs.n	10003de2 <y64_x48+0xe8>
10003dee:	1e78      	subs	r0, r7, #1
10003df0:	2100      	movs	r1, #0
10003df2:	bdf0      	pop	{r4, r5, r6, r7, pc}

10003df4 <last1>:
10003df4:	270c      	movs	r7, #12
10003df6:	1b7f      	subs	r7, r7, r5
10003df8:	40fe      	lsrs	r6, r7
10003dfa:	4677      	mov	r7, lr
10003dfc:	0b7f      	lsrs	r7, r7, #13
10003dfe:	40af      	lsls	r7, r5
10003e00:	19ff      	adds	r7, r7, r7
10003e02:	e7e0      	b.n	10003dc6 <y64_x48+0xcc>

10003e04 <y64_x64>:
10003e04:	2400      	movs	r4, #0
10003e06:	1c5d      	adds	r5, r3, #1
10003e08:	d007      	beq.n	10003e1a <y64_x64+0x16>
10003e0a:	4f14      	ldr	r7, [pc, #80]	; (10003e5c <y64_x64+0x58>)
10003e0c:	667d      	str	r5, [r7, #100]	; 0x64
10003e0e:	6639      	str	r1, [r7, #96]	; 0x60
10003e10:	e7ff      	b.n	10003e12 <y64_x64+0xe>
10003e12:	e7ff      	b.n	10003e14 <y64_x64+0x10>
10003e14:	e7ff      	b.n	10003e16 <y64_x64+0x12>
10003e16:	e7ff      	b.n	10003e18 <y64_x64+0x14>
10003e18:	6f3c      	ldr	r4, [r7, #112]	; 0x70
10003e1a:	b295      	uxth	r5, r2
10003e1c:	b29e      	uxth	r6, r3
10003e1e:	4365      	muls	r5, r4
10003e20:	4366      	muls	r6, r4
10003e22:	1b40      	subs	r0, r0, r5
10003e24:	41b1      	sbcs	r1, r6
10003e26:	0c15      	lsrs	r5, r2, #16
10003e28:	0c1e      	lsrs	r6, r3, #16
10003e2a:	4365      	muls	r5, r4
10003e2c:	4366      	muls	r6, r4
10003e2e:	0436      	lsls	r6, r6, #16
10003e30:	0c2f      	lsrs	r7, r5, #16
10003e32:	433e      	orrs	r6, r7
10003e34:	042d      	lsls	r5, r5, #16
10003e36:	1b40      	subs	r0, r0, r5
10003e38:	41b1      	sbcs	r1, r6
10003e3a:	4299      	cmp	r1, r3
10003e3c:	d204      	bcs.n	10003e48 <y64_x64+0x44>
10003e3e:	0002      	movs	r2, r0
10003e40:	000b      	movs	r3, r1
10003e42:	0020      	movs	r0, r4
10003e44:	2100      	movs	r1, #0
10003e46:	bdf0      	pop	{r4, r5, r6, r7, pc}
10003e48:	d101      	bne.n	10003e4e <y64_x64+0x4a>
10003e4a:	4290      	cmp	r0, r2
10003e4c:	d3f7      	bcc.n	10003e3e <y64_x64+0x3a>
10003e4e:	1a80      	subs	r0, r0, r2
10003e50:	4199      	sbcs	r1, r3
10003e52:	3401      	adds	r4, #1
10003e54:	4299      	cmp	r1, r3
10003e56:	d3f2      	bcc.n	10003e3e <y64_x64+0x3a>
10003e58:	e7f6      	b.n	10003e48 <y64_x64+0x44>
10003e5a:	0000      	.short	0x0000
10003e5c:	d0000000 	.word	0xd0000000
10003e60:	ffffffff 	.word	0xffffffff

10003e64 <__wrap___aeabi_drsub>:
10003e64:	4048      	eors	r0, r1
10003e66:	4041      	eors	r1, r0
10003e68:	4048      	eors	r0, r1

10003e6a <__wrap___aeabi_dsub>:
10003e6a:	b418      	push	{r3, r4}
10003e6c:	4b1b      	ldr	r3, [pc, #108]	; (10003edc <__wrap___aeabi_dmul+0x12>)
10003e6e:	685b      	ldr	r3, [r3, #4]
10003e70:	46fc      	mov	ip, pc
10003e72:	9301      	str	r3, [sp, #4]
10003e74:	bd08      	pop	{r3, pc}
10003e76:	df04      	.short	0xdf04
10003e78:	1000410b 	.word	0x1000410b

10003e7c <__wrap___aeabi_dadd>:
10003e7c:	b418      	push	{r3, r4}
10003e7e:	4b17      	ldr	r3, [pc, #92]	; (10003edc <__wrap___aeabi_dmul+0x12>)
10003e80:	681b      	ldr	r3, [r3, #0]
10003e82:	46fc      	mov	ip, pc
10003e84:	9301      	str	r3, [sp, #4]
10003e86:	bd08      	pop	{r3, pc}
10003e88:	4115df00 	.word	0x4115df00
10003e8c:	1000      	.short	0x1000

10003e8e <__wrap___aeabi_ddiv>:
10003e8e:	4694      	mov	ip, r2
10003e90:	4a13      	ldr	r2, [pc, #76]	; (10003ee0 <__wrap___aeabi_dmul+0x16>)
10003e92:	6f92      	ldr	r2, [r2, #120]	; 0x78
10003e94:	0892      	lsrs	r2, r2, #2
10003e96:	d209      	bcs.n	10003eac <ddiv_save_state>
10003e98:	4662      	mov	r2, ip

10003e9a <ddiv_shim_call>:
10003e9a:	b418      	push	{r3, r4}
10003e9c:	4b0f      	ldr	r3, [pc, #60]	; (10003edc <__wrap___aeabi_dmul+0x12>)
10003e9e:	68db      	ldr	r3, [r3, #12]
10003ea0:	46fc      	mov	ip, pc
10003ea2:	9301      	str	r3, [sp, #4]
10003ea4:	bd08      	pop	{r3, pc}
10003ea6:	df0c      	.short	0xdf0c
10003ea8:	100043cd 	.word	0x100043cd

10003eac <ddiv_save_state>:
10003eac:	4a0c      	ldr	r2, [pc, #48]	; (10003ee0 <__wrap___aeabi_dmul+0x16>)
10003eae:	b5f0      	push	{r4, r5, r6, r7, lr}
10003eb0:	6e14      	ldr	r4, [r2, #96]	; 0x60
10003eb2:	6e55      	ldr	r5, [r2, #100]	; 0x64
10003eb4:	6f57      	ldr	r7, [r2, #116]	; 0x74
10003eb6:	6f16      	ldr	r6, [r2, #112]	; 0x70
10003eb8:	4662      	mov	r2, ip
10003eba:	f7ff ffee 	bl	10003e9a <ddiv_shim_call>
10003ebe:	4a08      	ldr	r2, [pc, #32]	; (10003ee0 <__wrap___aeabi_dmul+0x16>)
10003ec0:	6614      	str	r4, [r2, #96]	; 0x60
10003ec2:	6655      	str	r5, [r2, #100]	; 0x64
10003ec4:	6757      	str	r7, [r2, #116]	; 0x74
10003ec6:	6716      	str	r6, [r2, #112]	; 0x70
10003ec8:	bdf0      	pop	{r4, r5, r6, r7, pc}

10003eca <__wrap___aeabi_dmul>:
10003eca:	b418      	push	{r3, r4}
10003ecc:	4b03      	ldr	r3, [pc, #12]	; (10003edc <__wrap___aeabi_dmul+0x12>)
10003ece:	689b      	ldr	r3, [r3, #8]
10003ed0:	46fc      	mov	ip, pc
10003ed2:	9301      	str	r3, [sp, #4]
10003ed4:	bd08      	pop	{r3, pc}
10003ed6:	df08      	.short	0xdf08
10003ed8:	10004271 	.word	0x10004271
10003edc:	200017e8 	.word	0x200017e8
10003ee0:	d0000000 	.word	0xd0000000

10003ee4 <__wrap___aeabi_cdrcmple>:
10003ee4:	b5ff      	push	{r0, r1, r2, r3, r4, r5, r6, r7, lr}
10003ee6:	4050      	eors	r0, r2
10003ee8:	4042      	eors	r2, r0
10003eea:	4050      	eors	r0, r2
10003eec:	4059      	eors	r1, r3
10003eee:	404b      	eors	r3, r1
10003ef0:	4059      	eors	r1, r3
10003ef2:	e000      	b.n	10003ef6 <__aeabi_dfcmple_guts>

10003ef4 <__wrap___aeabi_cdcmpeq>:
10003ef4:	b5ff      	push	{r0, r1, r2, r3, r4, r5, r6, r7, lr}

10003ef6 <__aeabi_dfcmple_guts>:
10003ef6:	4f15      	ldr	r7, [pc, #84]	; (10003f4c <__aeabi_dfcmple_guts+0x56>)
10003ef8:	004c      	lsls	r4, r1, #1
10003efa:	0d64      	lsrs	r4, r4, #21
10003efc:	d003      	beq.n	10003f06 <__aeabi_dfcmple_guts+0x10>
10003efe:	42bc      	cmp	r4, r7
10003f00:	d104      	bne.n	10003f0c <__aeabi_dfcmple_guts+0x16>
10003f02:	030c      	lsls	r4, r1, #12
10003f04:	d814      	bhi.n	10003f30 <__aeabi_dfcmple_guts+0x3a>
10003f06:	2000      	movs	r0, #0
10003f08:	0d09      	lsrs	r1, r1, #20
10003f0a:	0509      	lsls	r1, r1, #20
10003f0c:	005c      	lsls	r4, r3, #1
10003f0e:	0d64      	lsrs	r4, r4, #21
10003f10:	d003      	beq.n	10003f1a <__aeabi_dfcmple_guts+0x24>
10003f12:	42bc      	cmp	r4, r7
10003f14:	d104      	bne.n	10003f20 <__aeabi_dfcmple_guts+0x2a>
10003f16:	031c      	lsls	r4, r3, #12
10003f18:	d80a      	bhi.n	10003f30 <__aeabi_dfcmple_guts+0x3a>
10003f1a:	2200      	movs	r2, #0
10003f1c:	0d1b      	lsrs	r3, r3, #20
10003f1e:	051b      	lsls	r3, r3, #20
10003f20:	2601      	movs	r6, #1
10003f22:	404b      	eors	r3, r1
10003f24:	d409      	bmi.n	10003f3a <__aeabi_dfcmple_guts+0x44>
10003f26:	404b      	eors	r3, r1
10003f28:	d503      	bpl.n	10003f32 <__aeabi_dfcmple_guts+0x3c>
10003f2a:	428b      	cmp	r3, r1
10003f2c:	d100      	bne.n	10003f30 <__aeabi_dfcmple_guts+0x3a>
10003f2e:	4282      	cmp	r2, r0
10003f30:	bdff      	pop	{r0, r1, r2, r3, r4, r5, r6, r7, pc}
10003f32:	4299      	cmp	r1, r3
10003f34:	d1fc      	bne.n	10003f30 <__aeabi_dfcmple_guts+0x3a>
10003f36:	4290      	cmp	r0, r2
10003f38:	bdff      	pop	{r0, r1, r2, r3, r4, r5, r6, r7, pc}
10003f3a:	430b      	orrs	r3, r1
10003f3c:	18db      	adds	r3, r3, r3
10003f3e:	4303      	orrs	r3, r0
10003f40:	4313      	orrs	r3, r2
10003f42:	d0f5      	beq.n	10003f30 <__aeabi_dfcmple_guts+0x3a>
10003f44:	43c9      	mvns	r1, r1
10003f46:	1849      	adds	r1, r1, r1
10003f48:	bdff      	pop	{r0, r1, r2, r3, r4, r5, r6, r7, pc}
10003f4a:	0000      	.short	0x0000
10003f4c:	000007ff 	.word	0x000007ff

10003f50 <__wrap___aeabi_dcmplt>:
10003f50:	b500      	push	{lr}
10003f52:	f7ff ffcf 	bl	10003ef4 <__wrap___aeabi_cdcmpeq>
10003f56:	4180      	sbcs	r0, r0
10003f58:	bd00      	pop	{pc}
10003f5a:	46c0      	nop			; (mov r8, r8)

10003f5c <__wrap___aeabi_dcmple>:
10003f5c:	b500      	push	{lr}
10003f5e:	f7ff ffc9 	bl	10003ef4 <__wrap___aeabi_cdcmpeq>
10003f62:	d901      	bls.n	10003f68 <__wrap___aeabi_dcmple+0xc>
10003f64:	2000      	movs	r0, #0
10003f66:	bd00      	pop	{pc}
10003f68:	2001      	movs	r0, #1
10003f6a:	bd00      	pop	{pc}

10003f6c <__wrap___aeabi_dcmpge>:
10003f6c:	b500      	push	{lr}
10003f6e:	f7ff ffb9 	bl	10003ee4 <__wrap___aeabi_cdrcmple>
10003f72:	d901      	bls.n	10003f78 <__wrap___aeabi_dcmpge+0xc>
10003f74:	2000      	movs	r0, #0
10003f76:	bd00      	pop	{pc}
10003f78:	2001      	movs	r0, #1
10003f7a:	bd00      	pop	{pc}

10003f7c <__wrap___aeabi_dcmpgt>:
10003f7c:	b500      	push	{lr}
10003f7e:	f7ff ffb1 	bl	10003ee4 <__wrap___aeabi_cdrcmple>
10003f82:	4180      	sbcs	r0, r0
10003f84:	bd00      	pop	{pc}

10003f86 <__wrap___aeabi_dcmpun>:
10003f86:	2001      	movs	r0, #1
10003f88:	0540      	lsls	r0, r0, #21
10003f8a:	004a      	lsls	r2, r1, #1
10003f8c:	1812      	adds	r2, r2, r0
10003f8e:	d804      	bhi.n	10003f9a <__wrap___aeabi_dcmpun+0x14>
10003f90:	005a      	lsls	r2, r3, #1
10003f92:	1812      	adds	r2, r2, r0
10003f94:	d801      	bhi.n	10003f9a <__wrap___aeabi_dcmpun+0x14>
10003f96:	2000      	movs	r0, #0
10003f98:	4770      	bx	lr
10003f9a:	2001      	movs	r0, #1
10003f9c:	4770      	bx	lr
	...

10003fa0 <__wrap___aeabi_ui2d>:
10003fa0:	2100      	movs	r1, #0
10003fa2:	2800      	cmp	r0, #0
10003fa4:	d105      	bne.n	10003fb2 <__wrap___aeabi_i2d+0xa>
10003fa6:	4770      	bx	lr

10003fa8 <__wrap___aeabi_i2d>:
10003fa8:	17c1      	asrs	r1, r0, #31
10003faa:	4048      	eors	r0, r1
10003fac:	1a40      	subs	r0, r0, r1
10003fae:	d0fa      	beq.n	10003fa6 <__wrap___aeabi_ui2d+0x6>
10003fb0:	07c9      	lsls	r1, r1, #31
10003fb2:	b513      	push	{r0, r1, r4, lr}
10003fb4:	4b06      	ldr	r3, [pc, #24]	; (10003fd0 <__wrap___aeabi_i2d+0x28>)
10003fb6:	681b      	ldr	r3, [r3, #0]
10003fb8:	4798      	blx	r3
10003fba:	bc0c      	pop	{r2, r3}
10003fbc:	1c44      	adds	r4, r0, #1
10003fbe:	40a2      	lsls	r2, r4
10003fc0:	0510      	lsls	r0, r2, #20
10003fc2:	0b12      	lsrs	r2, r2, #12
10003fc4:	4903      	ldr	r1, [pc, #12]	; (10003fd4 <__wrap___aeabi_i2d+0x2c>)
10003fc6:	1b09      	subs	r1, r1, r4
10003fc8:	0509      	lsls	r1, r1, #20
10003fca:	4319      	orrs	r1, r3
10003fcc:	4311      	orrs	r1, r2
10003fce:	bd10      	pop	{r4, pc}
10003fd0:	20003fa8 	.word	0x20003fa8
10003fd4:	0000041f 	.word	0x0000041f

10003fd8 <__wrap___aeabi_d2iz>:
10003fd8:	b510      	push	{r4, lr}
10003fda:	004c      	lsls	r4, r1, #1
10003fdc:	0d62      	lsrs	r2, r4, #21
10003fde:	2380      	movs	r3, #128	; 0x80
10003fe0:	18d2      	adds	r2, r2, r3
10003fe2:	00db      	lsls	r3, r3, #3
10003fe4:	1ad2      	subs	r2, r2, r3
10003fe6:	055b      	lsls	r3, r3, #21
10003fe8:	2a7e      	cmp	r2, #126	; 0x7e
10003fea:	dd10      	ble.n	1000400e <__wrap___aeabi_d2iz+0x36>
10003fec:	3a9e      	subs	r2, #158	; 0x9e
10003fee:	da13      	bge.n	10004018 <__wrap___aeabi_d2iz+0x40>
10003ff0:	17cc      	asrs	r4, r1, #31
10003ff2:	0309      	lsls	r1, r1, #12
10003ff4:	0849      	lsrs	r1, r1, #1
10003ff6:	4319      	orrs	r1, r3
10003ff8:	4252      	negs	r2, r2
10003ffa:	40d1      	lsrs	r1, r2
10003ffc:	0064      	lsls	r4, r4, #1
10003ffe:	3401      	adds	r4, #1
10004000:	3215      	adds	r2, #21
10004002:	2a20      	cmp	r2, #32
10004004:	da05      	bge.n	10004012 <__wrap___aeabi_d2iz+0x3a>
10004006:	40d0      	lsrs	r0, r2
10004008:	4308      	orrs	r0, r1
1000400a:	4360      	muls	r0, r4
1000400c:	bd10      	pop	{r4, pc}
1000400e:	2000      	movs	r0, #0
10004010:	bd10      	pop	{r4, pc}
10004012:	4608      	mov	r0, r1
10004014:	4360      	muls	r0, r4
10004016:	bd10      	pop	{r4, pc}
10004018:	0fc8      	lsrs	r0, r1, #31
1000401a:	18c0      	adds	r0, r0, r3
1000401c:	3801      	subs	r0, #1
1000401e:	bd10      	pop	{r4, pc}

10004020 <__wrap___aeabi_d2uiz>:
10004020:	b418      	push	{r3, r4}
10004022:	4b04      	ldr	r3, [pc, #16]	; (10004034 <__wrap___aeabi_d2uiz+0x14>)
10004024:	6a5b      	ldr	r3, [r3, #36]	; 0x24
10004026:	46fc      	mov	ip, pc
10004028:	9301      	str	r3, [sp, #4]
1000402a:	bd08      	pop	{r3, pc}
1000402c:	457ddf24 	.word	0x457ddf24
10004030:	00001000 	.word	0x00001000
10004034:	200017e8 	.word	0x200017e8

10004038 <__aeabi_double_init>:
10004038:	2313      	movs	r3, #19
1000403a:	b570      	push	{r4, r5, r6, lr}
1000403c:	781d      	ldrb	r5, [r3, #0]
1000403e:	2d01      	cmp	r5, #1
10004040:	d019      	beq.n	10004076 <__aeabi_double_init+0x3e>
10004042:	dd14      	ble.n	1000406e <__aeabi_double_init+0x36>
10004044:	481e      	ldr	r0, [pc, #120]	; (100040c0 <__aeabi_double_init+0x88>)
10004046:	f7ff faff 	bl	10003648 <rom_data_lookup>
1000404a:	0006      	movs	r6, r0
1000404c:	481d      	ldr	r0, [pc, #116]	; (100040c4 <__aeabi_double_init+0x8c>)
1000404e:	f7ff fafb 	bl	10003648 <rom_data_lookup>
10004052:	4c1d      	ldr	r4, [pc, #116]	; (100040c8 <__aeabi_double_init+0x90>)
10004054:	2280      	movs	r2, #128	; 0x80
10004056:	0031      	movs	r1, r6
10004058:	0020      	movs	r0, r4
1000405a:	f000 fbc5 	bl	100047e8 <__wrap___aeabi_memcpy>
1000405e:	2d02      	cmp	r5, #2
10004060:	d006      	beq.n	10004070 <__aeabi_double_init+0x38>
10004062:	481a      	ldr	r0, [pc, #104]	; (100040cc <__aeabi_double_init+0x94>)
10004064:	f7ff fae8 	bl	10003638 <rom_func_lookup>
10004068:	4b19      	ldr	r3, [pc, #100]	; (100040d0 <__aeabi_double_init+0x98>)
1000406a:	6018      	str	r0, [r3, #0]
1000406c:	bd70      	pop	{r4, r5, r6, pc}
1000406e:	4c16      	ldr	r4, [pc, #88]	; (100040c8 <__aeabi_double_init+0x90>)
10004070:	4b18      	ldr	r3, [pc, #96]	; (100040d4 <__aeabi_double_init+0x9c>)
10004072:	64a3      	str	r3, [r4, #72]	; 0x48
10004074:	e7f5      	b.n	10004062 <__aeabi_double_init+0x2a>
10004076:	4b17      	ldr	r3, [pc, #92]	; (100040d4 <__aeabi_double_init+0x9c>)
10004078:	4c13      	ldr	r4, [pc, #76]	; (100040c8 <__aeabi_double_init+0x90>)
1000407a:	6023      	str	r3, [r4, #0]
1000407c:	6063      	str	r3, [r4, #4]
1000407e:	60a3      	str	r3, [r4, #8]
10004080:	60e3      	str	r3, [r4, #12]
10004082:	6123      	str	r3, [r4, #16]
10004084:	6163      	str	r3, [r4, #20]
10004086:	61a3      	str	r3, [r4, #24]
10004088:	61e3      	str	r3, [r4, #28]
1000408a:	6223      	str	r3, [r4, #32]
1000408c:	6263      	str	r3, [r4, #36]	; 0x24
1000408e:	62a3      	str	r3, [r4, #40]	; 0x28
10004090:	62e3      	str	r3, [r4, #44]	; 0x2c
10004092:	6323      	str	r3, [r4, #48]	; 0x30
10004094:	6363      	str	r3, [r4, #52]	; 0x34
10004096:	63a3      	str	r3, [r4, #56]	; 0x38
10004098:	63e3      	str	r3, [r4, #60]	; 0x3c
1000409a:	6423      	str	r3, [r4, #64]	; 0x40
1000409c:	6463      	str	r3, [r4, #68]	; 0x44
1000409e:	64a3      	str	r3, [r4, #72]	; 0x48
100040a0:	64e3      	str	r3, [r4, #76]	; 0x4c
100040a2:	6523      	str	r3, [r4, #80]	; 0x50
100040a4:	6563      	str	r3, [r4, #84]	; 0x54
100040a6:	65a3      	str	r3, [r4, #88]	; 0x58
100040a8:	65e3      	str	r3, [r4, #92]	; 0x5c
100040aa:	6623      	str	r3, [r4, #96]	; 0x60
100040ac:	6663      	str	r3, [r4, #100]	; 0x64
100040ae:	66a3      	str	r3, [r4, #104]	; 0x68
100040b0:	66e3      	str	r3, [r4, #108]	; 0x6c
100040b2:	6723      	str	r3, [r4, #112]	; 0x70
100040b4:	6763      	str	r3, [r4, #116]	; 0x74
100040b6:	67a3      	str	r3, [r4, #120]	; 0x78
100040b8:	67e3      	str	r3, [r4, #124]	; 0x7c
100040ba:	64a3      	str	r3, [r4, #72]	; 0x48
100040bc:	e7d1      	b.n	10004062 <__aeabi_double_init+0x2a>
100040be:	46c0      	nop			; (mov r8, r8)
100040c0:	00004453 	.word	0x00004453
100040c4:	00004653 	.word	0x00004653
100040c8:	200017e8 	.word	0x200017e8
100040cc:	0000334c 	.word	0x0000334c
100040d0:	20003fa8 	.word	0x20003fa8
100040d4:	100040d9 	.word	0x100040d9

100040d8 <double_table_shim_on_use_helper>:
100040d8:	b507      	push	{r0, r1, r2, lr}
100040da:	4660      	mov	r0, ip
100040dc:	8801      	ldrh	r1, [r0, #0]
100040de:	0a0a      	lsrs	r2, r1, #8
100040e0:	3002      	adds	r0, #2
100040e2:	2adf      	cmp	r2, #223	; 0xdf
100040e4:	d1fa      	bne.n	100040dc <double_table_shim_on_use_helper+0x4>
100040e6:	b2c9      	uxtb	r1, r1
100040e8:	0882      	lsrs	r2, r0, #2
100040ea:	d304      	bcc.n	100040f6 <double_table_shim_on_use_helper+0x1e>
100040ec:	8802      	ldrh	r2, [r0, #0]
100040ee:	8840      	ldrh	r0, [r0, #2]
100040f0:	0400      	lsls	r0, r0, #16
100040f2:	4310      	orrs	r0, r2
100040f4:	e000      	b.n	100040f8 <double_table_shim_on_use_helper+0x20>
100040f6:	6800      	ldr	r0, [r0, #0]
100040f8:	4a01      	ldr	r2, [pc, #4]	; (10004100 <double_table_shim_on_use_helper+0x28>)
100040fa:	5050      	str	r0, [r2, r1]
100040fc:	9003      	str	r0, [sp, #12]
100040fe:	bd07      	pop	{r0, r1, r2, pc}
10004100:	200017e8 	.word	0x200017e8

10004104 <drsub_shim>:
10004104:	b40f      	push	{r0, r1, r2, r3}
10004106:	bc03      	pop	{r0, r1}
10004108:	bc0c      	pop	{r2, r3}

1000410a <dsub_shim>:
1000410a:	b5f0      	push	{r4, r5, r6, r7, lr}
1000410c:	2401      	movs	r4, #1
1000410e:	07e4      	lsls	r4, r4, #31
10004110:	4063      	eors	r3, r4
10004112:	e000      	b.n	10004116 <da_entry>

10004114 <dadd_shim>:
10004114:	b5f0      	push	{r4, r5, r6, r7, lr}

10004116 <da_entry>:
10004116:	0d0c      	lsrs	r4, r1, #20
10004118:	0fcf      	lsrs	r7, r1, #31
1000411a:	1e66      	subs	r6, r4, #1
1000411c:	0536      	lsls	r6, r6, #20
1000411e:	1b89      	subs	r1, r1, r6
10004120:	0564      	lsls	r4, r4, #21
10004122:	d303      	bcc.n	1000412c <l8_1>
10004124:	43c9      	mvns	r1, r1
10004126:	4240      	negs	r0, r0
10004128:	d300      	bcc.n	1000412c <l8_1>
1000412a:	3101      	adds	r1, #1

1000412c <l8_1>:
1000412c:	0d64      	lsrs	r4, r4, #21
1000412e:	d003      	beq.n	10004138 <l8_2>
10004130:	1c66      	adds	r6, r4, #1
10004132:	0af6      	lsrs	r6, r6, #11
10004134:	d007      	beq.n	10004146 <l8_3>
10004136:	1be4      	subs	r4, r4, r7

10004138 <l8_2>:
10004138:	2000      	movs	r0, #0
1000413a:	007f      	lsls	r7, r7, #1
1000413c:	1c79      	adds	r1, r7, #1
1000413e:	0789      	lsls	r1, r1, #30
10004140:	1289      	asrs	r1, r1, #10
10004142:	3c80      	subs	r4, #128	; 0x80
10004144:	0324      	lsls	r4, r4, #12

10004146 <l8_3>:
10004146:	0d1d      	lsrs	r5, r3, #20
10004148:	0fdf      	lsrs	r7, r3, #31
1000414a:	1e6e      	subs	r6, r5, #1
1000414c:	0536      	lsls	r6, r6, #20
1000414e:	1b9b      	subs	r3, r3, r6
10004150:	056d      	lsls	r5, r5, #21
10004152:	d303      	bcc.n	1000415c <l9_1>
10004154:	43db      	mvns	r3, r3
10004156:	4252      	negs	r2, r2
10004158:	d300      	bcc.n	1000415c <l9_1>
1000415a:	3301      	adds	r3, #1

1000415c <l9_1>:
1000415c:	0d6d      	lsrs	r5, r5, #21
1000415e:	d003      	beq.n	10004168 <l9_2>
10004160:	1c6e      	adds	r6, r5, #1
10004162:	0af6      	lsrs	r6, r6, #11
10004164:	d007      	beq.n	10004176 <l9_3>
10004166:	1bed      	subs	r5, r5, r7

10004168 <l9_2>:
10004168:	2200      	movs	r2, #0
1000416a:	007f      	lsls	r7, r7, #1
1000416c:	1c7b      	adds	r3, r7, #1
1000416e:	079b      	lsls	r3, r3, #30
10004170:	129b      	asrs	r3, r3, #10
10004172:	3d80      	subs	r5, #128	; 0x80
10004174:	032d      	lsls	r5, r5, #12

10004176 <l9_3>:
10004176:	1b2f      	subs	r7, r5, r4
10004178:	1b66      	subs	r6, r4, r5
1000417a:	d458      	bmi.n	1000422e <da_ygtx>
1000417c:	46a4      	mov	ip, r4
1000417e:	2e20      	cmp	r6, #32
10004180:	da46      	bge.n	10004210 <da_xrgty>
10004182:	3720      	adds	r7, #32
10004184:	0014      	movs	r4, r2
10004186:	40bc      	lsls	r4, r7

10004188 <da_xgty0>:
10004188:	001d      	movs	r5, r3
1000418a:	40bd      	lsls	r5, r7
1000418c:	40f2      	lsrs	r2, r6
1000418e:	4133      	asrs	r3, r6
10004190:	432a      	orrs	r2, r5

10004192 <da_add>:
10004192:	1880      	adds	r0, r0, r2
10004194:	4159      	adcs	r1, r3

10004196 <da_pack>:
10004196:	0fcb      	lsrs	r3, r1, #31
10004198:	d005      	beq.n	100041a6 <da_pack+0x10>
1000419a:	43c9      	mvns	r1, r1
1000419c:	43c0      	mvns	r0, r0
1000419e:	2200      	movs	r2, #0
100041a0:	4264      	negs	r4, r4
100041a2:	4150      	adcs	r0, r2
100041a4:	4151      	adcs	r1, r2
100041a6:	4662      	mov	r2, ip
100041a8:	0d4d      	lsrs	r5, r1, #21
100041aa:	d128      	bne.n	100041fe <da_0>
100041ac:	0d0d      	lsrs	r5, r1, #20
100041ae:	d107      	bne.n	100041c0 <da_1>
100041b0:	2800      	cmp	r0, #0
100041b2:	d01f      	beq.n	100041f4 <da_5>

100041b4 <da_2>:
100041b4:	1924      	adds	r4, r4, r4
100041b6:	4140      	adcs	r0, r0
100041b8:	4149      	adcs	r1, r1
100041ba:	3a01      	subs	r2, #1
100041bc:	0d0d      	lsrs	r5, r1, #20
100041be:	d0f9      	beq.n	100041b4 <da_2>

100041c0 <da_1>:
100041c0:	0064      	lsls	r4, r4, #1
100041c2:	d306      	bcc.n	100041d2 <da_3>

100041c4 <da_4>:
100041c4:	3001      	adds	r0, #1
100041c6:	d300      	bcc.n	100041ca <da_4+0x6>
100041c8:	3101      	adds	r1, #1
100041ca:	2c00      	cmp	r4, #0
100041cc:	d101      	bne.n	100041d2 <da_3>
100041ce:	0840      	lsrs	r0, r0, #1
100041d0:	0040      	lsls	r0, r0, #1

100041d2 <da_3>:
100041d2:	3a01      	subs	r2, #1
100041d4:	d40b      	bmi.n	100041ee <da_6>
100041d6:	1c94      	adds	r4, r2, #2
100041d8:	0ae4      	lsrs	r4, r4, #11
100041da:	d104      	bne.n	100041e6 <da_7>
100041dc:	0512      	lsls	r2, r2, #20
100041de:	4411      	add	r1, r2
100041e0:	07db      	lsls	r3, r3, #31
100041e2:	4419      	add	r1, r3
100041e4:	bdf0      	pop	{r4, r5, r6, r7, pc}

100041e6 <da_7>:
100041e6:	07d9      	lsls	r1, r3, #31
100041e8:	4b20      	ldr	r3, [pc, #128]	; (1000426c <da_xmgty+0x4>)
100041ea:	4319      	orrs	r1, r3
100041ec:	e000      	b.n	100041f0 <da_6+0x2>

100041ee <da_6>:
100041ee:	07d9      	lsls	r1, r3, #31
100041f0:	2000      	movs	r0, #0
100041f2:	bdf0      	pop	{r4, r5, r6, r7, pc}

100041f4 <da_5>:
100041f4:	2900      	cmp	r1, #0
100041f6:	d1dd      	bne.n	100041b4 <da_2>
100041f8:	2c00      	cmp	r4, #0
100041fa:	d1db      	bne.n	100041b4 <da_2>
100041fc:	bdf0      	pop	{r4, r5, r6, r7, pc}

100041fe <da_0>:
100041fe:	3201      	adds	r2, #1
10004200:	07c6      	lsls	r6, r0, #31
10004202:	0840      	lsrs	r0, r0, #1
10004204:	07cd      	lsls	r5, r1, #31
10004206:	4328      	orrs	r0, r5
10004208:	0849      	lsrs	r1, r1, #1
1000420a:	2e00      	cmp	r6, #0
1000420c:	d0e1      	beq.n	100041d2 <da_3>
1000420e:	e7d9      	b.n	100041c4 <da_4>

10004210 <da_xrgty>:
10004210:	2e3c      	cmp	r6, #60	; 0x3c
10004212:	da29      	bge.n	10004268 <da_xmgty>
10004214:	3e20      	subs	r6, #32
10004216:	3740      	adds	r7, #64	; 0x40
10004218:	0014      	movs	r4, r2
1000421a:	40bc      	lsls	r4, r7
1000421c:	d000      	beq.n	10004220 <da_xrgty+0x10>
1000421e:	2401      	movs	r4, #1
10004220:	40f2      	lsrs	r2, r6
10004222:	4314      	orrs	r4, r2
10004224:	001a      	movs	r2, r3
10004226:	40bb      	lsls	r3, r7
10004228:	431c      	orrs	r4, r3
1000422a:	17d3      	asrs	r3, r2, #31
1000422c:	e7ac      	b.n	10004188 <da_xgty0>

1000422e <da_ygtx>:
1000422e:	46ac      	mov	ip, r5
10004230:	2f20      	cmp	r7, #32
10004232:	da08      	bge.n	10004246 <da_yrgtx>
10004234:	3620      	adds	r6, #32
10004236:	0004      	movs	r4, r0
10004238:	40b4      	lsls	r4, r6

1000423a <da_ygtx0>:
1000423a:	000d      	movs	r5, r1
1000423c:	40b5      	lsls	r5, r6
1000423e:	40f8      	lsrs	r0, r7
10004240:	4139      	asrs	r1, r7
10004242:	4328      	orrs	r0, r5
10004244:	e7a5      	b.n	10004192 <da_add>

10004246 <da_yrgtx>:
10004246:	2f3c      	cmp	r7, #60	; 0x3c
10004248:	da0c      	bge.n	10004264 <da_ymgtx>
1000424a:	3f20      	subs	r7, #32
1000424c:	3640      	adds	r6, #64	; 0x40
1000424e:	0004      	movs	r4, r0
10004250:	40b4      	lsls	r4, r6
10004252:	d000      	beq.n	10004256 <da_yrgtx+0x10>
10004254:	2401      	movs	r4, #1
10004256:	40f8      	lsrs	r0, r7
10004258:	4304      	orrs	r4, r0
1000425a:	0008      	movs	r0, r1
1000425c:	40b1      	lsls	r1, r6
1000425e:	430c      	orrs	r4, r1
10004260:	17c1      	asrs	r1, r0, #31
10004262:	e7ea      	b.n	1000423a <da_ygtx0>

10004264 <da_ymgtx>:
10004264:	0010      	movs	r0, r2
10004266:	0019      	movs	r1, r3

10004268 <da_xmgty>:
10004268:	2400      	movs	r4, #0
1000426a:	e794      	b.n	10004196 <da_pack>
1000426c:	7ff00000 	.word	0x7ff00000

10004270 <dmul_shim>:
10004270:	b5f0      	push	{r4, r5, r6, r7, lr}
10004272:	0d0c      	lsrs	r4, r1, #20
10004274:	1e66      	subs	r6, r4, #1
10004276:	0536      	lsls	r6, r6, #20
10004278:	1b89      	subs	r1, r1, r6
1000427a:	0ae6      	lsrs	r6, r4, #11
1000427c:	0564      	lsls	r4, r4, #21
1000427e:	0d64      	lsrs	r4, r4, #21
10004280:	d002      	beq.n	10004288 <l12_1>
10004282:	1c65      	adds	r5, r4, #1
10004284:	0aed      	lsrs	r5, r5, #11
10004286:	d004      	beq.n	10004292 <l12_2>

10004288 <l12_1>:
10004288:	2000      	movs	r0, #0
1000428a:	2101      	movs	r1, #1
1000428c:	0509      	lsls	r1, r1, #20
1000428e:	3c80      	subs	r4, #128	; 0x80
10004290:	0324      	lsls	r4, r4, #12

10004292 <l12_2>:
10004292:	46a4      	mov	ip, r4
10004294:	0d1c      	lsrs	r4, r3, #20
10004296:	1e67      	subs	r7, r4, #1
10004298:	053f      	lsls	r7, r7, #20
1000429a:	1bdb      	subs	r3, r3, r7
1000429c:	0ae7      	lsrs	r7, r4, #11
1000429e:	0564      	lsls	r4, r4, #21
100042a0:	0d64      	lsrs	r4, r4, #21
100042a2:	d002      	beq.n	100042aa <l13_1>
100042a4:	1c65      	adds	r5, r4, #1
100042a6:	0aed      	lsrs	r5, r5, #11
100042a8:	d004      	beq.n	100042b4 <l13_2>

100042aa <l13_1>:
100042aa:	2200      	movs	r2, #0
100042ac:	2301      	movs	r3, #1
100042ae:	051b      	lsls	r3, r3, #20
100042b0:	3c80      	subs	r4, #128	; 0x80
100042b2:	0324      	lsls	r4, r4, #12

100042b4 <l13_2>:
100042b4:	4077      	eors	r7, r6
100042b6:	4464      	add	r4, ip
100042b8:	b497      	push	{r0, r1, r2, r4, r7}
100042ba:	b284      	uxth	r4, r0
100042bc:	b296      	uxth	r6, r2
100042be:	4374      	muls	r4, r6
100042c0:	0c07      	lsrs	r7, r0, #16
100042c2:	437e      	muls	r6, r7
100042c4:	0c15      	lsrs	r5, r2, #16
100042c6:	436f      	muls	r7, r5
100042c8:	b280      	uxth	r0, r0
100042ca:	4368      	muls	r0, r5
100042cc:	1836      	adds	r6, r6, r0
100042ce:	d302      	bcc.n	100042d6 <l14_1>
100042d0:	2001      	movs	r0, #1
100042d2:	0400      	lsls	r0, r0, #16
100042d4:	183f      	adds	r7, r7, r0

100042d6 <l14_1>:
100042d6:	0430      	lsls	r0, r6, #16
100042d8:	0c35      	lsrs	r5, r6, #16
100042da:	1900      	adds	r0, r0, r4
100042dc:	417d      	adcs	r5, r7
100042de:	4684      	mov	ip, r0
100042e0:	b288      	uxth	r0, r1
100042e2:	b29a      	uxth	r2, r3
100042e4:	4350      	muls	r0, r2
100042e6:	0c0c      	lsrs	r4, r1, #16
100042e8:	4362      	muls	r2, r4
100042ea:	0c1f      	lsrs	r7, r3, #16
100042ec:	437c      	muls	r4, r7
100042ee:	b28e      	uxth	r6, r1
100042f0:	437e      	muls	r6, r7
100042f2:	1992      	adds	r2, r2, r6
100042f4:	d302      	bcc.n	100042fc <l15_1>
100042f6:	2601      	movs	r6, #1
100042f8:	0436      	lsls	r6, r6, #16
100042fa:	19a4      	adds	r4, r4, r6

100042fc <l15_1>:
100042fc:	0416      	lsls	r6, r2, #16
100042fe:	0c17      	lsrs	r7, r2, #16
10004300:	1836      	adds	r6, r6, r0
10004302:	4167      	adcs	r7, r4
10004304:	bc01      	pop	{r0}
10004306:	b281      	uxth	r1, r0
10004308:	b29a      	uxth	r2, r3
1000430a:	4351      	muls	r1, r2
1000430c:	0c04      	lsrs	r4, r0, #16
1000430e:	4362      	muls	r2, r4
10004310:	0c1b      	lsrs	r3, r3, #16
10004312:	435c      	muls	r4, r3
10004314:	b280      	uxth	r0, r0
10004316:	4358      	muls	r0, r3
10004318:	1812      	adds	r2, r2, r0
1000431a:	d302      	bcc.n	10004322 <l16_1>
1000431c:	2001      	movs	r0, #1
1000431e:	0400      	lsls	r0, r0, #16
10004320:	1824      	adds	r4, r4, r0

10004322 <l16_1>:
10004322:	0410      	lsls	r0, r2, #16
10004324:	0c13      	lsrs	r3, r2, #16
10004326:	1840      	adds	r0, r0, r1
10004328:	4163      	adcs	r3, r4
1000432a:	182d      	adds	r5, r5, r0
1000432c:	415e      	adcs	r6, r3
1000432e:	2000      	movs	r0, #0
10004330:	4147      	adcs	r7, r0
10004332:	bc06      	pop	{r1, r2}
10004334:	b288      	uxth	r0, r1
10004336:	b293      	uxth	r3, r2
10004338:	4358      	muls	r0, r3
1000433a:	0c0c      	lsrs	r4, r1, #16
1000433c:	4363      	muls	r3, r4
1000433e:	0c12      	lsrs	r2, r2, #16
10004340:	4354      	muls	r4, r2
10004342:	b289      	uxth	r1, r1
10004344:	4351      	muls	r1, r2
10004346:	185b      	adds	r3, r3, r1
10004348:	d302      	bcc.n	10004350 <l17_1>
1000434a:	2101      	movs	r1, #1
1000434c:	0409      	lsls	r1, r1, #16
1000434e:	1864      	adds	r4, r4, r1

10004350 <l17_1>:
10004350:	0419      	lsls	r1, r3, #16
10004352:	0c1a      	lsrs	r2, r3, #16
10004354:	1809      	adds	r1, r1, r0
10004356:	4162      	adcs	r2, r4
10004358:	186d      	adds	r5, r5, r1
1000435a:	4156      	adcs	r6, r2
1000435c:	2000      	movs	r0, #0
1000435e:	4147      	adcs	r7, r0
10004360:	bc18      	pop	{r3, r4}
10004362:	02f9      	lsls	r1, r7, #11
10004364:	0d72      	lsrs	r2, r6, #21
10004366:	4311      	orrs	r1, r2
10004368:	02f0      	lsls	r0, r6, #11
1000436a:	0d6a      	lsrs	r2, r5, #21
1000436c:	4310      	orrs	r0, r2
1000436e:	02ed      	lsls	r5, r5, #11
10004370:	0d0a      	lsrs	r2, r1, #20
10004372:	d103      	bne.n	1000437c <l17_1+0x2c>
10004374:	196d      	adds	r5, r5, r5
10004376:	4140      	adcs	r0, r0
10004378:	4149      	adcs	r1, r1
1000437a:	3b01      	subs	r3, #1
1000437c:	4e12      	ldr	r6, [pc, #72]	; (100043c8 <dm_1+0xa>)
1000437e:	1b9b      	subs	r3, r3, r6
10004380:	0076      	lsls	r6, r6, #1
10004382:	42b3      	cmp	r3, r6
10004384:	d20e      	bcs.n	100043a4 <dm_0>
10004386:	006d      	lsls	r5, r5, #1
10004388:	d307      	bcc.n	1000439a <l17_1+0x4a>
1000438a:	3001      	adds	r0, #1
1000438c:	2600      	movs	r6, #0
1000438e:	4171      	adcs	r1, r6
10004390:	4666      	mov	r6, ip
10004392:	4335      	orrs	r5, r6
10004394:	d101      	bne.n	1000439a <l17_1+0x4a>
10004396:	0840      	lsrs	r0, r0, #1
10004398:	0040      	lsls	r0, r0, #1
1000439a:	051b      	lsls	r3, r3, #20
1000439c:	18c9      	adds	r1, r1, r3

1000439e <dm_2>:
1000439e:	07e4      	lsls	r4, r4, #31
100043a0:	4421      	add	r1, r4
100043a2:	bdf0      	pop	{r4, r5, r6, r7, pc}

100043a4 <dm_0>:
100043a4:	da0b      	bge.n	100043be <dm_1>
100043a6:	3301      	adds	r3, #1
100043a8:	d106      	bne.n	100043b8 <dm_0+0x14>
100043aa:	3001      	adds	r0, #1
100043ac:	d104      	bne.n	100043b8 <dm_0+0x14>
100043ae:	3101      	adds	r1, #1
100043b0:	0d4f      	lsrs	r7, r1, #21
100043b2:	d001      	beq.n	100043b8 <dm_0+0x14>
100043b4:	0849      	lsrs	r1, r1, #1
100043b6:	e7f2      	b.n	1000439e <dm_2>
100043b8:	07e1      	lsls	r1, r4, #31
100043ba:	2000      	movs	r0, #0
100043bc:	bdf0      	pop	{r4, r5, r6, r7, pc}

100043be <dm_1>:
100043be:	3601      	adds	r6, #1
100043c0:	0531      	lsls	r1, r6, #20
100043c2:	2000      	movs	r0, #0
100043c4:	e7eb      	b.n	1000439e <dm_2>
100043c6:	0000      	.short	0x0000
100043c8:	000003ff 	.word	0x000003ff

100043cc <ddiv_shim>:
100043cc:	b5f0      	push	{r4, r5, r6, r7, lr}

100043ce <ddiv0>:
100043ce:	0d1c      	lsrs	r4, r3, #20
100043d0:	1e67      	subs	r7, r4, #1
100043d2:	053f      	lsls	r7, r7, #20
100043d4:	1bdb      	subs	r3, r3, r7
100043d6:	0ae7      	lsrs	r7, r4, #11
100043d8:	0564      	lsls	r4, r4, #21
100043da:	0d64      	lsrs	r4, r4, #21
100043dc:	d002      	beq.n	100043e4 <l20_1>
100043de:	1c66      	adds	r6, r4, #1
100043e0:	0af6      	lsrs	r6, r6, #11
100043e2:	d004      	beq.n	100043ee <l20_2>

100043e4 <l20_1>:
100043e4:	2200      	movs	r2, #0
100043e6:	2301      	movs	r3, #1
100043e8:	051b      	lsls	r3, r3, #20
100043ea:	3c80      	subs	r4, #128	; 0x80
100043ec:	0324      	lsls	r4, r4, #12

100043ee <l20_2>:
100043ee:	25d0      	movs	r5, #208	; 0xd0
100043f0:	062d      	lsls	r5, r5, #24
100043f2:	2600      	movs	r6, #0
100043f4:	43f6      	mvns	r6, r6
100043f6:	662e      	str	r6, [r5, #96]	; 0x60
100043f8:	091e      	lsrs	r6, r3, #4
100043fa:	666e      	str	r6, [r5, #100]	; 0x64
100043fc:	0fce      	lsrs	r6, r1, #31
100043fe:	19f6      	adds	r6, r6, r7
10004400:	46b4      	mov	ip, r6
10004402:	0049      	lsls	r1, r1, #1
10004404:	0d4f      	lsrs	r7, r1, #21
10004406:	d002      	beq.n	1000440e <l20_2+0x20>
10004408:	1c7e      	adds	r6, r7, #1
1000440a:	0af6      	lsrs	r6, r6, #11
1000440c:	d003      	beq.n	10004416 <l20_2+0x28>
1000440e:	2000      	movs	r0, #0
10004410:	2100      	movs	r1, #0
10004412:	3f40      	subs	r7, #64	; 0x40
10004414:	033f      	lsls	r7, r7, #12
10004416:	1b3e      	subs	r6, r7, r4
10004418:	00b6      	lsls	r6, r6, #2
1000441a:	44b4      	add	ip, r6
1000441c:	3f01      	subs	r7, #1
1000441e:	057f      	lsls	r7, r7, #21
10004420:	1bc9      	subs	r1, r1, r7
10004422:	0849      	lsrs	r1, r1, #1
10004424:	6f2e      	ldr	r6, [r5, #112]	; 0x70
10004426:	3601      	adds	r6, #1
10004428:	0876      	lsrs	r6, r6, #1
1000442a:	029c      	lsls	r4, r3, #10
1000442c:	0d95      	lsrs	r5, r2, #22
1000442e:	4325      	orrs	r5, r4
10004430:	4375      	muls	r5, r6
10004432:	13ed      	asrs	r5, r5, #15
10004434:	4375      	muls	r5, r6
10004436:	13ad      	asrs	r5, r5, #14
10004438:	3501      	adds	r5, #1
1000443a:	106d      	asrs	r5, r5, #1
1000443c:	03f6      	lsls	r6, r6, #15
1000443e:	1b76      	subs	r6, r6, r5
10004440:	b40c      	push	{r2, r3}
10004442:	02cc      	lsls	r4, r1, #11
10004444:	0d45      	lsrs	r5, r0, #21
10004446:	432c      	orrs	r4, r5
10004448:	b2a2      	uxth	r2, r4
1000444a:	b2b3      	uxth	r3, r6
1000444c:	435a      	muls	r2, r3
1000444e:	0c27      	lsrs	r7, r4, #16
10004450:	437b      	muls	r3, r7
10004452:	0c35      	lsrs	r5, r6, #16
10004454:	436f      	muls	r7, r5
10004456:	b2a4      	uxth	r4, r4
10004458:	436c      	muls	r4, r5
1000445a:	191b      	adds	r3, r3, r4
1000445c:	d302      	bcc.n	10004464 <l21_1>
1000445e:	2401      	movs	r4, #1
10004460:	0424      	lsls	r4, r4, #16
10004462:	193f      	adds	r7, r7, r4

10004464 <l21_1>:
10004464:	041c      	lsls	r4, r3, #16
10004466:	0c1d      	lsrs	r5, r3, #16
10004468:	18a4      	adds	r4, r4, r2
1000446a:	417d      	adcs	r5, r7
1000446c:	1924      	adds	r4, r4, r4
1000446e:	416d      	adcs	r5, r5
10004470:	9a00      	ldr	r2, [sp, #0]
10004472:	b291      	uxth	r1, r2
10004474:	b2ac      	uxth	r4, r5
10004476:	4361      	muls	r1, r4
10004478:	0c17      	lsrs	r7, r2, #16
1000447a:	437c      	muls	r4, r7
1000447c:	0c2b      	lsrs	r3, r5, #16
1000447e:	435f      	muls	r7, r3
10004480:	b292      	uxth	r2, r2
10004482:	435a      	muls	r2, r3
10004484:	18a4      	adds	r4, r4, r2
10004486:	d302      	bcc.n	1000448e <l22_1>
10004488:	2201      	movs	r2, #1
1000448a:	0412      	lsls	r2, r2, #16
1000448c:	18bf      	adds	r7, r7, r2

1000448e <l22_1>:
1000448e:	0422      	lsls	r2, r4, #16
10004490:	0c23      	lsrs	r3, r4, #16
10004492:	1852      	adds	r2, r2, r1
10004494:	417b      	adcs	r3, r7
10004496:	9c01      	ldr	r4, [sp, #4]
10004498:	436c      	muls	r4, r5
1000449a:	191b      	adds	r3, r3, r4
1000449c:	0e52      	lsrs	r2, r2, #25
1000449e:	01d9      	lsls	r1, r3, #7
100044a0:	430a      	orrs	r2, r1
100044a2:	0144      	lsls	r4, r0, #5
100044a4:	1aa0      	subs	r0, r4, r2
100044a6:	b281      	uxth	r1, r0
100044a8:	b2b2      	uxth	r2, r6
100044aa:	4351      	muls	r1, r2
100044ac:	1403      	asrs	r3, r0, #16
100044ae:	435a      	muls	r2, r3
100044b0:	0c36      	lsrs	r6, r6, #16
100044b2:	4373      	muls	r3, r6
100044b4:	b287      	uxth	r7, r0
100044b6:	4377      	muls	r7, r6
100044b8:	17d6      	asrs	r6, r2, #31
100044ba:	19d2      	adds	r2, r2, r7
100044bc:	2700      	movs	r7, #0
100044be:	417e      	adcs	r6, r7
100044c0:	0436      	lsls	r6, r6, #16
100044c2:	199b      	adds	r3, r3, r6
100044c4:	0417      	lsls	r7, r2, #16
100044c6:	0c16      	lsrs	r6, r2, #16
100044c8:	187f      	adds	r7, r7, r1
100044ca:	415e      	adcs	r6, r3
100044cc:	1673      	asrs	r3, r6, #25
100044ce:	18ed      	adds	r5, r5, r3
100044d0:	01f3      	lsls	r3, r6, #7
100044d2:	2600      	movs	r6, #0
100044d4:	3380      	adds	r3, #128	; 0x80
100044d6:	4175      	adcs	r5, r6
100044d8:	0fa9      	lsrs	r1, r5, #30
100044da:	d106      	bne.n	100044ea <dd_0>
100044dc:	0064      	lsls	r4, r4, #1
100044de:	0a69      	lsrs	r1, r5, #9
100044e0:	05e8      	lsls	r0, r5, #23
100044e2:	0a5b      	lsrs	r3, r3, #9
100044e4:	4318      	orrs	r0, r3
100044e6:	d209      	bcs.n	100044fc <dd_1>
100044e8:	e02f      	b.n	1000454a <dd_2>

100044ea <dd_0>:
100044ea:	2204      	movs	r2, #4
100044ec:	4494      	add	ip, r2
100044ee:	3380      	adds	r3, #128	; 0x80
100044f0:	4175      	adcs	r5, r6
100044f2:	0aa9      	lsrs	r1, r5, #10
100044f4:	05a8      	lsls	r0, r5, #22
100044f6:	0a9b      	lsrs	r3, r3, #10
100044f8:	4318      	orrs	r0, r3
100044fa:	d326      	bcc.n	1000454a <dd_2>

100044fc <dd_1>:
100044fc:	4140      	adcs	r0, r0
100044fe:	4149      	adcs	r1, r1
10004500:	0424      	lsls	r4, r4, #16
10004502:	9a00      	ldr	r2, [sp, #0]
10004504:	9b01      	ldr	r3, [sp, #4]
10004506:	000d      	movs	r5, r1
10004508:	4355      	muls	r5, r2
1000450a:	1b64      	subs	r4, r4, r5
1000450c:	4343      	muls	r3, r0
1000450e:	1ae4      	subs	r4, r4, r3
10004510:	b295      	uxth	r5, r2
10004512:	b286      	uxth	r6, r0
10004514:	4375      	muls	r5, r6
10004516:	0c17      	lsrs	r7, r2, #16
10004518:	437e      	muls	r6, r7
1000451a:	0c03      	lsrs	r3, r0, #16
1000451c:	435f      	muls	r7, r3
1000451e:	b292      	uxth	r2, r2
10004520:	435a      	muls	r2, r3
10004522:	18b6      	adds	r6, r6, r2
10004524:	d302      	bcc.n	1000452c <l24_1>
10004526:	2201      	movs	r2, #1
10004528:	0412      	lsls	r2, r2, #16
1000452a:	18bf      	adds	r7, r7, r2

1000452c <l24_1>:
1000452c:	0432      	lsls	r2, r6, #16
1000452e:	0c33      	lsrs	r3, r6, #16
10004530:	1952      	adds	r2, r2, r5
10004532:	417b      	adcs	r3, r7
10004534:	4252      	negs	r2, r2
10004536:	419c      	sbcs	r4, r3
10004538:	2c00      	cmp	r4, #0
1000453a:	d402      	bmi.n	10004542 <l24_1+0x16>
1000453c:	2200      	movs	r2, #0
1000453e:	3001      	adds	r0, #1
10004540:	4151      	adcs	r1, r2
10004542:	0840      	lsrs	r0, r0, #1
10004544:	07ca      	lsls	r2, r1, #31
10004546:	4310      	orrs	r0, r2
10004548:	0849      	lsrs	r1, r1, #1

1000454a <dd_2>:
1000454a:	b002      	add	sp, #8
1000454c:	4662      	mov	r2, ip
1000454e:	07d7      	lsls	r7, r2, #31
10004550:	1092      	asrs	r2, r2, #2
10004552:	4b08      	ldr	r3, [pc, #32]	; (10004574 <dd_4+0x6>)
10004554:	18d2      	adds	r2, r2, r3
10004556:	4b08      	ldr	r3, [pc, #32]	; (10004578 <dd_4+0xa>)
10004558:	429a      	cmp	r2, r3
1000455a:	d203      	bcs.n	10004564 <dd_3>
1000455c:	0512      	lsls	r2, r2, #20
1000455e:	1889      	adds	r1, r1, r2

10004560 <dd_5>:
10004560:	19c9      	adds	r1, r1, r7
10004562:	bdf0      	pop	{r4, r5, r6, r7, pc}

10004564 <dd_3>:
10004564:	2000      	movs	r0, #0
10004566:	2a00      	cmp	r2, #0
10004568:	dc01      	bgt.n	1000456e <dd_4>
1000456a:	0039      	movs	r1, r7
1000456c:	bdf0      	pop	{r4, r5, r6, r7, pc}

1000456e <dd_4>:
1000456e:	3301      	adds	r3, #1
10004570:	0519      	lsls	r1, r3, #20
10004572:	e7f5      	b.n	10004560 <dd_5>
10004574:	000003fd 	.word	0x000003fd
10004578:	000007fe 	.word	0x000007fe

1000457c <double2uint_shim>:
1000457c:	2200      	movs	r2, #0

1000457e <double2ufix_shim>:
1000457e:	b500      	push	{lr}
10004580:	3220      	adds	r2, #32
10004582:	f000 f804 	bl	1000458e <double2ufix64_shim>
10004586:	0008      	movs	r0, r1
10004588:	bd00      	pop	{pc}
	...

1000458c <double2uint64_shim>:
1000458c:	2200      	movs	r2, #0

1000458e <double2ufix64_shim>:
1000458e:	150b      	asrs	r3, r1, #20
10004590:	d40a      	bmi.n	100045a8 <ret_dzero>

10004592 <d2fix>:
10004592:	b510      	push	{r4, lr}
10004594:	4694      	mov	ip, r2
10004596:	f000 f831 	bl	100045fc <dunpacks>
1000459a:	1414      	asrs	r4, r2, #16
1000459c:	3401      	adds	r4, #1
1000459e:	da00      	bge.n	100045a2 <d2fix+0x10>
100045a0:	2100      	movs	r1, #0
100045a2:	17cb      	asrs	r3, r1, #31
100045a4:	4c14      	ldr	r4, [pc, #80]	; (100045f8 <d2fix_a+0x4a>)
100045a6:	4720      	bx	r4

100045a8 <ret_dzero>:
100045a8:	2000      	movs	r0, #0
100045aa:	2100      	movs	r1, #0
100045ac:	4770      	bx	lr

100045ae <d2fix_a>:
100045ae:	4462      	add	r2, ip
100045b0:	3a34      	subs	r2, #52	; 0x34
100045b2:	d40c      	bmi.n	100045ce <d2fix_a+0x20>
100045b4:	2a0c      	cmp	r2, #12
100045b6:	da07      	bge.n	100045c8 <d2fix_a+0x1a>
100045b8:	0004      	movs	r4, r0
100045ba:	4091      	lsls	r1, r2
100045bc:	4090      	lsls	r0, r2
100045be:	4252      	negs	r2, r2
100045c0:	3220      	adds	r2, #32
100045c2:	40d4      	lsrs	r4, r2
100045c4:	4321      	orrs	r1, r4
100045c6:	bd10      	pop	{r4, pc}
100045c8:	43d8      	mvns	r0, r3
100045ca:	43d9      	mvns	r1, r3
100045cc:	bd10      	pop	{r4, pc}
100045ce:	3220      	adds	r2, #32
100045d0:	d407      	bmi.n	100045e2 <d2fix_a+0x34>
100045d2:	460c      	mov	r4, r1
100045d4:	4094      	lsls	r4, r2
100045d6:	4252      	negs	r2, r2
100045d8:	3220      	adds	r2, #32
100045da:	4111      	asrs	r1, r2
100045dc:	40d0      	lsrs	r0, r2
100045de:	4320      	orrs	r0, r4
100045e0:	bd10      	pop	{r4, pc}
100045e2:	0008      	movs	r0, r1
100045e4:	17c9      	asrs	r1, r1, #31
100045e6:	3220      	adds	r2, #32
100045e8:	d403      	bmi.n	100045f2 <d2fix_a+0x44>
100045ea:	4252      	negs	r2, r2
100045ec:	3220      	adds	r2, #32
100045ee:	4110      	asrs	r0, r2
100045f0:	bd10      	pop	{r4, pc}
100045f2:	0018      	movs	r0, r3
100045f4:	0019      	movs	r1, r3
100045f6:	bd10      	pop	{r4, pc}
100045f8:	100045af 	.word	0x100045af

100045fc <dunpacks>:
100045fc:	0d0a      	lsrs	r2, r1, #20
100045fe:	0fcc      	lsrs	r4, r1, #31
10004600:	1e53      	subs	r3, r2, #1
10004602:	051b      	lsls	r3, r3, #20
10004604:	1ac9      	subs	r1, r1, r3
10004606:	0552      	lsls	r2, r2, #21
10004608:	d303      	bcc.n	10004612 <l60_1>
1000460a:	43c9      	mvns	r1, r1
1000460c:	4240      	negs	r0, r0
1000460e:	d300      	bcc.n	10004612 <l60_1>
10004610:	3101      	adds	r1, #1

10004612 <l60_1>:
10004612:	0d52      	lsrs	r2, r2, #21
10004614:	d003      	beq.n	1000461e <l60_2>
10004616:	1c53      	adds	r3, r2, #1
10004618:	0adb      	lsrs	r3, r3, #11
1000461a:	d007      	beq.n	1000462c <l60_3>
1000461c:	1b12      	subs	r2, r2, r4

1000461e <l60_2>:
1000461e:	2000      	movs	r0, #0
10004620:	0064      	lsls	r4, r4, #1
10004622:	1c61      	adds	r1, r4, #1
10004624:	0789      	lsls	r1, r1, #30
10004626:	1289      	asrs	r1, r1, #10
10004628:	3a80      	subs	r2, #128	; 0x80
1000462a:	0312      	lsls	r2, r2, #12

1000462c <l60_3>:
1000462c:	4b01      	ldr	r3, [pc, #4]	; (10004634 <l60_3+0x8>)
1000462e:	1ad2      	subs	r2, r2, r3
10004630:	4770      	bx	lr
10004632:	0000      	.short	0x0000
10004634:	000003ff 	.word	0x000003ff

10004638 <__wrap___aeabi_lmul>:
10004638:	4351      	muls	r1, r2
1000463a:	4343      	muls	r3, r0
1000463c:	18c9      	adds	r1, r1, r3
1000463e:	468c      	mov	ip, r1
10004640:	0c11      	lsrs	r1, r2, #16
10004642:	b283      	uxth	r3, r0
10004644:	434b      	muls	r3, r1
10004646:	b410      	push	{r4}
10004648:	0c04      	lsrs	r4, r0, #16
1000464a:	4361      	muls	r1, r4
1000464c:	b292      	uxth	r2, r2
1000464e:	b280      	uxth	r0, r0
10004650:	4350      	muls	r0, r2
10004652:	4362      	muls	r2, r4
10004654:	041c      	lsls	r4, r3, #16
10004656:	0c1b      	lsrs	r3, r3, #16
10004658:	1900      	adds	r0, r0, r4
1000465a:	bc10      	pop	{r4}
1000465c:	4159      	adcs	r1, r3
1000465e:	0413      	lsls	r3, r2, #16
10004660:	0c12      	lsrs	r2, r2, #16
10004662:	18c0      	adds	r0, r0, r3
10004664:	4151      	adcs	r1, r2
10004666:	4461      	add	r1, ip
10004668:	4770      	bx	lr
	...

1000466c <__wrap___aeabi_frsub>:
1000466c:	4048      	eors	r0, r1
1000466e:	4041      	eors	r1, r0
10004670:	4048      	eors	r0, r1

10004672 <__wrap___aeabi_fsub>:
10004672:	4b0e      	ldr	r3, [pc, #56]	; (100046ac <__wrap___aeabi_fmul+0x6>)
10004674:	685b      	ldr	r3, [r3, #4]
10004676:	4718      	bx	r3

10004678 <__wrap___aeabi_fadd>:
10004678:	4b0c      	ldr	r3, [pc, #48]	; (100046ac <__wrap___aeabi_fmul+0x6>)
1000467a:	681b      	ldr	r3, [r3, #0]
1000467c:	4718      	bx	r3

1000467e <__wrap___aeabi_fdiv>:
1000467e:	4a0c      	ldr	r2, [pc, #48]	; (100046b0 <__wrap___aeabi_fmul+0xa>)
10004680:	6f93      	ldr	r3, [r2, #120]	; 0x78
10004682:	089b      	lsrs	r3, r3, #2
10004684:	d202      	bcs.n	1000468c <fdiv_save_state>

10004686 <fdiv_shim_call>:
10004686:	4b09      	ldr	r3, [pc, #36]	; (100046ac <__wrap___aeabi_fmul+0x6>)
10004688:	68db      	ldr	r3, [r3, #12]
1000468a:	4718      	bx	r3

1000468c <fdiv_save_state>:
1000468c:	b5f0      	push	{r4, r5, r6, r7, lr}
1000468e:	6e14      	ldr	r4, [r2, #96]	; 0x60
10004690:	6e55      	ldr	r5, [r2, #100]	; 0x64
10004692:	6f57      	ldr	r7, [r2, #116]	; 0x74
10004694:	6f16      	ldr	r6, [r2, #112]	; 0x70
10004696:	f7ff fff6 	bl	10004686 <fdiv_shim_call>
1000469a:	4a05      	ldr	r2, [pc, #20]	; (100046b0 <__wrap___aeabi_fmul+0xa>)
1000469c:	6614      	str	r4, [r2, #96]	; 0x60
1000469e:	6655      	str	r5, [r2, #100]	; 0x64
100046a0:	6757      	str	r7, [r2, #116]	; 0x74
100046a2:	6716      	str	r6, [r2, #112]	; 0x70
100046a4:	bdf0      	pop	{r4, r5, r6, r7, pc}

100046a6 <__wrap___aeabi_fmul>:
100046a6:	4b01      	ldr	r3, [pc, #4]	; (100046ac <__wrap___aeabi_fmul+0x6>)
100046a8:	689b      	ldr	r3, [r3, #8]
100046aa:	4718      	bx	r3
100046ac:	200018e8 	.word	0x200018e8
100046b0:	d0000000 	.word	0xd0000000

100046b4 <__wrap___aeabi_i2f>:
100046b4:	0fc1      	lsrs	r1, r0, #31
100046b6:	07c9      	lsls	r1, r1, #31
100046b8:	d500      	bpl.n	100046bc <__wrap___aeabi_i2f+0x8>
100046ba:	4240      	negs	r0, r0
100046bc:	2800      	cmp	r0, #0
100046be:	d017      	beq.n	100046f0 <__aeabi_i2f_main+0x30>

100046c0 <__aeabi_i2f_main>:
100046c0:	46f4      	mov	ip, lr
100046c2:	b403      	push	{r0, r1}
100046c4:	4b0b      	ldr	r3, [pc, #44]	; (100046f4 <__aeabi_i2f_main+0x34>)
100046c6:	681b      	ldr	r3, [r3, #0]
100046c8:	4798      	blx	r3
100046ca:	bc06      	pop	{r1, r2}
100046cc:	4081      	lsls	r1, r0
100046ce:	389e      	subs	r0, #158	; 0x9e
100046d0:	4240      	negs	r0, r0
100046d2:	3180      	adds	r1, #128	; 0x80
100046d4:	d207      	bcs.n	100046e6 <__aeabi_i2f_main+0x26>
100046d6:	060b      	lsls	r3, r1, #24
100046d8:	d007      	beq.n	100046ea <__aeabi_i2f_main+0x2a>
100046da:	0049      	lsls	r1, r1, #1
100046dc:	0a49      	lsrs	r1, r1, #9
100046de:	05c0      	lsls	r0, r0, #23
100046e0:	4310      	orrs	r0, r2
100046e2:	4308      	orrs	r0, r1
100046e4:	4760      	bx	ip
100046e6:	3001      	adds	r0, #1
100046e8:	e7f8      	b.n	100046dc <__aeabi_i2f_main+0x1c>
100046ea:	0a49      	lsrs	r1, r1, #9
100046ec:	0289      	lsls	r1, r1, #10
100046ee:	e7f5      	b.n	100046dc <__aeabi_i2f_main+0x1c>
100046f0:	4770      	bx	lr
100046f2:	0000      	.short	0x0000
100046f4:	20003fa8 	.word	0x20003fa8

100046f8 <__wrap___aeabi_f2d>:
100046f8:	4b03      	ldr	r3, [pc, #12]	; (10004708 <__wrap___aeabi_f2d+0x10>)
100046fa:	6fdb      	ldr	r3, [r3, #124]	; 0x7c
100046fc:	46fc      	mov	ip, pc
100046fe:	4718      	bx	r3
10004700:	479ddf7c 	.word	0x479ddf7c
10004704:	00001000 	.word	0x00001000
10004708:	200018e8 	.word	0x200018e8

1000470c <__aeabi_float_init>:
1000470c:	2313      	movs	r3, #19
1000470e:	b510      	push	{r4, lr}
10004710:	4812      	ldr	r0, [pc, #72]	; (1000475c <__aeabi_float_init+0x50>)
10004712:	781c      	ldrb	r4, [r3, #0]
10004714:	f7fe ff98 	bl	10003648 <rom_data_lookup>
10004718:	0001      	movs	r1, r0
1000471a:	2c01      	cmp	r4, #1
1000471c:	d00a      	beq.n	10004734 <__aeabi_float_init+0x28>
1000471e:	dd03      	ble.n	10004728 <__aeabi_float_init+0x1c>
10004720:	2280      	movs	r2, #128	; 0x80
10004722:	480f      	ldr	r0, [pc, #60]	; (10004760 <__aeabi_float_init+0x54>)
10004724:	f000 f860 	bl	100047e8 <__wrap___aeabi_memcpy>
10004728:	480e      	ldr	r0, [pc, #56]	; (10004764 <__aeabi_float_init+0x58>)
1000472a:	f7fe ff85 	bl	10003638 <rom_func_lookup>
1000472e:	4b0e      	ldr	r3, [pc, #56]	; (10004768 <__aeabi_float_init+0x5c>)
10004730:	6018      	str	r0, [r3, #0]
10004732:	bd10      	pop	{r4, pc}
10004734:	4c0a      	ldr	r4, [pc, #40]	; (10004760 <__aeabi_float_init+0x54>)
10004736:	2254      	movs	r2, #84	; 0x54
10004738:	0020      	movs	r0, r4
1000473a:	f000 f855 	bl	100047e8 <__wrap___aeabi_memcpy>
1000473e:	4b0b      	ldr	r3, [pc, #44]	; (1000476c <__aeabi_float_init+0x60>)
10004740:	6563      	str	r3, [r4, #84]	; 0x54
10004742:	65a3      	str	r3, [r4, #88]	; 0x58
10004744:	65e3      	str	r3, [r4, #92]	; 0x5c
10004746:	6623      	str	r3, [r4, #96]	; 0x60
10004748:	6663      	str	r3, [r4, #100]	; 0x64
1000474a:	66a3      	str	r3, [r4, #104]	; 0x68
1000474c:	66e3      	str	r3, [r4, #108]	; 0x6c
1000474e:	6723      	str	r3, [r4, #112]	; 0x70
10004750:	6763      	str	r3, [r4, #116]	; 0x74
10004752:	67a3      	str	r3, [r4, #120]	; 0x78
10004754:	67e3      	str	r3, [r4, #124]	; 0x7c
10004756:	6223      	str	r3, [r4, #32]
10004758:	61e3      	str	r3, [r4, #28]
1000475a:	e7e5      	b.n	10004728 <__aeabi_float_init+0x1c>
1000475c:	00004653 	.word	0x00004653
10004760:	200018e8 	.word	0x200018e8
10004764:	0000334c 	.word	0x0000334c
10004768:	20003fa8 	.word	0x20003fa8
1000476c:	10004771 	.word	0x10004771

10004770 <float_table_shim_on_use_helper>:
10004770:	b507      	push	{r0, r1, r2, lr}
10004772:	4660      	mov	r0, ip
10004774:	8801      	ldrh	r1, [r0, #0]
10004776:	0a0a      	lsrs	r2, r1, #8
10004778:	3002      	adds	r0, #2
1000477a:	2adf      	cmp	r2, #223	; 0xdf
1000477c:	d1fa      	bne.n	10004774 <float_table_shim_on_use_helper+0x4>
1000477e:	b2c9      	uxtb	r1, r1
10004780:	0882      	lsrs	r2, r0, #2
10004782:	d304      	bcc.n	1000478e <float_table_shim_on_use_helper+0x1e>
10004784:	8802      	ldrh	r2, [r0, #0]
10004786:	8840      	ldrh	r0, [r0, #2]
10004788:	0400      	lsls	r0, r0, #16
1000478a:	4310      	orrs	r0, r2
1000478c:	e000      	b.n	10004790 <float_table_shim_on_use_helper+0x20>
1000478e:	6800      	ldr	r0, [r0, #0]
10004790:	4a01      	ldr	r2, [pc, #4]	; (10004798 <float_table_shim_on_use_helper+0x28>)
10004792:	5050      	str	r0, [r2, r1]
10004794:	9003      	str	r0, [sp, #12]
10004796:	bd07      	pop	{r0, r1, r2, pc}
10004798:	200018e8 	.word	0x200018e8

1000479c <float2double_shim>:
1000479c:	0fc3      	lsrs	r3, r0, #31
1000479e:	07db      	lsls	r3, r3, #31
100047a0:	0041      	lsls	r1, r0, #1
100047a2:	0e0a      	lsrs	r2, r1, #24
100047a4:	d007      	beq.n	100047b6 <float2double_shim+0x1a>
100047a6:	2aff      	cmp	r2, #255	; 0xff
100047a8:	d008      	beq.n	100047bc <float2double_shim+0x20>
100047aa:	0909      	lsrs	r1, r1, #4
100047ac:	4a05      	ldr	r2, [pc, #20]	; (100047c4 <float2double_shim+0x28>)
100047ae:	1889      	adds	r1, r1, r2
100047b0:	4319      	orrs	r1, r3
100047b2:	0740      	lsls	r0, r0, #29
100047b4:	4770      	bx	lr
100047b6:	0019      	movs	r1, r3
100047b8:	2000      	movs	r0, #0
100047ba:	4770      	bx	lr
100047bc:	4902      	ldr	r1, [pc, #8]	; (100047c8 <float2double_shim+0x2c>)
100047be:	18c9      	adds	r1, r1, r3
100047c0:	e7fa      	b.n	100047b8 <float2double_shim+0x1c>
100047c2:	0000      	.short	0x0000
100047c4:	38000000 	.word	0x38000000
100047c8:	7ff00000 	.word	0x7ff00000

100047cc <__aeabi_mem_init>:
100047cc:	4801      	ldr	r0, [pc, #4]	; (100047d4 <__aeabi_mem_init+0x8>)
100047ce:	2104      	movs	r1, #4
100047d0:	4b01      	ldr	r3, [pc, #4]	; (100047d8 <__aeabi_mem_init+0xc>)
100047d2:	4718      	bx	r3
100047d4:	200011d0 	.word	0x200011d0
100047d8:	10003659 	.word	0x10003659

100047dc <__wrap_memset>:
100047dc:	4b01      	ldr	r3, [pc, #4]	; (100047e4 <__wrap_memset+0x8>)
100047de:	681b      	ldr	r3, [r3, #0]
100047e0:	4718      	bx	r3
100047e2:	0000      	.short	0x0000
100047e4:	200011d0 	.word	0x200011d0

100047e8 <__wrap___aeabi_memcpy>:
100047e8:	4b01      	ldr	r3, [pc, #4]	; (100047f0 <__wrap___aeabi_memcpy+0x8>)
100047ea:	685b      	ldr	r3, [r3, #4]
100047ec:	4718      	bx	r3
100047ee:	0000      	.short	0x0000
100047f0:	200011d0 	.word	0x200011d0

100047f4 <_out_null>:
100047f4:	4770      	bx	lr
100047f6:	46c0      	nop			; (mov r8, r8)

100047f8 <_out_rev>:
100047f8:	b5f8      	push	{r3, r4, r5, r6, r7, lr}
100047fa:	4657      	mov	r7, sl
100047fc:	464e      	mov	r6, r9
100047fe:	4645      	mov	r5, r8
10004800:	46de      	mov	lr, fp
10004802:	b5e0      	push	{r5, r6, r7, lr}
10004804:	4699      	mov	r9, r3
10004806:	9b0a      	ldr	r3, [sp, #40]	; 0x28
10004808:	0007      	movs	r7, r0
1000480a:	469a      	mov	sl, r3
1000480c:	9b0d      	ldr	r3, [sp, #52]	; 0x34
1000480e:	4688      	mov	r8, r1
10004810:	4693      	mov	fp, r2
10004812:	0015      	movs	r5, r2
10004814:	9e0b      	ldr	r6, [sp, #44]	; 0x2c
10004816:	079b      	lsls	r3, r3, #30
10004818:	d110      	bne.n	1000483c <_out_rev+0x44>
1000481a:	9b0c      	ldr	r3, [sp, #48]	; 0x30
1000481c:	429e      	cmp	r6, r3
1000481e:	d20d      	bcs.n	1000483c <_out_rev+0x44>
10004820:	1b9d      	subs	r5, r3, r6
10004822:	0014      	movs	r4, r2
10004824:	000e      	movs	r6, r1
10004826:	445d      	add	r5, fp
10004828:	0022      	movs	r2, r4
1000482a:	464b      	mov	r3, r9
1000482c:	3401      	adds	r4, #1
1000482e:	0031      	movs	r1, r6
10004830:	2020      	movs	r0, #32
10004832:	47b8      	blx	r7
10004834:	42a5      	cmp	r5, r4
10004836:	d1f7      	bne.n	10004828 <_out_rev+0x30>
10004838:	46b0      	mov	r8, r6
1000483a:	9e0b      	ldr	r6, [sp, #44]	; 0x2c
1000483c:	2e00      	cmp	r6, #0
1000483e:	d027      	beq.n	10004890 <_out_rev+0x98>
10004840:	4644      	mov	r4, r8
10004842:	1975      	adds	r5, r6, r5
10004844:	4653      	mov	r3, sl
10004846:	1baa      	subs	r2, r5, r6
10004848:	3e01      	subs	r6, #1
1000484a:	5d98      	ldrb	r0, [r3, r6]
1000484c:	0021      	movs	r1, r4
1000484e:	464b      	mov	r3, r9
10004850:	47b8      	blx	r7
10004852:	2e00      	cmp	r6, #0
10004854:	d1f6      	bne.n	10004844 <_out_rev+0x4c>
10004856:	0023      	movs	r3, r4
10004858:	002c      	movs	r4, r5
1000485a:	4698      	mov	r8, r3
1000485c:	9b0d      	ldr	r3, [sp, #52]	; 0x34
1000485e:	079b      	lsls	r3, r3, #30
10004860:	d50f      	bpl.n	10004882 <_out_rev+0x8a>
10004862:	465b      	mov	r3, fp
10004864:	1ae5      	subs	r5, r4, r3
10004866:	9b0c      	ldr	r3, [sp, #48]	; 0x30
10004868:	42ab      	cmp	r3, r5
1000486a:	d90a      	bls.n	10004882 <_out_rev+0x8a>
1000486c:	4646      	mov	r6, r8
1000486e:	4698      	mov	r8, r3
10004870:	0022      	movs	r2, r4
10004872:	464b      	mov	r3, r9
10004874:	0031      	movs	r1, r6
10004876:	2020      	movs	r0, #32
10004878:	3501      	adds	r5, #1
1000487a:	47b8      	blx	r7
1000487c:	3401      	adds	r4, #1
1000487e:	45a8      	cmp	r8, r5
10004880:	d8f6      	bhi.n	10004870 <_out_rev+0x78>
10004882:	0020      	movs	r0, r4
10004884:	bcf0      	pop	{r4, r5, r6, r7}
10004886:	46bb      	mov	fp, r7
10004888:	46b2      	mov	sl, r6
1000488a:	46a9      	mov	r9, r5
1000488c:	46a0      	mov	r8, r4
1000488e:	bdf8      	pop	{r3, r4, r5, r6, r7, pc}
10004890:	002c      	movs	r4, r5
10004892:	e7e3      	b.n	1000485c <_out_rev+0x64>

10004894 <_ntoa_format>:
10004894:	b5f0      	push	{r4, r5, r6, r7, lr}
10004896:	464f      	mov	r7, r9
10004898:	4646      	mov	r6, r8
1000489a:	46d6      	mov	lr, sl
1000489c:	b5c0      	push	{r6, r7, lr}
1000489e:	b084      	sub	sp, #16
100048a0:	4698      	mov	r8, r3
100048a2:	ab0e      	add	r3, sp, #56	; 0x38
100048a4:	781b      	ldrb	r3, [r3, #0]
100048a6:	9f12      	ldr	r7, [sp, #72]	; 0x48
100048a8:	4699      	mov	r9, r3
100048aa:	4694      	mov	ip, r2
100048ac:	9c0d      	ldr	r4, [sp, #52]	; 0x34
100048ae:	9b10      	ldr	r3, [sp, #64]	; 0x40
100048b0:	9e11      	ldr	r6, [sp, #68]	; 0x44
100048b2:	07ba      	lsls	r2, r7, #30
100048b4:	d425      	bmi.n	10004902 <_ntoa_format+0x6e>
100048b6:	2e00      	cmp	r6, #0
100048b8:	d14b      	bne.n	10004952 <_ntoa_format+0xbe>
100048ba:	429c      	cmp	r4, r3
100048bc:	d300      	bcc.n	100048c0 <_ntoa_format+0x2c>
100048be:	e0bf      	b.n	10004a40 <_ntoa_format+0x1ac>
100048c0:	2201      	movs	r2, #1
100048c2:	403a      	ands	r2, r7
100048c4:	4692      	mov	sl, r2
100048c6:	2c1f      	cmp	r4, #31
100048c8:	d900      	bls.n	100048cc <_ntoa_format+0x38>
100048ca:	e0b8      	b.n	10004a3e <_ntoa_format+0x1aa>
100048cc:	9a0c      	ldr	r2, [sp, #48]	; 0x30
100048ce:	1e55      	subs	r5, r2, #1
100048d0:	2230      	movs	r2, #48	; 0x30
100048d2:	e001      	b.n	100048d8 <_ntoa_format+0x44>
100048d4:	2c20      	cmp	r4, #32
100048d6:	d003      	beq.n	100048e0 <_ntoa_format+0x4c>
100048d8:	3401      	adds	r4, #1
100048da:	552a      	strb	r2, [r5, r4]
100048dc:	42a3      	cmp	r3, r4
100048de:	d8f9      	bhi.n	100048d4 <_ntoa_format+0x40>
100048e0:	4652      	mov	r2, sl
100048e2:	2a00      	cmp	r2, #0
100048e4:	d00d      	beq.n	10004902 <_ntoa_format+0x6e>
100048e6:	42a6      	cmp	r6, r4
100048e8:	d90b      	bls.n	10004902 <_ntoa_format+0x6e>
100048ea:	2c20      	cmp	r4, #32
100048ec:	d044      	beq.n	10004978 <_ntoa_format+0xe4>
100048ee:	9a0c      	ldr	r2, [sp, #48]	; 0x30
100048f0:	1e55      	subs	r5, r2, #1
100048f2:	2230      	movs	r2, #48	; 0x30
100048f4:	e001      	b.n	100048fa <_ntoa_format+0x66>
100048f6:	2c20      	cmp	r4, #32
100048f8:	d03e      	beq.n	10004978 <_ntoa_format+0xe4>
100048fa:	3401      	adds	r4, #1
100048fc:	552a      	strb	r2, [r5, r4]
100048fe:	42b4      	cmp	r4, r6
10004900:	d1f9      	bne.n	100048f6 <_ntoa_format+0x62>
10004902:	06fa      	lsls	r2, r7, #27
10004904:	d54d      	bpl.n	100049a2 <_ntoa_format+0x10e>
10004906:	057a      	lsls	r2, r7, #21
10004908:	d43f      	bmi.n	1000498a <_ntoa_format+0xf6>
1000490a:	2c00      	cmp	r4, #0
1000490c:	d139      	bne.n	10004982 <_ntoa_format+0xee>
1000490e:	9b0f      	ldr	r3, [sp, #60]	; 0x3c
10004910:	2b10      	cmp	r3, #16
10004912:	d100      	bne.n	10004916 <_ntoa_format+0x82>
10004914:	e079      	b.n	10004a0a <_ntoa_format+0x176>
10004916:	9b0f      	ldr	r3, [sp, #60]	; 0x3c
10004918:	2b02      	cmp	r3, #2
1000491a:	d100      	bne.n	1000491e <_ntoa_format+0x8a>
1000491c:	e08a      	b.n	10004a34 <_ntoa_format+0x1a0>
1000491e:	2330      	movs	r3, #48	; 0x30
10004920:	9a0c      	ldr	r2, [sp, #48]	; 0x30
10004922:	2401      	movs	r4, #1
10004924:	7013      	strb	r3, [r2, #0]
10004926:	464b      	mov	r3, r9
10004928:	2b00      	cmp	r3, #0
1000492a:	d03f      	beq.n	100049ac <_ntoa_format+0x118>
1000492c:	232d      	movs	r3, #45	; 0x2d
1000492e:	9a0c      	ldr	r2, [sp, #48]	; 0x30
10004930:	5513      	strb	r3, [r2, r4]
10004932:	3401      	adds	r4, #1
10004934:	9b0c      	ldr	r3, [sp, #48]	; 0x30
10004936:	4662      	mov	r2, ip
10004938:	9300      	str	r3, [sp, #0]
1000493a:	9703      	str	r7, [sp, #12]
1000493c:	4643      	mov	r3, r8
1000493e:	9602      	str	r6, [sp, #8]
10004940:	9401      	str	r4, [sp, #4]
10004942:	f7ff ff59 	bl	100047f8 <_out_rev>
10004946:	b004      	add	sp, #16
10004948:	bce0      	pop	{r5, r6, r7}
1000494a:	46ba      	mov	sl, r7
1000494c:	46b1      	mov	r9, r6
1000494e:	46a8      	mov	r8, r5
10004950:	bdf0      	pop	{r4, r5, r6, r7, pc}
10004952:	2201      	movs	r2, #1
10004954:	0015      	movs	r5, r2
10004956:	403d      	ands	r5, r7
10004958:	46aa      	mov	sl, r5
1000495a:	423a      	tst	r2, r7
1000495c:	d02f      	beq.n	100049be <_ntoa_format+0x12a>
1000495e:	464a      	mov	r2, r9
10004960:	2a00      	cmp	r2, #0
10004962:	d102      	bne.n	1000496a <_ntoa_format+0xd6>
10004964:	320c      	adds	r2, #12
10004966:	423a      	tst	r2, r7
10004968:	d000      	beq.n	1000496c <_ntoa_format+0xd8>
1000496a:	3e01      	subs	r6, #1
1000496c:	429c      	cmp	r4, r3
1000496e:	d2ba      	bcs.n	100048e6 <_ntoa_format+0x52>
10004970:	2c1f      	cmp	r4, #31
10004972:	d9ab      	bls.n	100048cc <_ntoa_format+0x38>
10004974:	2e20      	cmp	r6, #32
10004976:	d927      	bls.n	100049c8 <_ntoa_format+0x134>
10004978:	2420      	movs	r4, #32
1000497a:	06fa      	lsls	r2, r7, #27
1000497c:	d5da      	bpl.n	10004934 <_ntoa_format+0xa0>
1000497e:	057a      	lsls	r2, r7, #21
10004980:	d403      	bmi.n	1000498a <_ntoa_format+0xf6>
10004982:	42a3      	cmp	r3, r4
10004984:	d02d      	beq.n	100049e2 <_ntoa_format+0x14e>
10004986:	42a6      	cmp	r6, r4
10004988:	d02b      	beq.n	100049e2 <_ntoa_format+0x14e>
1000498a:	9b0f      	ldr	r3, [sp, #60]	; 0x3c
1000498c:	2b10      	cmp	r3, #16
1000498e:	d032      	beq.n	100049f6 <_ntoa_format+0x162>
10004990:	2b02      	cmp	r3, #2
10004992:	d020      	beq.n	100049d6 <_ntoa_format+0x142>
10004994:	2c20      	cmp	r4, #32
10004996:	d0cd      	beq.n	10004934 <_ntoa_format+0xa0>
10004998:	2230      	movs	r2, #48	; 0x30
1000499a:	9b0c      	ldr	r3, [sp, #48]	; 0x30
1000499c:	191b      	adds	r3, r3, r4
1000499e:	701a      	strb	r2, [r3, #0]
100049a0:	3401      	adds	r4, #1
100049a2:	2c20      	cmp	r4, #32
100049a4:	d0c6      	beq.n	10004934 <_ntoa_format+0xa0>
100049a6:	464b      	mov	r3, r9
100049a8:	2b00      	cmp	r3, #0
100049aa:	d1bf      	bne.n	1000492c <_ntoa_format+0x98>
100049ac:	077b      	lsls	r3, r7, #29
100049ae:	d40d      	bmi.n	100049cc <_ntoa_format+0x138>
100049b0:	073b      	lsls	r3, r7, #28
100049b2:	d5bf      	bpl.n	10004934 <_ntoa_format+0xa0>
100049b4:	2320      	movs	r3, #32
100049b6:	9a0c      	ldr	r2, [sp, #48]	; 0x30
100049b8:	5513      	strb	r3, [r2, r4]
100049ba:	3401      	adds	r4, #1
100049bc:	e7ba      	b.n	10004934 <_ntoa_format+0xa0>
100049be:	429c      	cmp	r4, r3
100049c0:	d29f      	bcs.n	10004902 <_ntoa_format+0x6e>
100049c2:	2c1f      	cmp	r4, #31
100049c4:	d800      	bhi.n	100049c8 <_ntoa_format+0x134>
100049c6:	e781      	b.n	100048cc <_ntoa_format+0x38>
100049c8:	2420      	movs	r4, #32
100049ca:	e79a      	b.n	10004902 <_ntoa_format+0x6e>
100049cc:	232b      	movs	r3, #43	; 0x2b
100049ce:	9a0c      	ldr	r2, [sp, #48]	; 0x30
100049d0:	5513      	strb	r3, [r2, r4]
100049d2:	3401      	adds	r4, #1
100049d4:	e7ae      	b.n	10004934 <_ntoa_format+0xa0>
100049d6:	2c20      	cmp	r4, #32
100049d8:	d0ac      	beq.n	10004934 <_ntoa_format+0xa0>
100049da:	9b0c      	ldr	r3, [sp, #48]	; 0x30
100049dc:	191b      	adds	r3, r3, r4
100049de:	3401      	adds	r4, #1
100049e0:	e03a      	b.n	10004a58 <_ntoa_format+0x1c4>
100049e2:	1e63      	subs	r3, r4, #1
100049e4:	2c01      	cmp	r4, #1
100049e6:	d092      	beq.n	1000490e <_ntoa_format+0x7a>
100049e8:	9a0f      	ldr	r2, [sp, #60]	; 0x3c
100049ea:	2a10      	cmp	r2, #16
100049ec:	d02a      	beq.n	10004a44 <_ntoa_format+0x1b0>
100049ee:	2a02      	cmp	r2, #2
100049f0:	d02f      	beq.n	10004a52 <_ntoa_format+0x1be>
100049f2:	001c      	movs	r4, r3
100049f4:	e7d0      	b.n	10004998 <_ntoa_format+0x104>
100049f6:	06bb      	lsls	r3, r7, #26
100049f8:	d40e      	bmi.n	10004a18 <_ntoa_format+0x184>
100049fa:	2c20      	cmp	r4, #32
100049fc:	d09a      	beq.n	10004934 <_ntoa_format+0xa0>
100049fe:	9b0c      	ldr	r3, [sp, #48]	; 0x30
10004a00:	191a      	adds	r2, r3, r4
10004a02:	3401      	adds	r4, #1
10004a04:	2378      	movs	r3, #120	; 0x78
10004a06:	7013      	strb	r3, [r2, #0]
10004a08:	e7c4      	b.n	10004994 <_ntoa_format+0x100>
10004a0a:	06bb      	lsls	r3, r7, #26
10004a0c:	d40d      	bmi.n	10004a2a <_ntoa_format+0x196>
10004a0e:	2378      	movs	r3, #120	; 0x78
10004a10:	9a0c      	ldr	r2, [sp, #48]	; 0x30
10004a12:	2401      	movs	r4, #1
10004a14:	7013      	strb	r3, [r2, #0]
10004a16:	e7bf      	b.n	10004998 <_ntoa_format+0x104>
10004a18:	2c20      	cmp	r4, #32
10004a1a:	d100      	bne.n	10004a1e <_ntoa_format+0x18a>
10004a1c:	e78a      	b.n	10004934 <_ntoa_format+0xa0>
10004a1e:	2258      	movs	r2, #88	; 0x58
10004a20:	9b0c      	ldr	r3, [sp, #48]	; 0x30
10004a22:	191b      	adds	r3, r3, r4
10004a24:	701a      	strb	r2, [r3, #0]
10004a26:	3401      	adds	r4, #1
10004a28:	e7b4      	b.n	10004994 <_ntoa_format+0x100>
10004a2a:	2358      	movs	r3, #88	; 0x58
10004a2c:	9a0c      	ldr	r2, [sp, #48]	; 0x30
10004a2e:	2401      	movs	r4, #1
10004a30:	7013      	strb	r3, [r2, #0]
10004a32:	e7b1      	b.n	10004998 <_ntoa_format+0x104>
10004a34:	9a0c      	ldr	r2, [sp, #48]	; 0x30
10004a36:	3360      	adds	r3, #96	; 0x60
10004a38:	2401      	movs	r4, #1
10004a3a:	7013      	strb	r3, [r2, #0]
10004a3c:	e7ac      	b.n	10004998 <_ntoa_format+0x104>
10004a3e:	2420      	movs	r4, #32
10004a40:	2600      	movs	r6, #0
10004a42:	e75e      	b.n	10004902 <_ntoa_format+0x6e>
10004a44:	3c02      	subs	r4, #2
10004a46:	06ba      	lsls	r2, r7, #26
10004a48:	d4e9      	bmi.n	10004a1e <_ntoa_format+0x18a>
10004a4a:	9a0c      	ldr	r2, [sp, #48]	; 0x30
10004a4c:	1912      	adds	r2, r2, r4
10004a4e:	001c      	movs	r4, r3
10004a50:	e7d8      	b.n	10004a04 <_ntoa_format+0x170>
10004a52:	9a0c      	ldr	r2, [sp, #48]	; 0x30
10004a54:	4692      	mov	sl, r2
10004a56:	4453      	add	r3, sl
10004a58:	2262      	movs	r2, #98	; 0x62
10004a5a:	701a      	strb	r2, [r3, #0]
10004a5c:	e79a      	b.n	10004994 <_ntoa_format+0x100>
10004a5e:	46c0      	nop			; (mov r8, r8)

10004a60 <_out_char>:
10004a60:	b510      	push	{r4, lr}
10004a62:	2800      	cmp	r0, #0
10004a64:	d100      	bne.n	10004a68 <_out_char+0x8>
10004a66:	bd10      	pop	{r4, pc}
10004a68:	f001 fb3e 	bl	100060e8 <__wrap_putchar>
10004a6c:	e7fb      	b.n	10004a66 <_out_char+0x6>
10004a6e:	46c0      	nop			; (mov r8, r8)

10004a70 <_out_fct>:
10004a70:	000b      	movs	r3, r1
10004a72:	b510      	push	{r4, lr}
10004a74:	2800      	cmp	r0, #0
10004a76:	d002      	beq.n	10004a7e <_out_fct+0xe>
10004a78:	6849      	ldr	r1, [r1, #4]
10004a7a:	681b      	ldr	r3, [r3, #0]
10004a7c:	4798      	blx	r3
10004a7e:	bd10      	pop	{r4, pc}

10004a80 <_etoa>:
10004a80:	b5f0      	push	{r4, r5, r6, r7, lr}
10004a82:	46de      	mov	lr, fp
10004a84:	4657      	mov	r7, sl
10004a86:	464e      	mov	r6, r9
10004a88:	4645      	mov	r5, r8
10004a8a:	b5e0      	push	{r5, r6, r7, lr}
10004a8c:	b09b      	sub	sp, #108	; 0x6c
10004a8e:	469b      	mov	fp, r3
10004a90:	9b24      	ldr	r3, [sp, #144]	; 0x90
10004a92:	4689      	mov	r9, r1
10004a94:	4698      	mov	r8, r3
10004a96:	9b25      	ldr	r3, [sp, #148]	; 0x94
10004a98:	900b      	str	r0, [sp, #44]	; 0x2c
10004a9a:	920c      	str	r2, [sp, #48]	; 0x30
10004a9c:	4640      	mov	r0, r8
10004a9e:	4642      	mov	r2, r8
10004aa0:	0019      	movs	r1, r3
10004aa2:	469a      	mov	sl, r3
10004aa4:	f7ff fa6f 	bl	10003f86 <__wrap___aeabi_dcmpun>
10004aa8:	2800      	cmp	r0, #0
10004aaa:	d000      	beq.n	10004aae <_etoa+0x2e>
10004aac:	e0d8      	b.n	10004c60 <_etoa+0x1e0>
10004aae:	2201      	movs	r2, #1
10004ab0:	4640      	mov	r0, r8
10004ab2:	4651      	mov	r1, sl
10004ab4:	4b77      	ldr	r3, [pc, #476]	; (10004c94 <_etoa+0x214>)
10004ab6:	4252      	negs	r2, r2
10004ab8:	f7ff fa60 	bl	10003f7c <__wrap___aeabi_dcmpgt>
10004abc:	2800      	cmp	r0, #0
10004abe:	d000      	beq.n	10004ac2 <_etoa+0x42>
10004ac0:	e0ce      	b.n	10004c60 <_etoa+0x1e0>
10004ac2:	2201      	movs	r2, #1
10004ac4:	4640      	mov	r0, r8
10004ac6:	4651      	mov	r1, sl
10004ac8:	4b73      	ldr	r3, [pc, #460]	; (10004c98 <_etoa+0x218>)
10004aca:	4252      	negs	r2, r2
10004acc:	f7ff fa40 	bl	10003f50 <__wrap___aeabi_dcmplt>
10004ad0:	2800      	cmp	r0, #0
10004ad2:	d000      	beq.n	10004ad6 <_etoa+0x56>
10004ad4:	e0c4      	b.n	10004c60 <_etoa+0x1e0>
10004ad6:	2200      	movs	r2, #0
10004ad8:	2300      	movs	r3, #0
10004ada:	4640      	mov	r0, r8
10004adc:	4651      	mov	r1, sl
10004ade:	f7ff fa37 	bl	10003f50 <__wrap___aeabi_dcmplt>
10004ae2:	2800      	cmp	r0, #0
10004ae4:	d000      	beq.n	10004ae8 <_etoa+0x68>
10004ae6:	e1b9      	b.n	10004e5c <_etoa+0x3dc>
10004ae8:	4642      	mov	r2, r8
10004aea:	4653      	mov	r3, sl
10004aec:	920a      	str	r2, [sp, #40]	; 0x28
10004aee:	9309      	str	r3, [sp, #36]	; 0x24
10004af0:	2380      	movs	r3, #128	; 0x80
10004af2:	9a28      	ldr	r2, [sp, #160]	; 0xa0
10004af4:	00db      	lsls	r3, r3, #3
10004af6:	401a      	ands	r2, r3
10004af8:	920e      	str	r2, [sp, #56]	; 0x38
10004afa:	9a28      	ldr	r2, [sp, #160]	; 0xa0
10004afc:	421a      	tst	r2, r3
10004afe:	d101      	bne.n	10004b04 <_etoa+0x84>
10004b00:	2306      	movs	r3, #6
10004b02:	9326      	str	r3, [sp, #152]	; 0x98
10004b04:	9a0a      	ldr	r2, [sp, #40]	; 0x28
10004b06:	9b09      	ldr	r3, [sp, #36]	; 0x24
10004b08:	0016      	movs	r6, r2
10004b0a:	4313      	orrs	r3, r2
10004b0c:	d000      	beq.n	10004b10 <_etoa+0x90>
10004b0e:	e0c7      	b.n	10004ca0 <_etoa+0x220>
10004b10:	9b28      	ldr	r3, [sp, #160]	; 0xa0
10004b12:	2500      	movs	r5, #0
10004b14:	2600      	movs	r6, #0
10004b16:	051b      	lsls	r3, r3, #20
10004b18:	d400      	bmi.n	10004b1c <_etoa+0x9c>
10004b1a:	e19b      	b.n	10004e54 <_etoa+0x3d4>
10004b1c:	2300      	movs	r3, #0
10004b1e:	930d      	str	r3, [sp, #52]	; 0x34
10004b20:	9a26      	ldr	r2, [sp, #152]	; 0x98
10004b22:	9b0d      	ldr	r3, [sp, #52]	; 0x34
10004b24:	429a      	cmp	r2, r3
10004b26:	dc00      	bgt.n	10004b2a <_etoa+0xaa>
10004b28:	e19f      	b.n	10004e6a <_etoa+0x3ea>
10004b2a:	1ad0      	subs	r0, r2, r3
10004b2c:	1e43      	subs	r3, r0, #1
10004b2e:	9326      	str	r3, [sp, #152]	; 0x98
10004b30:	2380      	movs	r3, #128	; 0x80
10004b32:	9a28      	ldr	r2, [sp, #160]	; 0xa0
10004b34:	00db      	lsls	r3, r3, #3
10004b36:	431a      	orrs	r2, r3
10004b38:	2300      	movs	r3, #0
10004b3a:	2700      	movs	r7, #0
10004b3c:	9228      	str	r2, [sp, #160]	; 0xa0
10004b3e:	930d      	str	r3, [sp, #52]	; 0x34
10004b40:	9b27      	ldr	r3, [sp, #156]	; 0x9c
10004b42:	2400      	movs	r4, #0
10004b44:	42bb      	cmp	r3, r7
10004b46:	d900      	bls.n	10004b4a <_etoa+0xca>
10004b48:	1bdc      	subs	r4, r3, r7
10004b4a:	2302      	movs	r3, #2
10004b4c:	9a28      	ldr	r2, [sp, #160]	; 0xa0
10004b4e:	401a      	ands	r2, r3
10004b50:	920e      	str	r2, [sp, #56]	; 0x38
10004b52:	9a28      	ldr	r2, [sp, #160]	; 0xa0
10004b54:	4213      	tst	r3, r2
10004b56:	d003      	beq.n	10004b60 <_etoa+0xe0>
10004b58:	427b      	negs	r3, r7
10004b5a:	417b      	adcs	r3, r7
10004b5c:	425b      	negs	r3, r3
10004b5e:	401c      	ands	r4, r3
10004b60:	9b0d      	ldr	r3, [sp, #52]	; 0x34
10004b62:	2b00      	cmp	r3, #0
10004b64:	d007      	beq.n	10004b76 <_etoa+0xf6>
10004b66:	980a      	ldr	r0, [sp, #40]	; 0x28
10004b68:	9909      	ldr	r1, [sp, #36]	; 0x24
10004b6a:	002a      	movs	r2, r5
10004b6c:	0033      	movs	r3, r6
10004b6e:	f7ff f98e 	bl	10003e8e <__wrap___aeabi_ddiv>
10004b72:	900a      	str	r0, [sp, #40]	; 0x28
10004b74:	9109      	str	r1, [sp, #36]	; 0x24
10004b76:	2200      	movs	r2, #0
10004b78:	2300      	movs	r3, #0
10004b7a:	4640      	mov	r0, r8
10004b7c:	4651      	mov	r1, sl
10004b7e:	f7ff f9e7 	bl	10003f50 <__wrap___aeabi_dcmplt>
10004b82:	2800      	cmp	r0, #0
10004b84:	d005      	beq.n	10004b92 <_etoa+0x112>
10004b86:	2080      	movs	r0, #128	; 0x80
10004b88:	0600      	lsls	r0, r0, #24
10004b8a:	4684      	mov	ip, r0
10004b8c:	9909      	ldr	r1, [sp, #36]	; 0x24
10004b8e:	4461      	add	r1, ip
10004b90:	9109      	str	r1, [sp, #36]	; 0x24
10004b92:	9a28      	ldr	r2, [sp, #160]	; 0xa0
10004b94:	4b41      	ldr	r3, [pc, #260]	; (10004c9c <_etoa+0x21c>)
10004b96:	9d0b      	ldr	r5, [sp, #44]	; 0x2c
10004b98:	4013      	ands	r3, r2
10004b9a:	9304      	str	r3, [sp, #16]
10004b9c:	9b26      	ldr	r3, [sp, #152]	; 0x98
10004b9e:	9a0a      	ldr	r2, [sp, #40]	; 0x28
10004ba0:	9302      	str	r3, [sp, #8]
10004ba2:	9b09      	ldr	r3, [sp, #36]	; 0x24
10004ba4:	9403      	str	r4, [sp, #12]
10004ba6:	9200      	str	r2, [sp, #0]
10004ba8:	9301      	str	r3, [sp, #4]
10004baa:	4649      	mov	r1, r9
10004bac:	465b      	mov	r3, fp
10004bae:	0028      	movs	r0, r5
10004bb0:	9a0c      	ldr	r2, [sp, #48]	; 0x30
10004bb2:	f000 f98b 	bl	10004ecc <_ftoa>
10004bb6:	0004      	movs	r4, r0
10004bb8:	2f00      	cmp	r7, #0
10004bba:	d062      	beq.n	10004c82 <_etoa+0x202>
10004bbc:	9b28      	ldr	r3, [sp, #160]	; 0xa0
10004bbe:	0022      	movs	r2, r4
10004bc0:	0698      	lsls	r0, r3, #26
10004bc2:	231f      	movs	r3, #31
10004bc4:	17c0      	asrs	r0, r0, #31
10004bc6:	4398      	bics	r0, r3
10004bc8:	1c63      	adds	r3, r4, #1
10004bca:	4698      	mov	r8, r3
10004bcc:	4649      	mov	r1, r9
10004bce:	465b      	mov	r3, fp
10004bd0:	3065      	adds	r0, #101	; 0x65
10004bd2:	47a8      	blx	r5
10004bd4:	9b0d      	ldr	r3, [sp, #52]	; 0x34
10004bd6:	2500      	movs	r5, #0
10004bd8:	17da      	asrs	r2, r3, #31
10004bda:	189c      	adds	r4, r3, r2
10004bdc:	0fdb      	lsrs	r3, r3, #31
10004bde:	469a      	mov	sl, r3
10004be0:	4054      	eors	r4, r2
10004be2:	3f01      	subs	r7, #1
10004be4:	e001      	b.n	10004bea <_etoa+0x16a>
10004be6:	2d20      	cmp	r5, #32
10004be8:	d013      	beq.n	10004c12 <_etoa+0x192>
10004bea:	aa0a      	add	r2, sp, #40	; 0x28
10004bec:	4694      	mov	ip, r2
10004bee:	231f      	movs	r3, #31
10004bf0:	0020      	movs	r0, r4
10004bf2:	4463      	add	r3, ip
10004bf4:	210a      	movs	r1, #10
10004bf6:	3501      	adds	r5, #1
10004bf8:	195e      	adds	r6, r3, r5
10004bfa:	f7fe fefb 	bl	100039f4 <__wrap___aeabi_uidiv>
10004bfe:	3130      	adds	r1, #48	; 0x30
10004c00:	7031      	strb	r1, [r6, #0]
10004c02:	0020      	movs	r0, r4
10004c04:	210a      	movs	r1, #10
10004c06:	f7fe fef5 	bl	100039f4 <__wrap___aeabi_uidiv>
10004c0a:	0026      	movs	r6, r4
10004c0c:	0004      	movs	r4, r0
10004c0e:	2e09      	cmp	r6, #9
10004c10:	d8e9      	bhi.n	10004be6 <_etoa+0x166>
10004c12:	2305      	movs	r3, #5
10004c14:	9306      	str	r3, [sp, #24]
10004c16:	2300      	movs	r3, #0
10004c18:	9304      	str	r3, [sp, #16]
10004c1a:	330a      	adds	r3, #10
10004c1c:	9303      	str	r3, [sp, #12]
10004c1e:	4653      	mov	r3, sl
10004c20:	9705      	str	r7, [sp, #20]
10004c22:	9f0b      	ldr	r7, [sp, #44]	; 0x2c
10004c24:	9302      	str	r3, [sp, #8]
10004c26:	ab12      	add	r3, sp, #72	; 0x48
10004c28:	9300      	str	r3, [sp, #0]
10004c2a:	4642      	mov	r2, r8
10004c2c:	465b      	mov	r3, fp
10004c2e:	4649      	mov	r1, r9
10004c30:	0038      	movs	r0, r7
10004c32:	9501      	str	r5, [sp, #4]
10004c34:	f7ff fe2e 	bl	10004894 <_ntoa_format>
10004c38:	9b0e      	ldr	r3, [sp, #56]	; 0x38
10004c3a:	0004      	movs	r4, r0
10004c3c:	2b00      	cmp	r3, #0
10004c3e:	d020      	beq.n	10004c82 <_etoa+0x202>
10004c40:	9b0c      	ldr	r3, [sp, #48]	; 0x30
10004c42:	1ac5      	subs	r5, r0, r3
10004c44:	9b27      	ldr	r3, [sp, #156]	; 0x9c
10004c46:	42ab      	cmp	r3, r5
10004c48:	d91b      	bls.n	10004c82 <_etoa+0x202>
10004c4a:	001e      	movs	r6, r3
10004c4c:	0022      	movs	r2, r4
10004c4e:	465b      	mov	r3, fp
10004c50:	4649      	mov	r1, r9
10004c52:	2020      	movs	r0, #32
10004c54:	3501      	adds	r5, #1
10004c56:	47b8      	blx	r7
10004c58:	3401      	adds	r4, #1
10004c5a:	42ae      	cmp	r6, r5
10004c5c:	d8f6      	bhi.n	10004c4c <_etoa+0x1cc>
10004c5e:	e010      	b.n	10004c82 <_etoa+0x202>
10004c60:	9b28      	ldr	r3, [sp, #160]	; 0xa0
10004c62:	4642      	mov	r2, r8
10004c64:	9304      	str	r3, [sp, #16]
10004c66:	9b27      	ldr	r3, [sp, #156]	; 0x9c
10004c68:	4649      	mov	r1, r9
10004c6a:	9303      	str	r3, [sp, #12]
10004c6c:	9b26      	ldr	r3, [sp, #152]	; 0x98
10004c6e:	980b      	ldr	r0, [sp, #44]	; 0x2c
10004c70:	9302      	str	r3, [sp, #8]
10004c72:	4653      	mov	r3, sl
10004c74:	9200      	str	r2, [sp, #0]
10004c76:	9301      	str	r3, [sp, #4]
10004c78:	465b      	mov	r3, fp
10004c7a:	9a0c      	ldr	r2, [sp, #48]	; 0x30
10004c7c:	f000 f926 	bl	10004ecc <_ftoa>
10004c80:	0004      	movs	r4, r0
10004c82:	0020      	movs	r0, r4
10004c84:	b01b      	add	sp, #108	; 0x6c
10004c86:	bcf0      	pop	{r4, r5, r6, r7}
10004c88:	46bb      	mov	fp, r7
10004c8a:	46b2      	mov	sl, r6
10004c8c:	46a9      	mov	r9, r5
10004c8e:	46a0      	mov	r8, r4
10004c90:	bdf0      	pop	{r4, r5, r6, r7, pc}
10004c92:	46c0      	nop			; (mov r8, r8)
10004c94:	7fefffff 	.word	0x7fefffff
10004c98:	ffefffff 	.word	0xffefffff
10004c9c:	fffff7ff 	.word	0xfffff7ff
10004ca0:	4b73      	ldr	r3, [pc, #460]	; (10004e70 <_etoa+0x3f0>)
10004ca2:	9f09      	ldr	r7, [sp, #36]	; 0x24
10004ca4:	469c      	mov	ip, r3
10004ca6:	0078      	lsls	r0, r7, #1
10004ca8:	0d40      	lsrs	r0, r0, #21
10004caa:	4460      	add	r0, ip
10004cac:	f7ff f97c 	bl	10003fa8 <__wrap___aeabi_i2d>
10004cb0:	4a70      	ldr	r2, [pc, #448]	; (10004e74 <_etoa+0x3f4>)
10004cb2:	4b71      	ldr	r3, [pc, #452]	; (10004e78 <_etoa+0x3f8>)
10004cb4:	f7ff f909 	bl	10003eca <__wrap___aeabi_dmul>
10004cb8:	4a70      	ldr	r2, [pc, #448]	; (10004e7c <_etoa+0x3fc>)
10004cba:	4b71      	ldr	r3, [pc, #452]	; (10004e80 <_etoa+0x400>)
10004cbc:	f7ff f8de 	bl	10003e7c <__wrap___aeabi_dadd>
10004cc0:	033b      	lsls	r3, r7, #12
10004cc2:	4a70      	ldr	r2, [pc, #448]	; (10004e84 <_etoa+0x404>)
10004cc4:	0b1b      	lsrs	r3, r3, #12
10004cc6:	431a      	orrs	r2, r3
10004cc8:	0004      	movs	r4, r0
10004cca:	000d      	movs	r5, r1
10004ccc:	0030      	movs	r0, r6
10004cce:	0011      	movs	r1, r2
10004cd0:	4b6d      	ldr	r3, [pc, #436]	; (10004e88 <_etoa+0x408>)
10004cd2:	2200      	movs	r2, #0
10004cd4:	f7ff f8c9 	bl	10003e6a <__wrap___aeabi_dsub>
10004cd8:	4a6c      	ldr	r2, [pc, #432]	; (10004e8c <_etoa+0x40c>)
10004cda:	4b6d      	ldr	r3, [pc, #436]	; (10004e90 <_etoa+0x410>)
10004cdc:	f7ff f8f5 	bl	10003eca <__wrap___aeabi_dmul>
10004ce0:	0002      	movs	r2, r0
10004ce2:	000b      	movs	r3, r1
10004ce4:	0020      	movs	r0, r4
10004ce6:	0029      	movs	r1, r5
10004ce8:	f7ff f8c8 	bl	10003e7c <__wrap___aeabi_dadd>
10004cec:	f7ff f974 	bl	10003fd8 <__wrap___aeabi_d2iz>
10004cf0:	900d      	str	r0, [sp, #52]	; 0x34
10004cf2:	f7ff f959 	bl	10003fa8 <__wrap___aeabi_i2d>
10004cf6:	4a67      	ldr	r2, [pc, #412]	; (10004e94 <_etoa+0x414>)
10004cf8:	4b67      	ldr	r3, [pc, #412]	; (10004e98 <_etoa+0x418>)
10004cfa:	0004      	movs	r4, r0
10004cfc:	000d      	movs	r5, r1
10004cfe:	f7ff f8e4 	bl	10003eca <__wrap___aeabi_dmul>
10004d02:	2200      	movs	r2, #0
10004d04:	4b65      	ldr	r3, [pc, #404]	; (10004e9c <_etoa+0x41c>)
10004d06:	f7ff f8b9 	bl	10003e7c <__wrap___aeabi_dadd>
10004d0a:	f7ff f965 	bl	10003fd8 <__wrap___aeabi_d2iz>
10004d0e:	4a64      	ldr	r2, [pc, #400]	; (10004ea0 <_etoa+0x420>)
10004d10:	0006      	movs	r6, r0
10004d12:	4b64      	ldr	r3, [pc, #400]	; (10004ea4 <_etoa+0x424>)
10004d14:	0020      	movs	r0, r4
10004d16:	0029      	movs	r1, r5
10004d18:	f7ff f8d7 	bl	10003eca <__wrap___aeabi_dmul>
10004d1c:	0004      	movs	r4, r0
10004d1e:	0030      	movs	r0, r6
10004d20:	000d      	movs	r5, r1
10004d22:	960f      	str	r6, [sp, #60]	; 0x3c
10004d24:	f7ff f940 	bl	10003fa8 <__wrap___aeabi_i2d>
10004d28:	4a5f      	ldr	r2, [pc, #380]	; (10004ea8 <_etoa+0x428>)
10004d2a:	4b60      	ldr	r3, [pc, #384]	; (10004eac <_etoa+0x42c>)
10004d2c:	f7ff f8cd 	bl	10003eca <__wrap___aeabi_dmul>
10004d30:	0002      	movs	r2, r0
10004d32:	000b      	movs	r3, r1
10004d34:	0020      	movs	r0, r4
10004d36:	0029      	movs	r1, r5
10004d38:	f7ff f897 	bl	10003e6a <__wrap___aeabi_dsub>
10004d3c:	0002      	movs	r2, r0
10004d3e:	000b      	movs	r3, r1
10004d40:	0006      	movs	r6, r0
10004d42:	000f      	movs	r7, r1
10004d44:	f7ff f8c1 	bl	10003eca <__wrap___aeabi_dmul>
10004d48:	0032      	movs	r2, r6
10004d4a:	0004      	movs	r4, r0
10004d4c:	000d      	movs	r5, r1
10004d4e:	003b      	movs	r3, r7
10004d50:	0030      	movs	r0, r6
10004d52:	0039      	movs	r1, r7
10004d54:	f7ff f892 	bl	10003e7c <__wrap___aeabi_dadd>
10004d58:	2200      	movs	r2, #0
10004d5a:	9010      	str	r0, [sp, #64]	; 0x40
10004d5c:	9111      	str	r1, [sp, #68]	; 0x44
10004d5e:	4b54      	ldr	r3, [pc, #336]	; (10004eb0 <_etoa+0x430>)
10004d60:	0020      	movs	r0, r4
10004d62:	0029      	movs	r1, r5
10004d64:	f7ff f893 	bl	10003e8e <__wrap___aeabi_ddiv>
10004d68:	2200      	movs	r2, #0
10004d6a:	4b52      	ldr	r3, [pc, #328]	; (10004eb4 <_etoa+0x434>)
10004d6c:	f7ff f886 	bl	10003e7c <__wrap___aeabi_dadd>
10004d70:	0002      	movs	r2, r0
10004d72:	000b      	movs	r3, r1
10004d74:	0020      	movs	r0, r4
10004d76:	0029      	movs	r1, r5
10004d78:	f7ff f889 	bl	10003e8e <__wrap___aeabi_ddiv>
10004d7c:	2200      	movs	r2, #0
10004d7e:	4b4e      	ldr	r3, [pc, #312]	; (10004eb8 <_etoa+0x438>)
10004d80:	f7ff f87c 	bl	10003e7c <__wrap___aeabi_dadd>
10004d84:	0002      	movs	r2, r0
10004d86:	000b      	movs	r3, r1
10004d88:	0020      	movs	r0, r4
10004d8a:	0029      	movs	r1, r5
10004d8c:	f7ff f87f 	bl	10003e8e <__wrap___aeabi_ddiv>
10004d90:	000d      	movs	r5, r1
10004d92:	2180      	movs	r1, #128	; 0x80
10004d94:	0004      	movs	r4, r0
10004d96:	0032      	movs	r2, r6
10004d98:	003b      	movs	r3, r7
10004d9a:	2000      	movs	r0, #0
10004d9c:	05c9      	lsls	r1, r1, #23
10004d9e:	f7ff f864 	bl	10003e6a <__wrap___aeabi_dsub>
10004da2:	0002      	movs	r2, r0
10004da4:	000b      	movs	r3, r1
10004da6:	0020      	movs	r0, r4
10004da8:	0029      	movs	r1, r5
10004daa:	f7ff f867 	bl	10003e7c <__wrap___aeabi_dadd>
10004dae:	0002      	movs	r2, r0
10004db0:	000b      	movs	r3, r1
10004db2:	9810      	ldr	r0, [sp, #64]	; 0x40
10004db4:	9911      	ldr	r1, [sp, #68]	; 0x44
10004db6:	f7ff f86a 	bl	10003e8e <__wrap___aeabi_ddiv>
10004dba:	2200      	movs	r2, #0
10004dbc:	4b31      	ldr	r3, [pc, #196]	; (10004e84 <_etoa+0x404>)
10004dbe:	f7ff f85d 	bl	10003e7c <__wrap___aeabi_dadd>
10004dc2:	4b3e      	ldr	r3, [pc, #248]	; (10004ebc <_etoa+0x43c>)
10004dc4:	9c0f      	ldr	r4, [sp, #60]	; 0x3c
10004dc6:	469c      	mov	ip, r3
10004dc8:	4464      	add	r4, ip
10004dca:	2200      	movs	r2, #0
10004dcc:	0523      	lsls	r3, r4, #20
10004dce:	f7ff f87c 	bl	10003eca <__wrap___aeabi_dmul>
10004dd2:	0005      	movs	r5, r0
10004dd4:	000e      	movs	r6, r1
10004dd6:	0002      	movs	r2, r0
10004dd8:	000b      	movs	r3, r1
10004dda:	980a      	ldr	r0, [sp, #40]	; 0x28
10004ddc:	9909      	ldr	r1, [sp, #36]	; 0x24
10004dde:	f7ff f8b7 	bl	10003f50 <__wrap___aeabi_dcmplt>
10004de2:	2800      	cmp	r0, #0
10004de4:	d00a      	beq.n	10004dfc <_etoa+0x37c>
10004de6:	9b0d      	ldr	r3, [sp, #52]	; 0x34
10004de8:	0028      	movs	r0, r5
10004dea:	3b01      	subs	r3, #1
10004dec:	0031      	movs	r1, r6
10004dee:	930d      	str	r3, [sp, #52]	; 0x34
10004df0:	2200      	movs	r2, #0
10004df2:	4b30      	ldr	r3, [pc, #192]	; (10004eb4 <_etoa+0x434>)
10004df4:	f7ff f84b 	bl	10003e8e <__wrap___aeabi_ddiv>
10004df8:	0005      	movs	r5, r0
10004dfa:	000e      	movs	r6, r1
10004dfc:	27c6      	movs	r7, #198	; 0xc6
10004dfe:	990d      	ldr	r1, [sp, #52]	; 0x34
10004e00:	002b      	movs	r3, r5
10004e02:	3163      	adds	r1, #99	; 0x63
10004e04:	428f      	cmp	r7, r1
10004e06:	41bf      	sbcs	r7, r7
10004e08:	9928      	ldr	r1, [sp, #160]	; 0xa0
10004e0a:	427f      	negs	r7, r7
10004e0c:	3704      	adds	r7, #4
10004e0e:	0509      	lsls	r1, r1, #20
10004e10:	d400      	bmi.n	10004e14 <_etoa+0x394>
10004e12:	e695      	b.n	10004b40 <_etoa+0xc0>
10004e14:	4333      	orrs	r3, r6
10004e16:	d100      	bne.n	10004e1a <_etoa+0x39a>
10004e18:	e682      	b.n	10004b20 <_etoa+0xa0>
10004e1a:	9c09      	ldr	r4, [sp, #36]	; 0x24
10004e1c:	4a28      	ldr	r2, [pc, #160]	; (10004ec0 <_etoa+0x440>)
10004e1e:	0021      	movs	r1, r4
10004e20:	4b28      	ldr	r3, [pc, #160]	; (10004ec4 <_etoa+0x444>)
10004e22:	980a      	ldr	r0, [sp, #40]	; 0x28
10004e24:	f7ff f8a2 	bl	10003f6c <__wrap___aeabi_dcmpge>
10004e28:	2800      	cmp	r0, #0
10004e2a:	d008      	beq.n	10004e3e <_etoa+0x3be>
10004e2c:	2200      	movs	r2, #0
10004e2e:	0021      	movs	r1, r4
10004e30:	4b25      	ldr	r3, [pc, #148]	; (10004ec8 <_etoa+0x448>)
10004e32:	980a      	ldr	r0, [sp, #40]	; 0x28
10004e34:	f7ff f88c 	bl	10003f50 <__wrap___aeabi_dcmplt>
10004e38:	2800      	cmp	r0, #0
10004e3a:	d000      	beq.n	10004e3e <_etoa+0x3be>
10004e3c:	e670      	b.n	10004b20 <_etoa+0xa0>
10004e3e:	9b26      	ldr	r3, [sp, #152]	; 0x98
10004e40:	2b00      	cmp	r3, #0
10004e42:	d100      	bne.n	10004e46 <_etoa+0x3c6>
10004e44:	e67c      	b.n	10004b40 <_etoa+0xc0>
10004e46:	9b0e      	ldr	r3, [sp, #56]	; 0x38
10004e48:	1e5a      	subs	r2, r3, #1
10004e4a:	4193      	sbcs	r3, r2
10004e4c:	9a26      	ldr	r2, [sp, #152]	; 0x98
10004e4e:	1ad3      	subs	r3, r2, r3
10004e50:	9326      	str	r3, [sp, #152]	; 0x98
10004e52:	e675      	b.n	10004b40 <_etoa+0xc0>
10004e54:	2300      	movs	r3, #0
10004e56:	2704      	movs	r7, #4
10004e58:	930d      	str	r3, [sp, #52]	; 0x34
10004e5a:	e671      	b.n	10004b40 <_etoa+0xc0>
10004e5c:	4643      	mov	r3, r8
10004e5e:	930a      	str	r3, [sp, #40]	; 0x28
10004e60:	2380      	movs	r3, #128	; 0x80
10004e62:	061b      	lsls	r3, r3, #24
10004e64:	4453      	add	r3, sl
10004e66:	9309      	str	r3, [sp, #36]	; 0x24
10004e68:	e642      	b.n	10004af0 <_etoa+0x70>
10004e6a:	2300      	movs	r3, #0
10004e6c:	9326      	str	r3, [sp, #152]	; 0x98
10004e6e:	e65f      	b.n	10004b30 <_etoa+0xb0>
10004e70:	fffffc01 	.word	0xfffffc01
10004e74:	509f79fb 	.word	0x509f79fb
10004e78:	3fd34413 	.word	0x3fd34413
10004e7c:	8b60c8b3 	.word	0x8b60c8b3
10004e80:	3fc68a28 	.word	0x3fc68a28
10004e84:	3ff00000 	.word	0x3ff00000
10004e88:	3ff80000 	.word	0x3ff80000
10004e8c:	636f4361 	.word	0x636f4361
10004e90:	3fd287a7 	.word	0x3fd287a7
10004e94:	0979a371 	.word	0x0979a371
10004e98:	400a934f 	.word	0x400a934f
10004e9c:	3fe00000 	.word	0x3fe00000
10004ea0:	bbb55516 	.word	0xbbb55516
10004ea4:	40026bb1 	.word	0x40026bb1
10004ea8:	fefa39ef 	.word	0xfefa39ef
10004eac:	3fe62e42 	.word	0x3fe62e42
10004eb0:	402c0000 	.word	0x402c0000
10004eb4:	40240000 	.word	0x40240000
10004eb8:	40180000 	.word	0x40180000
10004ebc:	000003ff 	.word	0x000003ff
10004ec0:	eb1c432d 	.word	0xeb1c432d
10004ec4:	3f1a36e2 	.word	0x3f1a36e2
10004ec8:	412e8480 	.word	0x412e8480

10004ecc <_ftoa>:
10004ecc:	b5f0      	push	{r4, r5, r6, r7, lr}
10004ece:	464e      	mov	r6, r9
10004ed0:	46de      	mov	lr, fp
10004ed2:	4657      	mov	r7, sl
10004ed4:	4645      	mov	r5, r8
10004ed6:	b5e0      	push	{r5, r6, r7, lr}
10004ed8:	b097      	sub	sp, #92	; 0x5c
10004eda:	4699      	mov	r9, r3
10004edc:	9e20      	ldr	r6, [sp, #128]	; 0x80
10004ede:	9f21      	ldr	r7, [sp, #132]	; 0x84
10004ee0:	9b22      	ldr	r3, [sp, #136]	; 0x88
10004ee2:	4683      	mov	fp, r0
10004ee4:	4698      	mov	r8, r3
10004ee6:	9107      	str	r1, [sp, #28]
10004ee8:	920c      	str	r2, [sp, #48]	; 0x30
10004eea:	003b      	movs	r3, r7
10004eec:	0032      	movs	r2, r6
10004eee:	0030      	movs	r0, r6
10004ef0:	0039      	movs	r1, r7
10004ef2:	f7ff f848 	bl	10003f86 <__wrap___aeabi_dcmpun>
10004ef6:	2800      	cmp	r0, #0
10004ef8:	d000      	beq.n	10004efc <_ftoa+0x30>
10004efa:	e1a9      	b.n	10005250 <_ftoa+0x384>
10004efc:	2201      	movs	r2, #1
10004efe:	0030      	movs	r0, r6
10004f00:	0039      	movs	r1, r7
10004f02:	4bca      	ldr	r3, [pc, #808]	; (1000522c <_ftoa+0x360>)
10004f04:	4252      	negs	r2, r2
10004f06:	f7ff f823 	bl	10003f50 <__wrap___aeabi_dcmplt>
10004f0a:	2800      	cmp	r0, #0
10004f0c:	d000      	beq.n	10004f10 <_ftoa+0x44>
10004f0e:	e0e1      	b.n	100050d4 <_ftoa+0x208>
10004f10:	2201      	movs	r2, #1
10004f12:	0030      	movs	r0, r6
10004f14:	0039      	movs	r1, r7
10004f16:	4bc6      	ldr	r3, [pc, #792]	; (10005230 <_ftoa+0x364>)
10004f18:	4252      	negs	r2, r2
10004f1a:	f7ff f82f 	bl	10003f7c <__wrap___aeabi_dcmpgt>
10004f1e:	2800      	cmp	r0, #0
10004f20:	d000      	beq.n	10004f24 <_ftoa+0x58>
10004f22:	e0b7      	b.n	10005094 <_ftoa+0x1c8>
10004f24:	2200      	movs	r2, #0
10004f26:	0030      	movs	r0, r6
10004f28:	0039      	movs	r1, r7
10004f2a:	4bc2      	ldr	r3, [pc, #776]	; (10005234 <_ftoa+0x368>)
10004f2c:	f7ff f826 	bl	10003f7c <__wrap___aeabi_dcmpgt>
10004f30:	2800      	cmp	r0, #0
10004f32:	d000      	beq.n	10004f36 <_ftoa+0x6a>
10004f34:	e099      	b.n	1000506a <_ftoa+0x19e>
10004f36:	2200      	movs	r2, #0
10004f38:	0030      	movs	r0, r6
10004f3a:	0039      	movs	r1, r7
10004f3c:	4bbe      	ldr	r3, [pc, #760]	; (10005238 <_ftoa+0x36c>)
10004f3e:	f7ff f807 	bl	10003f50 <__wrap___aeabi_dcmplt>
10004f42:	2800      	cmp	r0, #0
10004f44:	d000      	beq.n	10004f48 <_ftoa+0x7c>
10004f46:	e090      	b.n	1000506a <_ftoa+0x19e>
10004f48:	2200      	movs	r2, #0
10004f4a:	2300      	movs	r3, #0
10004f4c:	0030      	movs	r0, r6
10004f4e:	0039      	movs	r1, r7
10004f50:	f7fe fffe 	bl	10003f50 <__wrap___aeabi_dcmplt>
10004f54:	2800      	cmp	r0, #0
10004f56:	d000      	beq.n	10004f5a <_ftoa+0x8e>
10004f58:	e0b1      	b.n	100050be <_ftoa+0x1f2>
10004f5a:	2300      	movs	r3, #0
10004f5c:	930d      	str	r3, [sp, #52]	; 0x34
10004f5e:	9b24      	ldr	r3, [sp, #144]	; 0x90
10004f60:	055b      	lsls	r3, r3, #21
10004f62:	d401      	bmi.n	10004f68 <_ftoa+0x9c>
10004f64:	2306      	movs	r3, #6
10004f66:	4698      	mov	r8, r3
10004f68:	ab08      	add	r3, sp, #32
10004f6a:	469c      	mov	ip, r3
10004f6c:	2217      	movs	r2, #23
10004f6e:	2400      	movs	r4, #0
10004f70:	2330      	movs	r3, #48	; 0x30
10004f72:	4641      	mov	r1, r8
10004f74:	4462      	add	r2, ip
10004f76:	e004      	b.n	10004f82 <_ftoa+0xb6>
10004f78:	3401      	adds	r4, #1
10004f7a:	5513      	strb	r3, [r2, r4]
10004f7c:	3901      	subs	r1, #1
10004f7e:	2c20      	cmp	r4, #32
10004f80:	d001      	beq.n	10004f86 <_ftoa+0xba>
10004f82:	2909      	cmp	r1, #9
10004f84:	d8f8      	bhi.n	10004f78 <_ftoa+0xac>
10004f86:	4688      	mov	r8, r1
10004f88:	0030      	movs	r0, r6
10004f8a:	0039      	movs	r1, r7
10004f8c:	f7ff f824 	bl	10003fd8 <__wrap___aeabi_d2iz>
10004f90:	4643      	mov	r3, r8
10004f92:	00da      	lsls	r2, r3, #3
10004f94:	4ba9      	ldr	r3, [pc, #676]	; (1000523c <_ftoa+0x370>)
10004f96:	0005      	movs	r5, r0
10004f98:	189b      	adds	r3, r3, r2
10004f9a:	681a      	ldr	r2, [r3, #0]
10004f9c:	685b      	ldr	r3, [r3, #4]
10004f9e:	9208      	str	r2, [sp, #32]
10004fa0:	9309      	str	r3, [sp, #36]	; 0x24
10004fa2:	f7ff f801 	bl	10003fa8 <__wrap___aeabi_i2d>
10004fa6:	0002      	movs	r2, r0
10004fa8:	000b      	movs	r3, r1
10004faa:	0030      	movs	r0, r6
10004fac:	0039      	movs	r1, r7
10004fae:	f7fe ff5c 	bl	10003e6a <__wrap___aeabi_dsub>
10004fb2:	9a08      	ldr	r2, [sp, #32]
10004fb4:	9b09      	ldr	r3, [sp, #36]	; 0x24
10004fb6:	f7fe ff88 	bl	10003eca <__wrap___aeabi_dmul>
10004fba:	900a      	str	r0, [sp, #40]	; 0x28
10004fbc:	910b      	str	r1, [sp, #44]	; 0x2c
10004fbe:	f7ff f82f 	bl	10004020 <__wrap___aeabi_d2uiz>
10004fc2:	4682      	mov	sl, r0
10004fc4:	f7fe ffec 	bl	10003fa0 <__wrap___aeabi_ui2d>
10004fc8:	0002      	movs	r2, r0
10004fca:	000b      	movs	r3, r1
10004fcc:	980a      	ldr	r0, [sp, #40]	; 0x28
10004fce:	990b      	ldr	r1, [sp, #44]	; 0x2c
10004fd0:	f7fe ff4b 	bl	10003e6a <__wrap___aeabi_dsub>
10004fd4:	2200      	movs	r2, #0
10004fd6:	4b9a      	ldr	r3, [pc, #616]	; (10005240 <_ftoa+0x374>)
10004fd8:	900a      	str	r0, [sp, #40]	; 0x28
10004fda:	910b      	str	r1, [sp, #44]	; 0x2c
10004fdc:	f7fe ffce 	bl	10003f7c <__wrap___aeabi_dcmpgt>
10004fe0:	2800      	cmp	r0, #0
10004fe2:	d100      	bne.n	10004fe6 <_ftoa+0x11a>
10004fe4:	e0c0      	b.n	10005168 <_ftoa+0x29c>
10004fe6:	2301      	movs	r3, #1
10004fe8:	469c      	mov	ip, r3
10004fea:	44e2      	add	sl, ip
10004fec:	4650      	mov	r0, sl
10004fee:	f7fe ffd7 	bl	10003fa0 <__wrap___aeabi_ui2d>
10004ff2:	0002      	movs	r2, r0
10004ff4:	000b      	movs	r3, r1
10004ff6:	9808      	ldr	r0, [sp, #32]
10004ff8:	9909      	ldr	r1, [sp, #36]	; 0x24
10004ffa:	f7fe ffaf 	bl	10003f5c <__wrap___aeabi_dcmple>
10004ffe:	2800      	cmp	r0, #0
10005000:	d002      	beq.n	10005008 <_ftoa+0x13c>
10005002:	2300      	movs	r3, #0
10005004:	469a      	mov	sl, r3
10005006:	3501      	adds	r5, #1
10005008:	4643      	mov	r3, r8
1000500a:	2b00      	cmp	r3, #0
1000500c:	d06a      	beq.n	100050e4 <_ftoa+0x218>
1000500e:	ab08      	add	r3, sp, #32
10005010:	2617      	movs	r6, #23
10005012:	469c      	mov	ip, r3
10005014:	9508      	str	r5, [sp, #32]
10005016:	4466      	add	r6, ip
10005018:	4655      	mov	r5, sl
1000501a:	e014      	b.n	10005046 <_ftoa+0x17a>
1000501c:	2301      	movs	r3, #1
1000501e:	425b      	negs	r3, r3
10005020:	4443      	add	r3, r8
10005022:	210a      	movs	r1, #10
10005024:	0028      	movs	r0, r5
10005026:	469a      	mov	sl, r3
10005028:	f7fe fce4 	bl	100039f4 <__wrap___aeabi_uidiv>
1000502c:	3401      	adds	r4, #1
1000502e:	3130      	adds	r1, #48	; 0x30
10005030:	1937      	adds	r7, r6, r4
10005032:	7039      	strb	r1, [r7, #0]
10005034:	0028      	movs	r0, r5
10005036:	210a      	movs	r1, #10
10005038:	f7fe fcdc 	bl	100039f4 <__wrap___aeabi_uidiv>
1000503c:	2d09      	cmp	r5, #9
1000503e:	d800      	bhi.n	10005042 <_ftoa+0x176>
10005040:	e0d0      	b.n	100051e4 <_ftoa+0x318>
10005042:	46d0      	mov	r8, sl
10005044:	0005      	movs	r5, r0
10005046:	2c20      	cmp	r4, #32
10005048:	d1e8      	bne.n	1000501c <_ftoa+0x150>
1000504a:	ab0e      	add	r3, sp, #56	; 0x38
1000504c:	4698      	mov	r8, r3
1000504e:	2303      	movs	r3, #3
10005050:	9a24      	ldr	r2, [sp, #144]	; 0x90
10005052:	4013      	ands	r3, r2
10005054:	2b01      	cmp	r3, #1
10005056:	d100      	bne.n	1000505a <_ftoa+0x18e>
10005058:	e096      	b.n	10005188 <_ftoa+0x2bc>
1000505a:	2320      	movs	r3, #32
1000505c:	9a24      	ldr	r2, [sp, #144]	; 0x90
1000505e:	9301      	str	r3, [sp, #4]
10005060:	9203      	str	r2, [sp, #12]
10005062:	9a23      	ldr	r2, [sp, #140]	; 0x8c
10005064:	4643      	mov	r3, r8
10005066:	9202      	str	r2, [sp, #8]
10005068:	e01e      	b.n	100050a8 <_ftoa+0x1dc>
1000506a:	9b24      	ldr	r3, [sp, #144]	; 0x90
1000506c:	4658      	mov	r0, fp
1000506e:	9304      	str	r3, [sp, #16]
10005070:	9b23      	ldr	r3, [sp, #140]	; 0x8c
10005072:	9600      	str	r6, [sp, #0]
10005074:	9701      	str	r7, [sp, #4]
10005076:	9303      	str	r3, [sp, #12]
10005078:	4643      	mov	r3, r8
1000507a:	9a0c      	ldr	r2, [sp, #48]	; 0x30
1000507c:	9302      	str	r3, [sp, #8]
1000507e:	9907      	ldr	r1, [sp, #28]
10005080:	464b      	mov	r3, r9
10005082:	f7ff fcfd 	bl	10004a80 <_etoa>
10005086:	b017      	add	sp, #92	; 0x5c
10005088:	bcf0      	pop	{r4, r5, r6, r7}
1000508a:	46bb      	mov	fp, r7
1000508c:	46b2      	mov	sl, r6
1000508e:	46a9      	mov	r9, r5
10005090:	46a0      	mov	r8, r4
10005092:	bdf0      	pop	{r4, r5, r6, r7, pc}
10005094:	9b24      	ldr	r3, [sp, #144]	; 0x90
10005096:	075b      	lsls	r3, r3, #29
10005098:	d40e      	bmi.n	100050b8 <_ftoa+0x1ec>
1000509a:	2203      	movs	r2, #3
1000509c:	4b69      	ldr	r3, [pc, #420]	; (10005244 <_ftoa+0x378>)
1000509e:	9924      	ldr	r1, [sp, #144]	; 0x90
100050a0:	9201      	str	r2, [sp, #4]
100050a2:	9103      	str	r1, [sp, #12]
100050a4:	9923      	ldr	r1, [sp, #140]	; 0x8c
100050a6:	9102      	str	r1, [sp, #8]
100050a8:	9300      	str	r3, [sp, #0]
100050aa:	4658      	mov	r0, fp
100050ac:	464b      	mov	r3, r9
100050ae:	9a0c      	ldr	r2, [sp, #48]	; 0x30
100050b0:	9907      	ldr	r1, [sp, #28]
100050b2:	f7ff fba1 	bl	100047f8 <_out_rev>
100050b6:	e7e6      	b.n	10005086 <_ftoa+0x1ba>
100050b8:	2204      	movs	r2, #4
100050ba:	4b63      	ldr	r3, [pc, #396]	; (10005248 <_ftoa+0x37c>)
100050bc:	e7ef      	b.n	1000509e <_ftoa+0x1d2>
100050be:	003b      	movs	r3, r7
100050c0:	0032      	movs	r2, r6
100050c2:	2000      	movs	r0, #0
100050c4:	2100      	movs	r1, #0
100050c6:	f7fe fed0 	bl	10003e6a <__wrap___aeabi_dsub>
100050ca:	2301      	movs	r3, #1
100050cc:	0006      	movs	r6, r0
100050ce:	000f      	movs	r7, r1
100050d0:	930d      	str	r3, [sp, #52]	; 0x34
100050d2:	e744      	b.n	10004f5e <_ftoa+0x92>
100050d4:	9b24      	ldr	r3, [sp, #144]	; 0x90
100050d6:	9303      	str	r3, [sp, #12]
100050d8:	9b23      	ldr	r3, [sp, #140]	; 0x8c
100050da:	9302      	str	r3, [sp, #8]
100050dc:	2304      	movs	r3, #4
100050de:	9301      	str	r3, [sp, #4]
100050e0:	4b5a      	ldr	r3, [pc, #360]	; (1000524c <_ftoa+0x380>)
100050e2:	e7e1      	b.n	100050a8 <_ftoa+0x1dc>
100050e4:	0028      	movs	r0, r5
100050e6:	f7fe ff5f 	bl	10003fa8 <__wrap___aeabi_i2d>
100050ea:	0002      	movs	r2, r0
100050ec:	000b      	movs	r3, r1
100050ee:	0030      	movs	r0, r6
100050f0:	0039      	movs	r1, r7
100050f2:	f7fe feba 	bl	10003e6a <__wrap___aeabi_dsub>
100050f6:	4b52      	ldr	r3, [pc, #328]	; (10005240 <_ftoa+0x374>)
100050f8:	2200      	movs	r2, #0
100050fa:	0006      	movs	r6, r0
100050fc:	000f      	movs	r7, r1
100050fe:	f7fe ff27 	bl	10003f50 <__wrap___aeabi_dcmplt>
10005102:	ab0e      	add	r3, sp, #56	; 0x38
10005104:	4698      	mov	r8, r3
10005106:	2800      	cmp	r0, #0
10005108:	d10a      	bne.n	10005120 <_ftoa+0x254>
1000510a:	2200      	movs	r2, #0
1000510c:	0030      	movs	r0, r6
1000510e:	0039      	movs	r1, r7
10005110:	4b4b      	ldr	r3, [pc, #300]	; (10005240 <_ftoa+0x374>)
10005112:	f7fe ff33 	bl	10003f7c <__wrap___aeabi_dcmpgt>
10005116:	2800      	cmp	r0, #0
10005118:	d102      	bne.n	10005120 <_ftoa+0x254>
1000511a:	07eb      	lsls	r3, r5, #31
1000511c:	d500      	bpl.n	10005120 <_ftoa+0x254>
1000511e:	3501      	adds	r5, #1
10005120:	2c20      	cmp	r4, #32
10005122:	d094      	beq.n	1000504e <_ftoa+0x182>
10005124:	aa08      	add	r2, sp, #32
10005126:	4694      	mov	ip, r2
10005128:	2317      	movs	r3, #23
1000512a:	0028      	movs	r0, r5
1000512c:	4463      	add	r3, ip
1000512e:	210a      	movs	r1, #10
10005130:	3401      	adds	r4, #1
10005132:	191e      	adds	r6, r3, r4
10005134:	f7fe fc36 	bl	100039a4 <__wrap___aeabi_idiv>
10005138:	3130      	adds	r1, #48	; 0x30
1000513a:	0028      	movs	r0, r5
1000513c:	7031      	strb	r1, [r6, #0]
1000513e:	210a      	movs	r1, #10
10005140:	f7fe fc30 	bl	100039a4 <__wrap___aeabi_idiv>
10005144:	1e05      	subs	r5, r0, #0
10005146:	d1eb      	bne.n	10005120 <_ftoa+0x254>
10005148:	2303      	movs	r3, #3
1000514a:	9a24      	ldr	r2, [sp, #144]	; 0x90
1000514c:	4013      	ands	r3, r2
1000514e:	2b01      	cmp	r3, #1
10005150:	d01b      	beq.n	1000518a <_ftoa+0x2be>
10005152:	2c20      	cmp	r4, #32
10005154:	d100      	bne.n	10005158 <_ftoa+0x28c>
10005156:	e780      	b.n	1000505a <_ftoa+0x18e>
10005158:	9b0d      	ldr	r3, [sp, #52]	; 0x34
1000515a:	2b00      	cmp	r3, #0
1000515c:	d035      	beq.n	100051ca <_ftoa+0x2fe>
1000515e:	222d      	movs	r2, #45	; 0x2d
10005160:	4641      	mov	r1, r8
10005162:	1c63      	adds	r3, r4, #1
10005164:	550a      	strb	r2, [r1, r4]
10005166:	e779      	b.n	1000505c <_ftoa+0x190>
10005168:	2200      	movs	r2, #0
1000516a:	980a      	ldr	r0, [sp, #40]	; 0x28
1000516c:	990b      	ldr	r1, [sp, #44]	; 0x2c
1000516e:	4b34      	ldr	r3, [pc, #208]	; (10005240 <_ftoa+0x374>)
10005170:	f7fe feee 	bl	10003f50 <__wrap___aeabi_dcmplt>
10005174:	2800      	cmp	r0, #0
10005176:	d000      	beq.n	1000517a <_ftoa+0x2ae>
10005178:	e746      	b.n	10005008 <_ftoa+0x13c>
1000517a:	4653      	mov	r3, sl
1000517c:	2b00      	cmp	r3, #0
1000517e:	d151      	bne.n	10005224 <_ftoa+0x358>
10005180:	2301      	movs	r3, #1
10005182:	469c      	mov	ip, r3
10005184:	44e2      	add	sl, ip
10005186:	e73f      	b.n	10005008 <_ftoa+0x13c>
10005188:	2420      	movs	r4, #32
1000518a:	9b23      	ldr	r3, [sp, #140]	; 0x8c
1000518c:	2b00      	cmp	r3, #0
1000518e:	d0e0      	beq.n	10005152 <_ftoa+0x286>
10005190:	9b0d      	ldr	r3, [sp, #52]	; 0x34
10005192:	2b00      	cmp	r3, #0
10005194:	d103      	bne.n	1000519e <_ftoa+0x2d2>
10005196:	9a24      	ldr	r2, [sp, #144]	; 0x90
10005198:	330c      	adds	r3, #12
1000519a:	4213      	tst	r3, r2
1000519c:	d002      	beq.n	100051a4 <_ftoa+0x2d8>
1000519e:	9b23      	ldr	r3, [sp, #140]	; 0x8c
100051a0:	3b01      	subs	r3, #1
100051a2:	9323      	str	r3, [sp, #140]	; 0x8c
100051a4:	9b23      	ldr	r3, [sp, #140]	; 0x8c
100051a6:	42a3      	cmp	r3, r4
100051a8:	d9d3      	bls.n	10005152 <_ftoa+0x286>
100051aa:	ab08      	add	r3, sp, #32
100051ac:	469c      	mov	ip, r3
100051ae:	2217      	movs	r2, #23
100051b0:	2330      	movs	r3, #48	; 0x30
100051b2:	4462      	add	r2, ip
100051b4:	2c20      	cmp	r4, #32
100051b6:	d100      	bne.n	100051ba <_ftoa+0x2ee>
100051b8:	e74f      	b.n	1000505a <_ftoa+0x18e>
100051ba:	9923      	ldr	r1, [sp, #140]	; 0x8c
100051bc:	3401      	adds	r4, #1
100051be:	5513      	strb	r3, [r2, r4]
100051c0:	428c      	cmp	r4, r1
100051c2:	d0c6      	beq.n	10005152 <_ftoa+0x286>
100051c4:	2c20      	cmp	r4, #32
100051c6:	d1f8      	bne.n	100051ba <_ftoa+0x2ee>
100051c8:	e747      	b.n	1000505a <_ftoa+0x18e>
100051ca:	9b24      	ldr	r3, [sp, #144]	; 0x90
100051cc:	075b      	lsls	r3, r3, #29
100051ce:	d424      	bmi.n	1000521a <_ftoa+0x34e>
100051d0:	9a24      	ldr	r2, [sp, #144]	; 0x90
100051d2:	0023      	movs	r3, r4
100051d4:	0712      	lsls	r2, r2, #28
100051d6:	d400      	bmi.n	100051da <_ftoa+0x30e>
100051d8:	e740      	b.n	1000505c <_ftoa+0x190>
100051da:	2220      	movs	r2, #32
100051dc:	4641      	mov	r1, r8
100051de:	3301      	adds	r3, #1
100051e0:	550a      	strb	r2, [r1, r4]
100051e2:	e73b      	b.n	1000505c <_ftoa+0x190>
100051e4:	4657      	mov	r7, sl
100051e6:	9d08      	ldr	r5, [sp, #32]
100051e8:	2c20      	cmp	r4, #32
100051ea:	d100      	bne.n	100051ee <_ftoa+0x322>
100051ec:	e72d      	b.n	1000504a <_ftoa+0x17e>
100051ee:	0022      	movs	r2, r4
100051f0:	2130      	movs	r1, #48	; 0x30
100051f2:	4640      	mov	r0, r8
100051f4:	2f00      	cmp	r7, #0
100051f6:	d009      	beq.n	1000520c <_ftoa+0x340>
100051f8:	3201      	adds	r2, #1
100051fa:	54b1      	strb	r1, [r6, r2]
100051fc:	2a20      	cmp	r2, #32
100051fe:	d100      	bne.n	10005202 <_ftoa+0x336>
10005200:	e723      	b.n	1000504a <_ftoa+0x17e>
10005202:	43d3      	mvns	r3, r2
10005204:	191b      	adds	r3, r3, r4
10005206:	181b      	adds	r3, r3, r0
10005208:	2b00      	cmp	r3, #0
1000520a:	d1f5      	bne.n	100051f8 <_ftoa+0x32c>
1000520c:	ab0e      	add	r3, sp, #56	; 0x38
1000520e:	4698      	mov	r8, r3
10005210:	232e      	movs	r3, #46	; 0x2e
10005212:	4641      	mov	r1, r8
10005214:	1c54      	adds	r4, r2, #1
10005216:	548b      	strb	r3, [r1, r2]
10005218:	e782      	b.n	10005120 <_ftoa+0x254>
1000521a:	222b      	movs	r2, #43	; 0x2b
1000521c:	4641      	mov	r1, r8
1000521e:	1c63      	adds	r3, r4, #1
10005220:	550a      	strb	r2, [r1, r4]
10005222:	e71b      	b.n	1000505c <_ftoa+0x190>
10005224:	07db      	lsls	r3, r3, #31
10005226:	d400      	bmi.n	1000522a <_ftoa+0x35e>
10005228:	e6ee      	b.n	10005008 <_ftoa+0x13c>
1000522a:	e7a9      	b.n	10005180 <_ftoa+0x2b4>
1000522c:	ffefffff 	.word	0xffefffff
10005230:	7fefffff 	.word	0x7fefffff
10005234:	41cdcd65 	.word	0x41cdcd65
10005238:	c1cdcd65 	.word	0xc1cdcd65
1000523c:	1000ad80 	.word	0x1000ad80
10005240:	3fe00000 	.word	0x3fe00000
10005244:	1000ab88 	.word	0x1000ab88
10005248:	1000ab8c 	.word	0x1000ab8c
1000524c:	1000ab98 	.word	0x1000ab98
10005250:	9b24      	ldr	r3, [sp, #144]	; 0x90
10005252:	9303      	str	r3, [sp, #12]
10005254:	9b23      	ldr	r3, [sp, #140]	; 0x8c
10005256:	9302      	str	r3, [sp, #8]
10005258:	2303      	movs	r3, #3
1000525a:	9301      	str	r3, [sp, #4]
1000525c:	4b00      	ldr	r3, [pc, #0]	; (10005260 <_ftoa+0x394>)
1000525e:	e723      	b.n	100050a8 <_ftoa+0x1dc>
10005260:	1000ab94 	.word	0x1000ab94

10005264 <_vsnprintf>:
10005264:	b5f0      	push	{r4, r5, r6, r7, lr}
10005266:	46de      	mov	lr, fp
10005268:	464e      	mov	r6, r9
1000526a:	4657      	mov	r7, sl
1000526c:	4645      	mov	r5, r8
1000526e:	b5e0      	push	{r5, r6, r7, lr}
10005270:	b09f      	sub	sp, #124	; 0x7c
10005272:	001c      	movs	r4, r3
10005274:	9b28      	ldr	r3, [sp, #160]	; 0xa0
10005276:	4691      	mov	r9, r2
10005278:	9309      	str	r3, [sp, #36]	; 0x24
1000527a:	4ac9      	ldr	r2, [pc, #804]	; (100055a0 <_vsnprintf+0x33c>)
1000527c:	4bc9      	ldr	r3, [pc, #804]	; (100055a4 <_vsnprintf+0x340>)
1000527e:	468b      	mov	fp, r1
10005280:	9008      	str	r0, [sp, #32]
10005282:	601a      	str	r2, [r3, #0]
10005284:	2900      	cmp	r1, #0
10005286:	d100      	bne.n	1000528a <_vsnprintf+0x26>
10005288:	e218      	b.n	100056bc <_vsnprintf+0x458>
1000528a:	2300      	movs	r3, #0
1000528c:	7820      	ldrb	r0, [r4, #0]
1000528e:	469a      	mov	sl, r3
10005290:	2800      	cmp	r0, #0
10005292:	d100      	bne.n	10005296 <_vsnprintf+0x32>
10005294:	e21a      	b.n	100056cc <_vsnprintf+0x468>
10005296:	0026      	movs	r6, r4
10005298:	001d      	movs	r5, r3
1000529a:	465c      	mov	r4, fp
1000529c:	e00a      	b.n	100052b4 <_vsnprintf+0x50>
1000529e:	002a      	movs	r2, r5
100052a0:	1c6f      	adds	r7, r5, #1
100052a2:	464b      	mov	r3, r9
100052a4:	9d08      	ldr	r5, [sp, #32]
100052a6:	0021      	movs	r1, r4
100052a8:	47a8      	blx	r5
100052aa:	003d      	movs	r5, r7
100052ac:	3601      	adds	r6, #1
100052ae:	7830      	ldrb	r0, [r6, #0]
100052b0:	2800      	cmp	r0, #0
100052b2:	d070      	beq.n	10005396 <_vsnprintf+0x132>
100052b4:	2825      	cmp	r0, #37	; 0x25
100052b6:	d1f2      	bne.n	1000529e <_vsnprintf+0x3a>
100052b8:	2310      	movs	r3, #16
100052ba:	469b      	mov	fp, r3
100052bc:	3b08      	subs	r3, #8
100052be:	469a      	mov	sl, r3
100052c0:	3b04      	subs	r3, #4
100052c2:	4698      	mov	r8, r3
100052c4:	3b02      	subs	r3, #2
100052c6:	2100      	movs	r1, #0
100052c8:	469c      	mov	ip, r3
100052ca:	1c72      	adds	r2, r6, #1
100052cc:	7810      	ldrb	r0, [r2, #0]
100052ce:	0016      	movs	r6, r2
100052d0:	0003      	movs	r3, r0
100052d2:	3b20      	subs	r3, #32
100052d4:	b2db      	uxtb	r3, r3
100052d6:	2b10      	cmp	r3, #16
100052d8:	d803      	bhi.n	100052e2 <_vsnprintf+0x7e>
100052da:	4fb3      	ldr	r7, [pc, #716]	; (100055a8 <_vsnprintf+0x344>)
100052dc:	009b      	lsls	r3, r3, #2
100052de:	58fb      	ldr	r3, [r7, r3]
100052e0:	469f      	mov	pc, r3
100052e2:	0003      	movs	r3, r0
100052e4:	3b30      	subs	r3, #48	; 0x30
100052e6:	2b09      	cmp	r3, #9
100052e8:	d932      	bls.n	10005350 <_vsnprintf+0xec>
100052ea:	2300      	movs	r3, #0
100052ec:	930a      	str	r3, [sp, #40]	; 0x28
100052ee:	282a      	cmp	r0, #42	; 0x2a
100052f0:	d068      	beq.n	100053c4 <_vsnprintf+0x160>
100052f2:	2300      	movs	r3, #0
100052f4:	4698      	mov	r8, r3
100052f6:	282e      	cmp	r0, #46	; 0x2e
100052f8:	d03e      	beq.n	10005378 <_vsnprintf+0x114>
100052fa:	0003      	movs	r3, r0
100052fc:	3b68      	subs	r3, #104	; 0x68
100052fe:	b2db      	uxtb	r3, r3
10005300:	2b12      	cmp	r3, #18
10005302:	d81c      	bhi.n	1000533e <_vsnprintf+0xda>
10005304:	4aa9      	ldr	r2, [pc, #676]	; (100055ac <_vsnprintf+0x348>)
10005306:	009b      	lsls	r3, r3, #2
10005308:	58d3      	ldr	r3, [r2, r3]
1000530a:	469f      	mov	pc, r3
1000530c:	2301      	movs	r3, #1
1000530e:	3201      	adds	r2, #1
10005310:	4319      	orrs	r1, r3
10005312:	e7db      	b.n	100052cc <_vsnprintf+0x68>
10005314:	4663      	mov	r3, ip
10005316:	3201      	adds	r2, #1
10005318:	4319      	orrs	r1, r3
1000531a:	e7d7      	b.n	100052cc <_vsnprintf+0x68>
1000531c:	4643      	mov	r3, r8
1000531e:	3201      	adds	r2, #1
10005320:	4319      	orrs	r1, r3
10005322:	e7d3      	b.n	100052cc <_vsnprintf+0x68>
10005324:	465b      	mov	r3, fp
10005326:	3201      	adds	r2, #1
10005328:	4319      	orrs	r1, r3
1000532a:	e7cf      	b.n	100052cc <_vsnprintf+0x68>
1000532c:	4653      	mov	r3, sl
1000532e:	3201      	adds	r2, #1
10005330:	4319      	orrs	r1, r3
10005332:	e7cb      	b.n	100052cc <_vsnprintf+0x68>
10005334:	2380      	movs	r3, #128	; 0x80
10005336:	005b      	lsls	r3, r3, #1
10005338:	7870      	ldrb	r0, [r6, #1]
1000533a:	4319      	orrs	r1, r3
1000533c:	3601      	adds	r6, #1
1000533e:	0003      	movs	r3, r0
10005340:	3b25      	subs	r3, #37	; 0x25
10005342:	b2db      	uxtb	r3, r3
10005344:	2b53      	cmp	r3, #83	; 0x53
10005346:	d8aa      	bhi.n	1000529e <_vsnprintf+0x3a>
10005348:	4a99      	ldr	r2, [pc, #612]	; (100055b0 <_vsnprintf+0x34c>)
1000534a:	009b      	lsls	r3, r3, #2
1000534c:	58d3      	ldr	r3, [r2, r3]
1000534e:	469f      	mov	pc, r3
10005350:	2700      	movs	r7, #0
10005352:	0003      	movs	r3, r0
10005354:	00b8      	lsls	r0, r7, #2
10005356:	19c0      	adds	r0, r0, r7
10005358:	3601      	adds	r6, #1
1000535a:	0040      	lsls	r0, r0, #1
1000535c:	18c0      	adds	r0, r0, r3
1000535e:	7833      	ldrb	r3, [r6, #0]
10005360:	3830      	subs	r0, #48	; 0x30
10005362:	001a      	movs	r2, r3
10005364:	3a30      	subs	r2, #48	; 0x30
10005366:	0007      	movs	r7, r0
10005368:	2a09      	cmp	r2, #9
1000536a:	d9f3      	bls.n	10005354 <_vsnprintf+0xf0>
1000536c:	900a      	str	r0, [sp, #40]	; 0x28
1000536e:	0018      	movs	r0, r3
10005370:	2300      	movs	r3, #0
10005372:	4698      	mov	r8, r3
10005374:	282e      	cmp	r0, #46	; 0x2e
10005376:	d1c0      	bne.n	100052fa <_vsnprintf+0x96>
10005378:	2380      	movs	r3, #128	; 0x80
1000537a:	7870      	ldrb	r0, [r6, #1]
1000537c:	00db      	lsls	r3, r3, #3
1000537e:	4319      	orrs	r1, r3
10005380:	0003      	movs	r3, r0
10005382:	3b30      	subs	r3, #48	; 0x30
10005384:	1c72      	adds	r2, r6, #1
10005386:	2b09      	cmp	r3, #9
10005388:	d800      	bhi.n	1000538c <_vsnprintf+0x128>
1000538a:	e1a1      	b.n	100056d0 <_vsnprintf+0x46c>
1000538c:	282a      	cmp	r0, #42	; 0x2a
1000538e:	d100      	bne.n	10005392 <_vsnprintf+0x12e>
10005390:	e1b2      	b.n	100056f8 <_vsnprintf+0x494>
10005392:	0016      	movs	r6, r2
10005394:	e7b1      	b.n	100052fa <_vsnprintf+0x96>
10005396:	46a3      	mov	fp, r4
10005398:	46aa      	mov	sl, r5
1000539a:	002c      	movs	r4, r5
1000539c:	45d1      	cmp	r9, sl
1000539e:	d803      	bhi.n	100053a8 <_vsnprintf+0x144>
100053a0:	2301      	movs	r3, #1
100053a2:	425b      	negs	r3, r3
100053a4:	444b      	add	r3, r9
100053a6:	469a      	mov	sl, r3
100053a8:	464b      	mov	r3, r9
100053aa:	4652      	mov	r2, sl
100053ac:	4659      	mov	r1, fp
100053ae:	2000      	movs	r0, #0
100053b0:	9d08      	ldr	r5, [sp, #32]
100053b2:	47a8      	blx	r5
100053b4:	0020      	movs	r0, r4
100053b6:	b01f      	add	sp, #124	; 0x7c
100053b8:	bcf0      	pop	{r4, r5, r6, r7}
100053ba:	46bb      	mov	fp, r7
100053bc:	46b2      	mov	sl, r6
100053be:	46a9      	mov	r9, r5
100053c0:	46a0      	mov	r8, r4
100053c2:	bdf0      	pop	{r4, r5, r6, r7, pc}
100053c4:	9b09      	ldr	r3, [sp, #36]	; 0x24
100053c6:	cb40      	ldmia	r3!, {r6}
100053c8:	960a      	str	r6, [sp, #40]	; 0x28
100053ca:	2e00      	cmp	r6, #0
100053cc:	db03      	blt.n	100053d6 <_vsnprintf+0x172>
100053ce:	7850      	ldrb	r0, [r2, #1]
100053d0:	9309      	str	r3, [sp, #36]	; 0x24
100053d2:	1c56      	adds	r6, r2, #1
100053d4:	e78d      	b.n	100052f2 <_vsnprintf+0x8e>
100053d6:	3828      	subs	r0, #40	; 0x28
100053d8:	4301      	orrs	r1, r0
100053da:	4270      	negs	r0, r6
100053dc:	900a      	str	r0, [sp, #40]	; 0x28
100053de:	9309      	str	r3, [sp, #36]	; 0x24
100053e0:	7850      	ldrb	r0, [r2, #1]
100053e2:	1c56      	adds	r6, r2, #1
100053e4:	e785      	b.n	100052f2 <_vsnprintf+0x8e>
100053e6:	2878      	cmp	r0, #120	; 0x78
100053e8:	d100      	bne.n	100053ec <_vsnprintf+0x188>
100053ea:	e1df      	b.n	100057ac <_vsnprintf+0x548>
100053ec:	2858      	cmp	r0, #88	; 0x58
100053ee:	d100      	bne.n	100053f2 <_vsnprintf+0x18e>
100053f0:	e24c      	b.n	1000588c <_vsnprintf+0x628>
100053f2:	286f      	cmp	r0, #111	; 0x6f
100053f4:	d100      	bne.n	100053f8 <_vsnprintf+0x194>
100053f6:	e34f      	b.n	10005a98 <_vsnprintf+0x834>
100053f8:	2862      	cmp	r0, #98	; 0x62
100053fa:	d101      	bne.n	10005400 <_vsnprintf+0x19c>
100053fc:	f000 fc30 	bl	10005c60 <_vsnprintf+0x9fc>
10005400:	2310      	movs	r3, #16
10005402:	000a      	movs	r2, r1
10005404:	439a      	bics	r2, r3
10005406:	920b      	str	r2, [sp, #44]	; 0x2c
10005408:	2869      	cmp	r0, #105	; 0x69
1000540a:	d001      	beq.n	10005410 <_vsnprintf+0x1ac>
1000540c:	f000 fca9 	bl	10005d62 <_vsnprintf+0xafe>
10005410:	230a      	movs	r3, #10
10005412:	930c      	str	r3, [sp, #48]	; 0x30
10005414:	054b      	lsls	r3, r1, #21
10005416:	d500      	bpl.n	1000541a <_vsnprintf+0x1b6>
10005418:	e1d0      	b.n	100057bc <_vsnprintf+0x558>
1000541a:	9a0b      	ldr	r2, [sp, #44]	; 0x2c
1000541c:	2380      	movs	r3, #128	; 0x80
1000541e:	0011      	movs	r1, r2
10005420:	009b      	lsls	r3, r3, #2
10005422:	4019      	ands	r1, r3
10005424:	468b      	mov	fp, r1
10005426:	421a      	tst	r2, r3
10005428:	d000      	beq.n	1000542c <_vsnprintf+0x1c8>
1000542a:	e2a1      	b.n	10005970 <_vsnprintf+0x70c>
1000542c:	2380      	movs	r3, #128	; 0x80
1000542e:	0011      	movs	r1, r2
10005430:	005b      	lsls	r3, r3, #1
10005432:	4019      	ands	r1, r3
10005434:	468a      	mov	sl, r1
10005436:	421a      	tst	r2, r3
10005438:	d000      	beq.n	1000543c <_vsnprintf+0x1d8>
1000543a:	e3b6      	b.n	10005baa <_vsnprintf+0x946>
1000543c:	0013      	movs	r3, r2
1000543e:	065b      	lsls	r3, r3, #25
10005440:	d500      	bpl.n	10005444 <_vsnprintf+0x1e0>
10005442:	e2ed      	b.n	10005a20 <_vsnprintf+0x7bc>
10005444:	0013      	movs	r3, r2
10005446:	9909      	ldr	r1, [sp, #36]	; 0x24
10005448:	061b      	lsls	r3, r3, #24
1000544a:	d401      	bmi.n	10005450 <_vsnprintf+0x1ec>
1000544c:	f000 fc76 	bl	10005d3c <_vsnprintf+0xad8>
10005450:	c908      	ldmia	r1!, {r3}
10005452:	b21b      	sxth	r3, r3
10005454:	17d8      	asrs	r0, r3, #31
10005456:	181a      	adds	r2, r3, r0
10005458:	4042      	eors	r2, r0
1000545a:	b292      	uxth	r2, r2
1000545c:	9109      	str	r1, [sp, #36]	; 0x24
1000545e:	4693      	mov	fp, r2
10005460:	0fda      	lsrs	r2, r3, #31
10005462:	9212      	str	r2, [sp, #72]	; 0x48
10005464:	2b00      	cmp	r3, #0
10005466:	d109      	bne.n	1000547c <_vsnprintf+0x218>
10005468:	2380      	movs	r3, #128	; 0x80
1000546a:	2210      	movs	r2, #16
1000546c:	990b      	ldr	r1, [sp, #44]	; 0x2c
1000546e:	00db      	lsls	r3, r3, #3
10005470:	400b      	ands	r3, r1
10005472:	4391      	bics	r1, r2
10005474:	910b      	str	r1, [sp, #44]	; 0x2c
10005476:	2b00      	cmp	r3, #0
10005478:	d000      	beq.n	1000547c <_vsnprintf+0x218>
1000547a:	e2e4      	b.n	10005a46 <_vsnprintf+0x7e2>
1000547c:	9a0b      	ldr	r2, [sp, #44]	; 0x2c
1000547e:	2361      	movs	r3, #97	; 0x61
10005480:	0692      	lsls	r2, r2, #26
10005482:	d500      	bpl.n	10005486 <_vsnprintf+0x222>
10005484:	2341      	movs	r3, #65	; 0x41
10005486:	a90e      	add	r1, sp, #56	; 0x38
10005488:	221f      	movs	r2, #31
1000548a:	468c      	mov	ip, r1
1000548c:	b2db      	uxtb	r3, r3
1000548e:	4462      	add	r2, ip
10005490:	3b0a      	subs	r3, #10
10005492:	465f      	mov	r7, fp
10005494:	9513      	str	r5, [sp, #76]	; 0x4c
10005496:	46a3      	mov	fp, r4
10005498:	4655      	mov	r5, sl
1000549a:	9c0c      	ldr	r4, [sp, #48]	; 0x30
1000549c:	46b2      	mov	sl, r6
1000549e:	930d      	str	r3, [sp, #52]	; 0x34
100054a0:	0016      	movs	r6, r2
100054a2:	e00a      	b.n	100054ba <_vsnprintf+0x256>
100054a4:	3330      	adds	r3, #48	; 0x30
100054a6:	b2db      	uxtb	r3, r3
100054a8:	3501      	adds	r5, #1
100054aa:	5573      	strb	r3, [r6, r5]
100054ac:	42a7      	cmp	r7, r4
100054ae:	d200      	bcs.n	100054b2 <_vsnprintf+0x24e>
100054b0:	e2ed      	b.n	10005a8e <_vsnprintf+0x82a>
100054b2:	2d20      	cmp	r5, #32
100054b4:	d100      	bne.n	100054b8 <_vsnprintf+0x254>
100054b6:	e2ea      	b.n	10005a8e <_vsnprintf+0x82a>
100054b8:	0007      	movs	r7, r0
100054ba:	0021      	movs	r1, r4
100054bc:	0038      	movs	r0, r7
100054be:	f7fe fa99 	bl	100039f4 <__wrap___aeabi_uidiv>
100054c2:	b2cb      	uxtb	r3, r1
100054c4:	2909      	cmp	r1, #9
100054c6:	d9ed      	bls.n	100054a4 <_vsnprintf+0x240>
100054c8:	9a0d      	ldr	r2, [sp, #52]	; 0x34
100054ca:	4694      	mov	ip, r2
100054cc:	4463      	add	r3, ip
100054ce:	b2db      	uxtb	r3, r3
100054d0:	e7ea      	b.n	100054a8 <_vsnprintf+0x244>
100054d2:	2380      	movs	r3, #128	; 0x80
100054d4:	009b      	lsls	r3, r3, #2
100054d6:	7870      	ldrb	r0, [r6, #1]
100054d8:	4319      	orrs	r1, r3
100054da:	3601      	adds	r6, #1
100054dc:	e72f      	b.n	1000533e <_vsnprintf+0xda>
100054de:	7870      	ldrb	r0, [r6, #1]
100054e0:	2868      	cmp	r0, #104	; 0x68
100054e2:	d100      	bne.n	100054e6 <_vsnprintf+0x282>
100054e4:	e1cd      	b.n	10005882 <_vsnprintf+0x61e>
100054e6:	2380      	movs	r3, #128	; 0x80
100054e8:	3601      	adds	r6, #1
100054ea:	4319      	orrs	r1, r3
100054ec:	e727      	b.n	1000533e <_vsnprintf+0xda>
100054ee:	7870      	ldrb	r0, [r6, #1]
100054f0:	286c      	cmp	r0, #108	; 0x6c
100054f2:	d100      	bne.n	100054f6 <_vsnprintf+0x292>
100054f4:	e1bf      	b.n	10005876 <_vsnprintf+0x612>
100054f6:	2380      	movs	r3, #128	; 0x80
100054f8:	005b      	lsls	r3, r3, #1
100054fa:	4319      	orrs	r1, r3
100054fc:	3601      	adds	r6, #1
100054fe:	e71e      	b.n	1000533e <_vsnprintf+0xda>
10005500:	2846      	cmp	r0, #70	; 0x46
10005502:	d100      	bne.n	10005506 <_vsnprintf+0x2a2>
10005504:	e19b      	b.n	1000583e <_vsnprintf+0x5da>
10005506:	2207      	movs	r2, #7
10005508:	9b09      	ldr	r3, [sp, #36]	; 0x24
1000550a:	9104      	str	r1, [sp, #16]
1000550c:	3307      	adds	r3, #7
1000550e:	4393      	bics	r3, r2
10005510:	9a0a      	ldr	r2, [sp, #40]	; 0x28
10005512:	0019      	movs	r1, r3
10005514:	9203      	str	r2, [sp, #12]
10005516:	4642      	mov	r2, r8
10005518:	9202      	str	r2, [sp, #8]
1000551a:	c90c      	ldmia	r1!, {r2, r3}
1000551c:	9808      	ldr	r0, [sp, #32]
1000551e:	9200      	str	r2, [sp, #0]
10005520:	9301      	str	r3, [sp, #4]
10005522:	9109      	str	r1, [sp, #36]	; 0x24
10005524:	002a      	movs	r2, r5
10005526:	464b      	mov	r3, r9
10005528:	0021      	movs	r1, r4
1000552a:	f7ff fccf 	bl	10004ecc <_ftoa>
1000552e:	3601      	adds	r6, #1
10005530:	0005      	movs	r5, r0
10005532:	e6bc      	b.n	100052ae <_vsnprintf+0x4a>
10005534:	002a      	movs	r2, r5
10005536:	1c6f      	adds	r7, r5, #1
10005538:	464b      	mov	r3, r9
1000553a:	9d08      	ldr	r5, [sp, #32]
1000553c:	0021      	movs	r1, r4
1000553e:	2025      	movs	r0, #37	; 0x25
10005540:	47a8      	blx	r5
10005542:	3601      	adds	r6, #1
10005544:	003d      	movs	r5, r7
10005546:	e6b2      	b.n	100052ae <_vsnprintf+0x4a>
10005548:	078b      	lsls	r3, r1, #30
1000554a:	d400      	bmi.n	1000554e <_vsnprintf+0x2ea>
1000554c:	e1ad      	b.n	100058aa <_vsnprintf+0x646>
1000554e:	9b09      	ldr	r3, [sp, #36]	; 0x24
10005550:	002a      	movs	r2, r5
10005552:	469a      	mov	sl, r3
10005554:	1c6b      	adds	r3, r5, #1
10005556:	4698      	mov	r8, r3
10005558:	4653      	mov	r3, sl
1000555a:	cb01      	ldmia	r3!, {r0}
1000555c:	0021      	movs	r1, r4
1000555e:	469a      	mov	sl, r3
10005560:	9f08      	ldr	r7, [sp, #32]
10005562:	464b      	mov	r3, r9
10005564:	b2c0      	uxtb	r0, r0
10005566:	47b8      	blx	r7
10005568:	9b0a      	ldr	r3, [sp, #40]	; 0x28
1000556a:	469c      	mov	ip, r3
1000556c:	4465      	add	r5, ip
1000556e:	2b01      	cmp	r3, #1
10005570:	d800      	bhi.n	10005574 <_vsnprintf+0x310>
10005572:	e286      	b.n	10005a82 <_vsnprintf+0x81e>
10005574:	9b08      	ldr	r3, [sp, #32]
10005576:	4647      	mov	r7, r8
10005578:	46b0      	mov	r8, r6
1000557a:	0026      	movs	r6, r4
1000557c:	464c      	mov	r4, r9
1000557e:	4699      	mov	r9, r3
10005580:	003a      	movs	r2, r7
10005582:	0023      	movs	r3, r4
10005584:	3701      	adds	r7, #1
10005586:	0031      	movs	r1, r6
10005588:	2020      	movs	r0, #32
1000558a:	47c8      	blx	r9
1000558c:	42af      	cmp	r7, r5
1000558e:	d1f7      	bne.n	10005580 <_vsnprintf+0x31c>
10005590:	46a1      	mov	r9, r4
10005592:	4653      	mov	r3, sl
10005594:	0034      	movs	r4, r6
10005596:	4646      	mov	r6, r8
10005598:	9309      	str	r3, [sp, #36]	; 0x24
1000559a:	3601      	adds	r6, #1
1000559c:	e687      	b.n	100052ae <_vsnprintf+0x4a>
1000559e:	46c0      	nop			; (mov r8, r8)
100055a0:	10005265 	.word	0x10005265
100055a4:	20002e7c 	.word	0x20002e7c
100055a8:	1000aba0 	.word	0x1000aba0
100055ac:	1000abe4 	.word	0x1000abe4
100055b0:	1000ac30 	.word	0x1000ac30
100055b4:	9b09      	ldr	r3, [sp, #36]	; 0x24
100055b6:	cb04      	ldmia	r3!, {r2}
100055b8:	469b      	mov	fp, r3
100055ba:	4643      	mov	r3, r8
100055bc:	9209      	str	r2, [sp, #36]	; 0x24
100055be:	2b00      	cmp	r3, #0
100055c0:	d100      	bne.n	100055c4 <_vsnprintf+0x360>
100055c2:	e0c6      	b.n	10005752 <_vsnprintf+0x4ee>
100055c4:	7813      	ldrb	r3, [r2, #0]
100055c6:	469c      	mov	ip, r3
100055c8:	2b00      	cmp	r3, #0
100055ca:	d100      	bne.n	100055ce <_vsnprintf+0x36a>
100055cc:	e3bd      	b.n	10005d4a <_vsnprintf+0xae6>
100055ce:	4643      	mov	r3, r8
100055d0:	3b01      	subs	r3, #1
100055d2:	9a09      	ldr	r2, [sp, #36]	; 0x24
100055d4:	3301      	adds	r3, #1
100055d6:	18d0      	adds	r0, r2, r3
100055d8:	9f0a      	ldr	r7, [sp, #40]	; 0x28
100055da:	0013      	movs	r3, r2
100055dc:	e001      	b.n	100055e2 <_vsnprintf+0x37e>
100055de:	4283      	cmp	r3, r0
100055e0:	d003      	beq.n	100055ea <_vsnprintf+0x386>
100055e2:	785a      	ldrb	r2, [r3, #1]
100055e4:	3301      	adds	r3, #1
100055e6:	2a00      	cmp	r2, #0
100055e8:	d1f9      	bne.n	100055de <_vsnprintf+0x37a>
100055ea:	9a09      	ldr	r2, [sp, #36]	; 0x24
100055ec:	970a      	str	r7, [sp, #40]	; 0x28
100055ee:	1a9b      	subs	r3, r3, r2
100055f0:	930b      	str	r3, [sp, #44]	; 0x2c
100055f2:	2380      	movs	r3, #128	; 0x80
100055f4:	000a      	movs	r2, r1
100055f6:	00db      	lsls	r3, r3, #3
100055f8:	401a      	ands	r2, r3
100055fa:	920c      	str	r2, [sp, #48]	; 0x30
100055fc:	4219      	tst	r1, r3
100055fe:	d004      	beq.n	1000560a <_vsnprintf+0x3a6>
10005600:	9b0b      	ldr	r3, [sp, #44]	; 0x2c
10005602:	4543      	cmp	r3, r8
10005604:	d901      	bls.n	1000560a <_vsnprintf+0x3a6>
10005606:	4643      	mov	r3, r8
10005608:	930b      	str	r3, [sp, #44]	; 0x2c
1000560a:	2302      	movs	r3, #2
1000560c:	001a      	movs	r2, r3
1000560e:	400a      	ands	r2, r1
10005610:	920d      	str	r2, [sp, #52]	; 0x34
10005612:	420b      	tst	r3, r1
10005614:	d100      	bne.n	10005618 <_vsnprintf+0x3b4>
10005616:	e187      	b.n	10005928 <_vsnprintf+0x6c4>
10005618:	4660      	mov	r0, ip
1000561a:	2800      	cmp	r0, #0
1000561c:	d100      	bne.n	10005620 <_vsnprintf+0x3bc>
1000561e:	e168      	b.n	100058f2 <_vsnprintf+0x68e>
10005620:	9b0c      	ldr	r3, [sp, #48]	; 0x30
10005622:	2b00      	cmp	r3, #0
10005624:	d100      	bne.n	10005628 <_vsnprintf+0x3c4>
10005626:	e10d      	b.n	10005844 <_vsnprintf+0x5e0>
10005628:	44a8      	add	r8, r5
1000562a:	46c2      	mov	sl, r8
1000562c:	9b09      	ldr	r3, [sp, #36]	; 0x24
1000562e:	4657      	mov	r7, sl
10005630:	1b5b      	subs	r3, r3, r5
10005632:	4698      	mov	r8, r3
10005634:	9b08      	ldr	r3, [sp, #32]
10005636:	46b2      	mov	sl, r6
10005638:	002a      	movs	r2, r5
1000563a:	0026      	movs	r6, r4
1000563c:	464c      	mov	r4, r9
1000563e:	4699      	mov	r9, r3
10005640:	e009      	b.n	10005656 <_vsnprintf+0x3f2>
10005642:	0023      	movs	r3, r4
10005644:	0031      	movs	r1, r6
10005646:	1c55      	adds	r5, r2, #1
10005648:	47c8      	blx	r9
1000564a:	4643      	mov	r3, r8
1000564c:	5d58      	ldrb	r0, [r3, r5]
1000564e:	2800      	cmp	r0, #0
10005650:	d100      	bne.n	10005654 <_vsnprintf+0x3f0>
10005652:	e126      	b.n	100058a2 <_vsnprintf+0x63e>
10005654:	002a      	movs	r2, r5
10005656:	4297      	cmp	r7, r2
10005658:	d1f3      	bne.n	10005642 <_vsnprintf+0x3de>
1000565a:	46a1      	mov	r9, r4
1000565c:	003d      	movs	r5, r7
1000565e:	0034      	movs	r4, r6
10005660:	4656      	mov	r6, sl
10005662:	9b0d      	ldr	r3, [sp, #52]	; 0x34
10005664:	2b00      	cmp	r3, #0
10005666:	d000      	beq.n	1000566a <_vsnprintf+0x406>
10005668:	e143      	b.n	100058f2 <_vsnprintf+0x68e>
1000566a:	465b      	mov	r3, fp
1000566c:	3601      	adds	r6, #1
1000566e:	9309      	str	r3, [sp, #36]	; 0x24
10005670:	e61d      	b.n	100052ae <_vsnprintf+0x4a>
10005672:	9b09      	ldr	r3, [sp, #36]	; 0x24
10005674:	001a      	movs	r2, r3
10005676:	ca08      	ldmia	r2!, {r3}
10005678:	4692      	mov	sl, r2
1000567a:	2b00      	cmp	r3, #0
1000567c:	d048      	beq.n	10005710 <_vsnprintf+0x4ac>
1000567e:	2221      	movs	r2, #33	; 0x21
10005680:	4311      	orrs	r1, r2
10005682:	468b      	mov	fp, r1
10005684:	a80e      	add	r0, sp, #56	; 0x38
10005686:	4684      	mov	ip, r0
10005688:	211f      	movs	r1, #31
1000568a:	4461      	add	r1, ip
1000568c:	9509      	str	r5, [sp, #36]	; 0x24
1000568e:	2200      	movs	r2, #0
10005690:	270f      	movs	r7, #15
10005692:	46a4      	mov	ip, r4
10005694:	000d      	movs	r5, r1
10005696:	e002      	b.n	1000569e <_vsnprintf+0x43a>
10005698:	2a20      	cmp	r2, #32
1000569a:	d00c      	beq.n	100056b6 <_vsnprintf+0x452>
1000569c:	000b      	movs	r3, r1
1000569e:	003c      	movs	r4, r7
100056a0:	401c      	ands	r4, r3
100056a2:	0020      	movs	r0, r4
100056a4:	3037      	adds	r0, #55	; 0x37
100056a6:	2c09      	cmp	r4, #9
100056a8:	d800      	bhi.n	100056ac <_vsnprintf+0x448>
100056aa:	3807      	subs	r0, #7
100056ac:	3201      	adds	r2, #1
100056ae:	54a8      	strb	r0, [r5, r2]
100056b0:	0919      	lsrs	r1, r3, #4
100056b2:	2b0f      	cmp	r3, #15
100056b4:	d8f0      	bhi.n	10005698 <_vsnprintf+0x434>
100056b6:	4664      	mov	r4, ip
100056b8:	9d09      	ldr	r5, [sp, #36]	; 0x24
100056ba:	e032      	b.n	10005722 <_vsnprintf+0x4be>
100056bc:	4bdc      	ldr	r3, [pc, #880]	; (10005a30 <_vsnprintf+0x7cc>)
100056be:	7820      	ldrb	r0, [r4, #0]
100056c0:	9308      	str	r3, [sp, #32]
100056c2:	2300      	movs	r3, #0
100056c4:	469a      	mov	sl, r3
100056c6:	2800      	cmp	r0, #0
100056c8:	d000      	beq.n	100056cc <_vsnprintf+0x468>
100056ca:	e5e4      	b.n	10005296 <_vsnprintf+0x32>
100056cc:	2400      	movs	r4, #0
100056ce:	e665      	b.n	1000539c <_vsnprintf+0x138>
100056d0:	4643      	mov	r3, r8
100056d2:	0006      	movs	r6, r0
100056d4:	9f0a      	ldr	r7, [sp, #40]	; 0x28
100056d6:	0098      	lsls	r0, r3, #2
100056d8:	18c0      	adds	r0, r0, r3
100056da:	3201      	adds	r2, #1
100056dc:	0040      	lsls	r0, r0, #1
100056de:	1980      	adds	r0, r0, r6
100056e0:	7816      	ldrb	r6, [r2, #0]
100056e2:	0003      	movs	r3, r0
100056e4:	0030      	movs	r0, r6
100056e6:	3830      	subs	r0, #48	; 0x30
100056e8:	3b30      	subs	r3, #48	; 0x30
100056ea:	2809      	cmp	r0, #9
100056ec:	d9f3      	bls.n	100056d6 <_vsnprintf+0x472>
100056ee:	0030      	movs	r0, r6
100056f0:	4698      	mov	r8, r3
100056f2:	0016      	movs	r6, r2
100056f4:	970a      	str	r7, [sp, #40]	; 0x28
100056f6:	e600      	b.n	100052fa <_vsnprintf+0x96>
100056f8:	9b09      	ldr	r3, [sp, #36]	; 0x24
100056fa:	3602      	adds	r6, #2
100056fc:	cb04      	ldmia	r3!, {r2}
100056fe:	4690      	mov	r8, r2
10005700:	43d2      	mvns	r2, r2
10005702:	4640      	mov	r0, r8
10005704:	17d2      	asrs	r2, r2, #31
10005706:	4010      	ands	r0, r2
10005708:	4680      	mov	r8, r0
1000570a:	9309      	str	r3, [sp, #36]	; 0x24
1000570c:	7830      	ldrb	r0, [r6, #0]
1000570e:	e5f4      	b.n	100052fa <_vsnprintf+0x96>
10005710:	2210      	movs	r2, #16
10005712:	0008      	movs	r0, r1
10005714:	4390      	bics	r0, r2
10005716:	3211      	adds	r2, #17
10005718:	4310      	orrs	r0, r2
1000571a:	4683      	mov	fp, r0
1000571c:	2200      	movs	r2, #0
1000571e:	0549      	lsls	r1, r1, #21
10005720:	d5b0      	bpl.n	10005684 <_vsnprintf+0x420>
10005722:	465b      	mov	r3, fp
10005724:	9306      	str	r3, [sp, #24]
10005726:	2308      	movs	r3, #8
10005728:	9305      	str	r3, [sp, #20]
1000572a:	4643      	mov	r3, r8
1000572c:	9304      	str	r3, [sp, #16]
1000572e:	2310      	movs	r3, #16
10005730:	9303      	str	r3, [sp, #12]
10005732:	2300      	movs	r3, #0
10005734:	9302      	str	r3, [sp, #8]
10005736:	ab16      	add	r3, sp, #88	; 0x58
10005738:	9201      	str	r2, [sp, #4]
1000573a:	9300      	str	r3, [sp, #0]
1000573c:	002a      	movs	r2, r5
1000573e:	464b      	mov	r3, r9
10005740:	0021      	movs	r1, r4
10005742:	9808      	ldr	r0, [sp, #32]
10005744:	f7ff f8a6 	bl	10004894 <_ntoa_format>
10005748:	4653      	mov	r3, sl
1000574a:	0005      	movs	r5, r0
1000574c:	3601      	adds	r6, #1
1000574e:	9309      	str	r3, [sp, #36]	; 0x24
10005750:	e5ad      	b.n	100052ae <_vsnprintf+0x4a>
10005752:	7813      	ldrb	r3, [r2, #0]
10005754:	469c      	mov	ip, r3
10005756:	2b00      	cmp	r3, #0
10005758:	d100      	bne.n	1000575c <_vsnprintf+0x4f8>
1000575a:	e2f7      	b.n	10005d4c <_vsnprintf+0xae8>
1000575c:	2302      	movs	r3, #2
1000575e:	425b      	negs	r3, r3
10005760:	e737      	b.n	100055d2 <_vsnprintf+0x36e>
10005762:	2320      	movs	r3, #32
10005764:	0002      	movs	r2, r0
10005766:	439a      	bics	r2, r3
10005768:	2a47      	cmp	r2, #71	; 0x47
1000576a:	d104      	bne.n	10005776 <_vsnprintf+0x512>
1000576c:	2380      	movs	r3, #128	; 0x80
1000576e:	011b      	lsls	r3, r3, #4
10005770:	4319      	orrs	r1, r3
10005772:	2302      	movs	r3, #2
10005774:	4398      	bics	r0, r3
10005776:	2845      	cmp	r0, #69	; 0x45
10005778:	d101      	bne.n	1000577e <_vsnprintf+0x51a>
1000577a:	2320      	movs	r3, #32
1000577c:	4319      	orrs	r1, r3
1000577e:	2207      	movs	r2, #7
10005780:	9b09      	ldr	r3, [sp, #36]	; 0x24
10005782:	9104      	str	r1, [sp, #16]
10005784:	3307      	adds	r3, #7
10005786:	4393      	bics	r3, r2
10005788:	9a0a      	ldr	r2, [sp, #40]	; 0x28
1000578a:	0019      	movs	r1, r3
1000578c:	9203      	str	r2, [sp, #12]
1000578e:	4642      	mov	r2, r8
10005790:	9202      	str	r2, [sp, #8]
10005792:	c90c      	ldmia	r1!, {r2, r3}
10005794:	9808      	ldr	r0, [sp, #32]
10005796:	9200      	str	r2, [sp, #0]
10005798:	9301      	str	r3, [sp, #4]
1000579a:	9109      	str	r1, [sp, #36]	; 0x24
1000579c:	002a      	movs	r2, r5
1000579e:	464b      	mov	r3, r9
100057a0:	0021      	movs	r1, r4
100057a2:	f7ff f96d 	bl	10004a80 <_etoa>
100057a6:	3601      	adds	r6, #1
100057a8:	0005      	movs	r5, r0
100057aa:	e580      	b.n	100052ae <_vsnprintf+0x4a>
100057ac:	2310      	movs	r3, #16
100057ae:	930c      	str	r3, [sp, #48]	; 0x30
100057b0:	230c      	movs	r3, #12
100057b2:	000a      	movs	r2, r1
100057b4:	439a      	bics	r2, r3
100057b6:	920b      	str	r2, [sp, #44]	; 0x2c
100057b8:	054b      	lsls	r3, r1, #21
100057ba:	d503      	bpl.n	100057c4 <_vsnprintf+0x560>
100057bc:	2301      	movs	r3, #1
100057be:	9a0b      	ldr	r2, [sp, #44]	; 0x2c
100057c0:	439a      	bics	r2, r3
100057c2:	920b      	str	r2, [sp, #44]	; 0x2c
100057c4:	2869      	cmp	r0, #105	; 0x69
100057c6:	d100      	bne.n	100057ca <_vsnprintf+0x566>
100057c8:	e627      	b.n	1000541a <_vsnprintf+0x1b6>
100057ca:	2864      	cmp	r0, #100	; 0x64
100057cc:	d100      	bne.n	100057d0 <_vsnprintf+0x56c>
100057ce:	e624      	b.n	1000541a <_vsnprintf+0x1b6>
100057d0:	9a0b      	ldr	r2, [sp, #44]	; 0x2c
100057d2:	2380      	movs	r3, #128	; 0x80
100057d4:	0011      	movs	r1, r2
100057d6:	009b      	lsls	r3, r3, #2
100057d8:	4019      	ands	r1, r3
100057da:	468b      	mov	fp, r1
100057dc:	421a      	tst	r2, r3
100057de:	d000      	beq.n	100057e2 <_vsnprintf+0x57e>
100057e0:	e166      	b.n	10005ab0 <_vsnprintf+0x84c>
100057e2:	2380      	movs	r3, #128	; 0x80
100057e4:	0011      	movs	r1, r2
100057e6:	005b      	lsls	r3, r3, #1
100057e8:	4019      	ands	r1, r3
100057ea:	468a      	mov	sl, r1
100057ec:	421a      	tst	r2, r3
100057ee:	d000      	beq.n	100057f2 <_vsnprintf+0x58e>
100057f0:	e239      	b.n	10005c66 <_vsnprintf+0xa02>
100057f2:	0013      	movs	r3, r2
100057f4:	065b      	lsls	r3, r3, #25
100057f6:	d500      	bpl.n	100057fa <_vsnprintf+0x596>
100057f8:	e13c      	b.n	10005a74 <_vsnprintf+0x810>
100057fa:	0013      	movs	r3, r2
100057fc:	061b      	lsls	r3, r3, #24
100057fe:	d400      	bmi.n	10005802 <_vsnprintf+0x59e>
10005800:	e2a6      	b.n	10005d50 <_vsnprintf+0xaec>
10005802:	9b09      	ldr	r3, [sp, #36]	; 0x24
10005804:	cb04      	ldmia	r3!, {r2}
10005806:	0412      	lsls	r2, r2, #16
10005808:	0c12      	lsrs	r2, r2, #16
1000580a:	4693      	mov	fp, r2
1000580c:	9309      	str	r3, [sp, #36]	; 0x24
1000580e:	465b      	mov	r3, fp
10005810:	2b00      	cmp	r3, #0
10005812:	d000      	beq.n	10005816 <_vsnprintf+0x5b2>
10005814:	e19a      	b.n	10005b4c <_vsnprintf+0x8e8>
10005816:	9a0b      	ldr	r2, [sp, #44]	; 0x2c
10005818:	3310      	adds	r3, #16
1000581a:	0011      	movs	r1, r2
1000581c:	4399      	bics	r1, r3
1000581e:	910b      	str	r1, [sp, #44]	; 0x2c
10005820:	0552      	lsls	r2, r2, #21
10005822:	d400      	bmi.n	10005826 <_vsnprintf+0x5c2>
10005824:	e192      	b.n	10005b4c <_vsnprintf+0x8e8>
10005826:	2300      	movs	r3, #0
10005828:	469a      	mov	sl, r3
1000582a:	9b0b      	ldr	r3, [sp, #44]	; 0x2c
1000582c:	9306      	str	r3, [sp, #24]
1000582e:	9b0a      	ldr	r3, [sp, #40]	; 0x28
10005830:	9305      	str	r3, [sp, #20]
10005832:	4643      	mov	r3, r8
10005834:	9304      	str	r3, [sp, #16]
10005836:	9b0c      	ldr	r3, [sp, #48]	; 0x30
10005838:	9303      	str	r3, [sp, #12]
1000583a:	2300      	movs	r3, #0
1000583c:	e10c      	b.n	10005a58 <_vsnprintf+0x7f4>
1000583e:	2320      	movs	r3, #32
10005840:	4319      	orrs	r1, r3
10005842:	e660      	b.n	10005506 <_vsnprintf+0x2a2>
10005844:	9b09      	ldr	r3, [sp, #36]	; 0x24
10005846:	9a0a      	ldr	r2, [sp, #40]	; 0x28
10005848:	1b5b      	subs	r3, r3, r5
1000584a:	4698      	mov	r8, r3
1000584c:	464b      	mov	r3, r9
1000584e:	4691      	mov	r9, r2
10005850:	001f      	movs	r7, r3
10005852:	46b2      	mov	sl, r6
10005854:	0026      	movs	r6, r4
10005856:	9c08      	ldr	r4, [sp, #32]
10005858:	002a      	movs	r2, r5
1000585a:	003b      	movs	r3, r7
1000585c:	0031      	movs	r1, r6
1000585e:	47a0      	blx	r4
10005860:	4643      	mov	r3, r8
10005862:	3501      	adds	r5, #1
10005864:	5d58      	ldrb	r0, [r3, r5]
10005866:	2800      	cmp	r0, #0
10005868:	d1f6      	bne.n	10005858 <_vsnprintf+0x5f4>
1000586a:	464a      	mov	r2, r9
1000586c:	0034      	movs	r4, r6
1000586e:	46b9      	mov	r9, r7
10005870:	4656      	mov	r6, sl
10005872:	920a      	str	r2, [sp, #40]	; 0x28
10005874:	e6f5      	b.n	10005662 <_vsnprintf+0x3fe>
10005876:	23c0      	movs	r3, #192	; 0xc0
10005878:	009b      	lsls	r3, r3, #2
1000587a:	78b0      	ldrb	r0, [r6, #2]
1000587c:	4319      	orrs	r1, r3
1000587e:	3602      	adds	r6, #2
10005880:	e55d      	b.n	1000533e <_vsnprintf+0xda>
10005882:	23c0      	movs	r3, #192	; 0xc0
10005884:	78b0      	ldrb	r0, [r6, #2]
10005886:	4319      	orrs	r1, r3
10005888:	3602      	adds	r6, #2
1000588a:	e558      	b.n	1000533e <_vsnprintf+0xda>
1000588c:	230c      	movs	r3, #12
1000588e:	000a      	movs	r2, r1
10005890:	439a      	bics	r2, r3
10005892:	3314      	adds	r3, #20
10005894:	431a      	orrs	r2, r3
10005896:	3b10      	subs	r3, #16
10005898:	920b      	str	r2, [sp, #44]	; 0x2c
1000589a:	930c      	str	r3, [sp, #48]	; 0x30
1000589c:	054b      	lsls	r3, r1, #21
1000589e:	d48d      	bmi.n	100057bc <_vsnprintf+0x558>
100058a0:	e796      	b.n	100057d0 <_vsnprintf+0x56c>
100058a2:	46a1      	mov	r9, r4
100058a4:	0034      	movs	r4, r6
100058a6:	4656      	mov	r6, sl
100058a8:	e6db      	b.n	10005662 <_vsnprintf+0x3fe>
100058aa:	9a0a      	ldr	r2, [sp, #40]	; 0x28
100058ac:	2a01      	cmp	r2, #1
100058ae:	d800      	bhi.n	100058b2 <_vsnprintf+0x64e>
100058b0:	e253      	b.n	10005d5a <_vsnprintf+0xaf6>
100058b2:	1e6b      	subs	r3, r5, #1
100058b4:	189f      	adds	r7, r3, r2
100058b6:	9b08      	ldr	r3, [sp, #32]
100058b8:	46b0      	mov	r8, r6
100058ba:	0026      	movs	r6, r4
100058bc:	464c      	mov	r4, r9
100058be:	4699      	mov	r9, r3
100058c0:	002a      	movs	r2, r5
100058c2:	0023      	movs	r3, r4
100058c4:	3501      	adds	r5, #1
100058c6:	0031      	movs	r1, r6
100058c8:	2020      	movs	r0, #32
100058ca:	47c8      	blx	r9
100058cc:	42bd      	cmp	r5, r7
100058ce:	d1f7      	bne.n	100058c0 <_vsnprintf+0x65c>
100058d0:	46a1      	mov	r9, r4
100058d2:	0034      	movs	r4, r6
100058d4:	4646      	mov	r6, r8
100058d6:	9b09      	ldr	r3, [sp, #36]	; 0x24
100058d8:	003a      	movs	r2, r7
100058da:	cb01      	ldmia	r3!, {r0}
100058dc:	0021      	movs	r1, r4
100058de:	4698      	mov	r8, r3
100058e0:	1c7d      	adds	r5, r7, #1
100058e2:	464b      	mov	r3, r9
100058e4:	9f08      	ldr	r7, [sp, #32]
100058e6:	b2c0      	uxtb	r0, r0
100058e8:	47b8      	blx	r7
100058ea:	4643      	mov	r3, r8
100058ec:	3601      	adds	r6, #1
100058ee:	9309      	str	r3, [sp, #36]	; 0x24
100058f0:	e4dd      	b.n	100052ae <_vsnprintf+0x4a>
100058f2:	9b0b      	ldr	r3, [sp, #44]	; 0x2c
100058f4:	9a0a      	ldr	r2, [sp, #40]	; 0x28
100058f6:	46a8      	mov	r8, r5
100058f8:	429a      	cmp	r2, r3
100058fa:	d800      	bhi.n	100058fe <_vsnprintf+0x69a>
100058fc:	e6b5      	b.n	1000566a <_vsnprintf+0x406>
100058fe:	4694      	mov	ip, r2
10005900:	4465      	add	r5, ip
10005902:	1aed      	subs	r5, r5, r3
10005904:	9b08      	ldr	r3, [sp, #32]
10005906:	4647      	mov	r7, r8
10005908:	46b0      	mov	r8, r6
1000590a:	0026      	movs	r6, r4
1000590c:	464c      	mov	r4, r9
1000590e:	4699      	mov	r9, r3
10005910:	003a      	movs	r2, r7
10005912:	0023      	movs	r3, r4
10005914:	3701      	adds	r7, #1
10005916:	0031      	movs	r1, r6
10005918:	2020      	movs	r0, #32
1000591a:	47c8      	blx	r9
1000591c:	42af      	cmp	r7, r5
1000591e:	d1f7      	bne.n	10005910 <_vsnprintf+0x6ac>
10005920:	46a1      	mov	r9, r4
10005922:	0034      	movs	r4, r6
10005924:	4646      	mov	r6, r8
10005926:	e6a0      	b.n	1000566a <_vsnprintf+0x406>
10005928:	9a0b      	ldr	r2, [sp, #44]	; 0x2c
1000592a:	990a      	ldr	r1, [sp, #40]	; 0x28
1000592c:	1c53      	adds	r3, r2, #1
1000592e:	4291      	cmp	r1, r2
10005930:	d800      	bhi.n	10005934 <_vsnprintf+0x6d0>
10005932:	e214      	b.n	10005d5e <_vsnprintf+0xafa>
10005934:	194b      	adds	r3, r1, r5
10005936:	1a9b      	subs	r3, r3, r2
10005938:	001f      	movs	r7, r3
1000593a:	9b08      	ldr	r3, [sp, #32]
1000593c:	46b2      	mov	sl, r6
1000593e:	0026      	movs	r6, r4
10005940:	464c      	mov	r4, r9
10005942:	4699      	mov	r9, r3
10005944:	002a      	movs	r2, r5
10005946:	0023      	movs	r3, r4
10005948:	3501      	adds	r5, #1
1000594a:	0031      	movs	r1, r6
1000594c:	2020      	movs	r0, #32
1000594e:	47c8      	blx	r9
10005950:	42bd      	cmp	r5, r7
10005952:	d1f7      	bne.n	10005944 <_vsnprintf+0x6e0>
10005954:	9b0a      	ldr	r3, [sp, #40]	; 0x28
10005956:	46a1      	mov	r9, r4
10005958:	3301      	adds	r3, #1
1000595a:	930b      	str	r3, [sp, #44]	; 0x2c
1000595c:	9b09      	ldr	r3, [sp, #36]	; 0x24
1000595e:	0034      	movs	r4, r6
10005960:	781b      	ldrb	r3, [r3, #0]
10005962:	4656      	mov	r6, sl
10005964:	469c      	mov	ip, r3
10005966:	4660      	mov	r0, ip
10005968:	2800      	cmp	r0, #0
1000596a:	d000      	beq.n	1000596e <_vsnprintf+0x70a>
1000596c:	e658      	b.n	10005620 <_vsnprintf+0x3bc>
1000596e:	e67c      	b.n	1000566a <_vsnprintf+0x406>
10005970:	2207      	movs	r2, #7
10005972:	9b09      	ldr	r3, [sp, #36]	; 0x24
10005974:	3307      	adds	r3, #7
10005976:	4393      	bics	r3, r2
10005978:	3201      	adds	r2, #1
1000597a:	4694      	mov	ip, r2
1000597c:	449c      	add	ip, r3
1000597e:	4662      	mov	r2, ip
10005980:	685f      	ldr	r7, [r3, #4]
10005982:	9209      	str	r2, [sp, #36]	; 0x24
10005984:	681a      	ldr	r2, [r3, #0]
10005986:	17fb      	asrs	r3, r7, #31
10005988:	9310      	str	r3, [sp, #64]	; 0x40
1000598a:	9311      	str	r3, [sp, #68]	; 0x44
1000598c:	9810      	ldr	r0, [sp, #64]	; 0x40
1000598e:	9911      	ldr	r1, [sp, #68]	; 0x44
10005990:	0003      	movs	r3, r0
10005992:	4053      	eors	r3, r2
10005994:	930e      	str	r3, [sp, #56]	; 0x38
10005996:	000b      	movs	r3, r1
10005998:	407b      	eors	r3, r7
1000599a:	930f      	str	r3, [sp, #60]	; 0x3c
1000599c:	4694      	mov	ip, r2
1000599e:	9a0e      	ldr	r2, [sp, #56]	; 0x38
100059a0:	9b0f      	ldr	r3, [sp, #60]	; 0x3c
100059a2:	1a12      	subs	r2, r2, r0
100059a4:	418b      	sbcs	r3, r1
100059a6:	920e      	str	r2, [sp, #56]	; 0x38
100059a8:	930f      	str	r3, [sp, #60]	; 0x3c
100059aa:	0ffb      	lsrs	r3, r7, #31
100059ac:	4662      	mov	r2, ip
100059ae:	9312      	str	r3, [sp, #72]	; 0x48
100059b0:	2300      	movs	r3, #0
100059b2:	433a      	orrs	r2, r7
100059b4:	469b      	mov	fp, r3
100059b6:	d03d      	beq.n	10005a34 <_vsnprintf+0x7d0>
100059b8:	9a0b      	ldr	r2, [sp, #44]	; 0x2c
100059ba:	2361      	movs	r3, #97	; 0x61
100059bc:	0692      	lsls	r2, r2, #26
100059be:	d500      	bpl.n	100059c2 <_vsnprintf+0x75e>
100059c0:	2341      	movs	r3, #65	; 0x41
100059c2:	2200      	movs	r2, #0
100059c4:	b2db      	uxtb	r3, r3
100059c6:	a90e      	add	r1, sp, #56	; 0x38
100059c8:	3b0a      	subs	r3, #10
100059ca:	468c      	mov	ip, r1
100059cc:	4692      	mov	sl, r2
100059ce:	930d      	str	r3, [sp, #52]	; 0x34
100059d0:	4643      	mov	r3, r8
100059d2:	321f      	adds	r2, #31
100059d4:	4462      	add	r2, ip
100059d6:	9513      	str	r5, [sp, #76]	; 0x4c
100059d8:	9615      	str	r6, [sp, #84]	; 0x54
100059da:	4655      	mov	r5, sl
100059dc:	9e0e      	ldr	r6, [sp, #56]	; 0x38
100059de:	9f0f      	ldr	r7, [sp, #60]	; 0x3c
100059e0:	46a2      	mov	sl, r4
100059e2:	4690      	mov	r8, r2
100059e4:	9c0c      	ldr	r4, [sp, #48]	; 0x30
100059e6:	9314      	str	r3, [sp, #80]	; 0x50
100059e8:	e00c      	b.n	10005a04 <_vsnprintf+0x7a0>
100059ea:	3230      	adds	r2, #48	; 0x30
100059ec:	b2d2      	uxtb	r2, r2
100059ee:	4643      	mov	r3, r8
100059f0:	3501      	adds	r5, #1
100059f2:	555a      	strb	r2, [r3, r5]
100059f4:	45bb      	cmp	fp, r7
100059f6:	d100      	bne.n	100059fa <_vsnprintf+0x796>
100059f8:	e18a      	b.n	10005d10 <_vsnprintf+0xaac>
100059fa:	2d20      	cmp	r5, #32
100059fc:	d100      	bne.n	10005a00 <_vsnprintf+0x79c>
100059fe:	e18a      	b.n	10005d16 <_vsnprintf+0xab2>
10005a00:	0006      	movs	r6, r0
10005a02:	000f      	movs	r7, r1
10005a04:	0022      	movs	r2, r4
10005a06:	2300      	movs	r3, #0
10005a08:	0030      	movs	r0, r6
10005a0a:	0039      	movs	r1, r7
10005a0c:	f7fe f830 	bl	10003a70 <__wrap___aeabi_uldivmod>
10005a10:	b2d2      	uxtb	r2, r2
10005a12:	2a09      	cmp	r2, #9
10005a14:	d9e9      	bls.n	100059ea <_vsnprintf+0x786>
10005a16:	9b0d      	ldr	r3, [sp, #52]	; 0x34
10005a18:	469c      	mov	ip, r3
10005a1a:	4462      	add	r2, ip
10005a1c:	b2d2      	uxtb	r2, r2
10005a1e:	e7e6      	b.n	100059ee <_vsnprintf+0x78a>
10005a20:	23ff      	movs	r3, #255	; 0xff
10005a22:	9909      	ldr	r1, [sp, #36]	; 0x24
10005a24:	c904      	ldmia	r1!, {r2}
10005a26:	4013      	ands	r3, r2
10005a28:	001a      	movs	r2, r3
10005a2a:	9109      	str	r1, [sp, #36]	; 0x24
10005a2c:	e517      	b.n	1000545e <_vsnprintf+0x1fa>
10005a2e:	46c0      	nop			; (mov r8, r8)
10005a30:	100047f5 	.word	0x100047f5
10005a34:	9a0b      	ldr	r2, [sp, #44]	; 0x2c
10005a36:	3310      	adds	r3, #16
10005a38:	0011      	movs	r1, r2
10005a3a:	4399      	bics	r1, r3
10005a3c:	910b      	str	r1, [sp, #44]	; 0x2c
10005a3e:	0552      	lsls	r2, r2, #21
10005a40:	d5ba      	bpl.n	100059b8 <_vsnprintf+0x754>
10005a42:	2300      	movs	r3, #0
10005a44:	469a      	mov	sl, r3
10005a46:	9b0b      	ldr	r3, [sp, #44]	; 0x2c
10005a48:	9306      	str	r3, [sp, #24]
10005a4a:	9b0a      	ldr	r3, [sp, #40]	; 0x28
10005a4c:	9305      	str	r3, [sp, #20]
10005a4e:	4643      	mov	r3, r8
10005a50:	9304      	str	r3, [sp, #16]
10005a52:	9b0c      	ldr	r3, [sp, #48]	; 0x30
10005a54:	9303      	str	r3, [sp, #12]
10005a56:	9b12      	ldr	r3, [sp, #72]	; 0x48
10005a58:	9302      	str	r3, [sp, #8]
10005a5a:	4653      	mov	r3, sl
10005a5c:	9301      	str	r3, [sp, #4]
10005a5e:	ab16      	add	r3, sp, #88	; 0x58
10005a60:	002a      	movs	r2, r5
10005a62:	9300      	str	r3, [sp, #0]
10005a64:	0021      	movs	r1, r4
10005a66:	464b      	mov	r3, r9
10005a68:	9808      	ldr	r0, [sp, #32]
10005a6a:	f7fe ff13 	bl	10004894 <_ntoa_format>
10005a6e:	3601      	adds	r6, #1
10005a70:	0005      	movs	r5, r0
10005a72:	e41c      	b.n	100052ae <_vsnprintf+0x4a>
10005a74:	22ff      	movs	r2, #255	; 0xff
10005a76:	9b09      	ldr	r3, [sp, #36]	; 0x24
10005a78:	cb02      	ldmia	r3!, {r1}
10005a7a:	4011      	ands	r1, r2
10005a7c:	468b      	mov	fp, r1
10005a7e:	9309      	str	r3, [sp, #36]	; 0x24
10005a80:	e6c5      	b.n	1000580e <_vsnprintf+0x5aa>
10005a82:	4653      	mov	r3, sl
10005a84:	4645      	mov	r5, r8
10005a86:	9309      	str	r3, [sp, #36]	; 0x24
10005a88:	3601      	adds	r6, #1
10005a8a:	f7ff fc10 	bl	100052ae <_vsnprintf+0x4a>
10005a8e:	4656      	mov	r6, sl
10005a90:	465c      	mov	r4, fp
10005a92:	46aa      	mov	sl, r5
10005a94:	9d13      	ldr	r5, [sp, #76]	; 0x4c
10005a96:	e7d6      	b.n	10005a46 <_vsnprintf+0x7e2>
10005a98:	2308      	movs	r3, #8
10005a9a:	930c      	str	r3, [sp, #48]	; 0x30
10005a9c:	910b      	str	r1, [sp, #44]	; 0x2c
10005a9e:	990b      	ldr	r1, [sp, #44]	; 0x2c
10005aa0:	2864      	cmp	r0, #100	; 0x64
10005aa2:	d000      	beq.n	10005aa6 <_vsnprintf+0x842>
10005aa4:	e684      	b.n	100057b0 <_vsnprintf+0x54c>
10005aa6:	9b0b      	ldr	r3, [sp, #44]	; 0x2c
10005aa8:	055b      	lsls	r3, r3, #21
10005aaa:	d500      	bpl.n	10005aae <_vsnprintf+0x84a>
10005aac:	e686      	b.n	100057bc <_vsnprintf+0x558>
10005aae:	e4b4      	b.n	1000541a <_vsnprintf+0x1b6>
10005ab0:	2207      	movs	r2, #7
10005ab2:	9b09      	ldr	r3, [sp, #36]	; 0x24
10005ab4:	3307      	adds	r3, #7
10005ab6:	4393      	bics	r3, r2
10005ab8:	3201      	adds	r2, #1
10005aba:	4694      	mov	ip, r2
10005abc:	449c      	add	ip, r3
10005abe:	4662      	mov	r2, ip
10005ac0:	9209      	str	r2, [sp, #36]	; 0x24
10005ac2:	681a      	ldr	r2, [r3, #0]
10005ac4:	685b      	ldr	r3, [r3, #4]
10005ac6:	0010      	movs	r0, r2
10005ac8:	469b      	mov	fp, r3
10005aca:	0013      	movs	r3, r2
10005acc:	465a      	mov	r2, fp
10005ace:	4313      	orrs	r3, r2
10005ad0:	d107      	bne.n	10005ae2 <_vsnprintf+0x87e>
10005ad2:	9a0b      	ldr	r2, [sp, #44]	; 0x2c
10005ad4:	3310      	adds	r3, #16
10005ad6:	0011      	movs	r1, r2
10005ad8:	4399      	bics	r1, r3
10005ada:	910b      	str	r1, [sp, #44]	; 0x2c
10005adc:	0552      	lsls	r2, r2, #21
10005ade:	d500      	bpl.n	10005ae2 <_vsnprintf+0x87e>
10005ae0:	e6a1      	b.n	10005826 <_vsnprintf+0x5c2>
10005ae2:	9a0b      	ldr	r2, [sp, #44]	; 0x2c
10005ae4:	2361      	movs	r3, #97	; 0x61
10005ae6:	0692      	lsls	r2, r2, #26
10005ae8:	d500      	bpl.n	10005aec <_vsnprintf+0x888>
10005aea:	2341      	movs	r3, #65	; 0x41
10005aec:	2200      	movs	r2, #0
10005aee:	b2db      	uxtb	r3, r3
10005af0:	a90e      	add	r1, sp, #56	; 0x38
10005af2:	3b0a      	subs	r3, #10
10005af4:	468c      	mov	ip, r1
10005af6:	4692      	mov	sl, r2
10005af8:	930d      	str	r3, [sp, #52]	; 0x34
10005afa:	4643      	mov	r3, r8
10005afc:	321f      	adds	r2, #31
10005afe:	4462      	add	r2, ip
10005b00:	465f      	mov	r7, fp
10005b02:	9512      	str	r5, [sp, #72]	; 0x48
10005b04:	46a3      	mov	fp, r4
10005b06:	4655      	mov	r5, sl
10005b08:	0004      	movs	r4, r0
10005b0a:	46b2      	mov	sl, r6
10005b0c:	4690      	mov	r8, r2
10005b0e:	9e0c      	ldr	r6, [sp, #48]	; 0x30
10005b10:	9313      	str	r3, [sp, #76]	; 0x4c
10005b12:	e00d      	b.n	10005b30 <_vsnprintf+0x8cc>
10005b14:	3230      	adds	r2, #48	; 0x30
10005b16:	b2d2      	uxtb	r2, r2
10005b18:	4643      	mov	r3, r8
10005b1a:	3501      	adds	r5, #1
10005b1c:	555a      	strb	r2, [r3, r5]
10005b1e:	2300      	movs	r3, #0
10005b20:	42bb      	cmp	r3, r7
10005b22:	d100      	bne.n	10005b26 <_vsnprintf+0x8c2>
10005b24:	e100      	b.n	10005d28 <_vsnprintf+0xac4>
10005b26:	2d20      	cmp	r5, #32
10005b28:	d100      	bne.n	10005b2c <_vsnprintf+0x8c8>
10005b2a:	e100      	b.n	10005d2e <_vsnprintf+0xaca>
10005b2c:	0004      	movs	r4, r0
10005b2e:	000f      	movs	r7, r1
10005b30:	0032      	movs	r2, r6
10005b32:	2300      	movs	r3, #0
10005b34:	0020      	movs	r0, r4
10005b36:	0039      	movs	r1, r7
10005b38:	f7fd ff9a 	bl	10003a70 <__wrap___aeabi_uldivmod>
10005b3c:	b2d2      	uxtb	r2, r2
10005b3e:	2a09      	cmp	r2, #9
10005b40:	d9e8      	bls.n	10005b14 <_vsnprintf+0x8b0>
10005b42:	9b0d      	ldr	r3, [sp, #52]	; 0x34
10005b44:	469c      	mov	ip, r3
10005b46:	4462      	add	r2, ip
10005b48:	b2d2      	uxtb	r2, r2
10005b4a:	e7e5      	b.n	10005b18 <_vsnprintf+0x8b4>
10005b4c:	9a0b      	ldr	r2, [sp, #44]	; 0x2c
10005b4e:	2361      	movs	r3, #97	; 0x61
10005b50:	0692      	lsls	r2, r2, #26
10005b52:	d500      	bpl.n	10005b56 <_vsnprintf+0x8f2>
10005b54:	2341      	movs	r3, #65	; 0x41
10005b56:	b2db      	uxtb	r3, r3
10005b58:	a90e      	add	r1, sp, #56	; 0x38
10005b5a:	3b0a      	subs	r3, #10
10005b5c:	221f      	movs	r2, #31
10005b5e:	468c      	mov	ip, r1
10005b60:	930d      	str	r3, [sp, #52]	; 0x34
10005b62:	0023      	movs	r3, r4
10005b64:	4462      	add	r2, ip
10005b66:	465c      	mov	r4, fp
10005b68:	9512      	str	r5, [sp, #72]	; 0x48
10005b6a:	0017      	movs	r7, r2
10005b6c:	4655      	mov	r5, sl
10005b6e:	469b      	mov	fp, r3
10005b70:	46b2      	mov	sl, r6
10005b72:	9e0c      	ldr	r6, [sp, #48]	; 0x30
10005b74:	e008      	b.n	10005b88 <_vsnprintf+0x924>
10005b76:	3330      	adds	r3, #48	; 0x30
10005b78:	b2db      	uxtb	r3, r3
10005b7a:	3501      	adds	r5, #1
10005b7c:	557b      	strb	r3, [r7, r5]
10005b7e:	42b4      	cmp	r4, r6
10005b80:	d30e      	bcc.n	10005ba0 <_vsnprintf+0x93c>
10005b82:	2d20      	cmp	r5, #32
10005b84:	d00c      	beq.n	10005ba0 <_vsnprintf+0x93c>
10005b86:	0004      	movs	r4, r0
10005b88:	0031      	movs	r1, r6
10005b8a:	0020      	movs	r0, r4
10005b8c:	f7fd ff32 	bl	100039f4 <__wrap___aeabi_uidiv>
10005b90:	b2cb      	uxtb	r3, r1
10005b92:	2909      	cmp	r1, #9
10005b94:	d9ef      	bls.n	10005b76 <_vsnprintf+0x912>
10005b96:	9a0d      	ldr	r2, [sp, #52]	; 0x34
10005b98:	4694      	mov	ip, r2
10005b9a:	4463      	add	r3, ip
10005b9c:	b2db      	uxtb	r3, r3
10005b9e:	e7ec      	b.n	10005b7a <_vsnprintf+0x916>
10005ba0:	4656      	mov	r6, sl
10005ba2:	465c      	mov	r4, fp
10005ba4:	46aa      	mov	sl, r5
10005ba6:	9d12      	ldr	r5, [sp, #72]	; 0x48
10005ba8:	e63f      	b.n	1000582a <_vsnprintf+0x5c6>
10005baa:	9b09      	ldr	r3, [sp, #36]	; 0x24
10005bac:	001a      	movs	r2, r3
10005bae:	ca08      	ldmia	r2!, {r3}
10005bb0:	17d9      	asrs	r1, r3, #31
10005bb2:	9213      	str	r2, [sp, #76]	; 0x4c
10005bb4:	185a      	adds	r2, r3, r1
10005bb6:	404a      	eors	r2, r1
10005bb8:	4692      	mov	sl, r2
10005bba:	0fda      	lsrs	r2, r3, #31
10005bbc:	9212      	str	r2, [sp, #72]	; 0x48
10005bbe:	2b00      	cmp	r3, #0
10005bc0:	d108      	bne.n	10005bd4 <_vsnprintf+0x970>
10005bc2:	2380      	movs	r3, #128	; 0x80
10005bc4:	2210      	movs	r2, #16
10005bc6:	990b      	ldr	r1, [sp, #44]	; 0x2c
10005bc8:	00db      	lsls	r3, r3, #3
10005bca:	400b      	ands	r3, r1
10005bcc:	4391      	bics	r1, r2
10005bce:	910b      	str	r1, [sp, #44]	; 0x2c
10005bd0:	2b00      	cmp	r3, #0
10005bd2:	d12b      	bne.n	10005c2c <_vsnprintf+0x9c8>
10005bd4:	9a0b      	ldr	r2, [sp, #44]	; 0x2c
10005bd6:	2361      	movs	r3, #97	; 0x61
10005bd8:	0692      	lsls	r2, r2, #26
10005bda:	d500      	bpl.n	10005bde <_vsnprintf+0x97a>
10005bdc:	2341      	movs	r3, #65	; 0x41
10005bde:	aa0e      	add	r2, sp, #56	; 0x38
10005be0:	271f      	movs	r7, #31
10005be2:	4694      	mov	ip, r2
10005be4:	b2db      	uxtb	r3, r3
10005be6:	3b0a      	subs	r3, #10
10005be8:	950d      	str	r5, [sp, #52]	; 0x34
10005bea:	4467      	add	r7, ip
10005bec:	465d      	mov	r5, fp
10005bee:	9309      	str	r3, [sp, #36]	; 0x24
10005bf0:	46a3      	mov	fp, r4
10005bf2:	4654      	mov	r4, sl
10005bf4:	46b2      	mov	sl, r6
10005bf6:	9e0c      	ldr	r6, [sp, #48]	; 0x30
10005bf8:	e008      	b.n	10005c0c <_vsnprintf+0x9a8>
10005bfa:	3330      	adds	r3, #48	; 0x30
10005bfc:	b2db      	uxtb	r3, r3
10005bfe:	3501      	adds	r5, #1
10005c00:	557b      	strb	r3, [r7, r5]
10005c02:	42b4      	cmp	r4, r6
10005c04:	d30e      	bcc.n	10005c24 <_vsnprintf+0x9c0>
10005c06:	2d20      	cmp	r5, #32
10005c08:	d00c      	beq.n	10005c24 <_vsnprintf+0x9c0>
10005c0a:	0004      	movs	r4, r0
10005c0c:	0031      	movs	r1, r6
10005c0e:	0020      	movs	r0, r4
10005c10:	f7fd fef0 	bl	100039f4 <__wrap___aeabi_uidiv>
10005c14:	b2cb      	uxtb	r3, r1
10005c16:	2909      	cmp	r1, #9
10005c18:	d9ef      	bls.n	10005bfa <_vsnprintf+0x996>
10005c1a:	9a09      	ldr	r2, [sp, #36]	; 0x24
10005c1c:	4694      	mov	ip, r2
10005c1e:	4463      	add	r3, ip
10005c20:	b2db      	uxtb	r3, r3
10005c22:	e7ec      	b.n	10005bfe <_vsnprintf+0x99a>
10005c24:	4656      	mov	r6, sl
10005c26:	465c      	mov	r4, fp
10005c28:	46ab      	mov	fp, r5
10005c2a:	9d0d      	ldr	r5, [sp, #52]	; 0x34
10005c2c:	9b0b      	ldr	r3, [sp, #44]	; 0x2c
10005c2e:	002a      	movs	r2, r5
10005c30:	9306      	str	r3, [sp, #24]
10005c32:	9b0a      	ldr	r3, [sp, #40]	; 0x28
10005c34:	0021      	movs	r1, r4
10005c36:	9305      	str	r3, [sp, #20]
10005c38:	4643      	mov	r3, r8
10005c3a:	9304      	str	r3, [sp, #16]
10005c3c:	9b0c      	ldr	r3, [sp, #48]	; 0x30
10005c3e:	9808      	ldr	r0, [sp, #32]
10005c40:	9303      	str	r3, [sp, #12]
10005c42:	9b12      	ldr	r3, [sp, #72]	; 0x48
10005c44:	3601      	adds	r6, #1
10005c46:	9302      	str	r3, [sp, #8]
10005c48:	465b      	mov	r3, fp
10005c4a:	9301      	str	r3, [sp, #4]
10005c4c:	ab16      	add	r3, sp, #88	; 0x58
10005c4e:	9300      	str	r3, [sp, #0]
10005c50:	464b      	mov	r3, r9
10005c52:	f7fe fe1f 	bl	10004894 <_ntoa_format>
10005c56:	9b13      	ldr	r3, [sp, #76]	; 0x4c
10005c58:	0005      	movs	r5, r0
10005c5a:	9309      	str	r3, [sp, #36]	; 0x24
10005c5c:	f7ff fb27 	bl	100052ae <_vsnprintf+0x4a>
10005c60:	2302      	movs	r3, #2
10005c62:	930c      	str	r3, [sp, #48]	; 0x30
10005c64:	e71a      	b.n	10005a9c <_vsnprintf+0x838>
10005c66:	9b09      	ldr	r3, [sp, #36]	; 0x24
10005c68:	cb04      	ldmia	r3!, {r2}
10005c6a:	4692      	mov	sl, r2
10005c6c:	9312      	str	r3, [sp, #72]	; 0x48
10005c6e:	2a00      	cmp	r2, #0
10005c70:	d108      	bne.n	10005c84 <_vsnprintf+0xa20>
10005c72:	2380      	movs	r3, #128	; 0x80
10005c74:	2210      	movs	r2, #16
10005c76:	990b      	ldr	r1, [sp, #44]	; 0x2c
10005c78:	00db      	lsls	r3, r3, #3
10005c7a:	400b      	ands	r3, r1
10005c7c:	4391      	bics	r1, r2
10005c7e:	910b      	str	r1, [sp, #44]	; 0x2c
10005c80:	2b00      	cmp	r3, #0
10005c82:	d12b      	bne.n	10005cdc <_vsnprintf+0xa78>
10005c84:	9a0b      	ldr	r2, [sp, #44]	; 0x2c
10005c86:	2361      	movs	r3, #97	; 0x61
10005c88:	0692      	lsls	r2, r2, #26
10005c8a:	d500      	bpl.n	10005c8e <_vsnprintf+0xa2a>
10005c8c:	2341      	movs	r3, #65	; 0x41
10005c8e:	aa0e      	add	r2, sp, #56	; 0x38
10005c90:	271f      	movs	r7, #31
10005c92:	4694      	mov	ip, r2
10005c94:	b2db      	uxtb	r3, r3
10005c96:	3b0a      	subs	r3, #10
10005c98:	950d      	str	r5, [sp, #52]	; 0x34
10005c9a:	4467      	add	r7, ip
10005c9c:	465d      	mov	r5, fp
10005c9e:	9309      	str	r3, [sp, #36]	; 0x24
10005ca0:	46a3      	mov	fp, r4
10005ca2:	4654      	mov	r4, sl
10005ca4:	46b2      	mov	sl, r6
10005ca6:	9e0c      	ldr	r6, [sp, #48]	; 0x30
10005ca8:	e008      	b.n	10005cbc <_vsnprintf+0xa58>
10005caa:	3330      	adds	r3, #48	; 0x30
10005cac:	b2db      	uxtb	r3, r3
10005cae:	3501      	adds	r5, #1
10005cb0:	557b      	strb	r3, [r7, r5]
10005cb2:	42b4      	cmp	r4, r6
10005cb4:	d30e      	bcc.n	10005cd4 <_vsnprintf+0xa70>
10005cb6:	2d20      	cmp	r5, #32
10005cb8:	d00c      	beq.n	10005cd4 <_vsnprintf+0xa70>
10005cba:	0004      	movs	r4, r0
10005cbc:	0031      	movs	r1, r6
10005cbe:	0020      	movs	r0, r4
10005cc0:	f7fd fe98 	bl	100039f4 <__wrap___aeabi_uidiv>
10005cc4:	b2cb      	uxtb	r3, r1
10005cc6:	2909      	cmp	r1, #9
10005cc8:	d9ef      	bls.n	10005caa <_vsnprintf+0xa46>
10005cca:	9a09      	ldr	r2, [sp, #36]	; 0x24
10005ccc:	4694      	mov	ip, r2
10005cce:	4463      	add	r3, ip
10005cd0:	b2db      	uxtb	r3, r3
10005cd2:	e7ec      	b.n	10005cae <_vsnprintf+0xa4a>
10005cd4:	4656      	mov	r6, sl
10005cd6:	465c      	mov	r4, fp
10005cd8:	46ab      	mov	fp, r5
10005cda:	9d0d      	ldr	r5, [sp, #52]	; 0x34
10005cdc:	9b0b      	ldr	r3, [sp, #44]	; 0x2c
10005cde:	002a      	movs	r2, r5
10005ce0:	9306      	str	r3, [sp, #24]
10005ce2:	9b0a      	ldr	r3, [sp, #40]	; 0x28
10005ce4:	0021      	movs	r1, r4
10005ce6:	9305      	str	r3, [sp, #20]
10005ce8:	4643      	mov	r3, r8
10005cea:	9304      	str	r3, [sp, #16]
10005cec:	9b0c      	ldr	r3, [sp, #48]	; 0x30
10005cee:	9808      	ldr	r0, [sp, #32]
10005cf0:	9303      	str	r3, [sp, #12]
10005cf2:	2300      	movs	r3, #0
10005cf4:	9302      	str	r3, [sp, #8]
10005cf6:	465b      	mov	r3, fp
10005cf8:	9301      	str	r3, [sp, #4]
10005cfa:	ab16      	add	r3, sp, #88	; 0x58
10005cfc:	9300      	str	r3, [sp, #0]
10005cfe:	464b      	mov	r3, r9
10005d00:	f7fe fdc8 	bl	10004894 <_ntoa_format>
10005d04:	9b12      	ldr	r3, [sp, #72]	; 0x48
10005d06:	0005      	movs	r5, r0
10005d08:	9309      	str	r3, [sp, #36]	; 0x24
10005d0a:	3601      	adds	r6, #1
10005d0c:	f7ff facf 	bl	100052ae <_vsnprintf+0x4a>
10005d10:	42b4      	cmp	r4, r6
10005d12:	d800      	bhi.n	10005d16 <_vsnprintf+0xab2>
10005d14:	e671      	b.n	100059fa <_vsnprintf+0x796>
10005d16:	9b14      	ldr	r3, [sp, #80]	; 0x50
10005d18:	4654      	mov	r4, sl
10005d1a:	960e      	str	r6, [sp, #56]	; 0x38
10005d1c:	970f      	str	r7, [sp, #60]	; 0x3c
10005d1e:	46aa      	mov	sl, r5
10005d20:	4698      	mov	r8, r3
10005d22:	9e15      	ldr	r6, [sp, #84]	; 0x54
10005d24:	9d13      	ldr	r5, [sp, #76]	; 0x4c
10005d26:	e68e      	b.n	10005a46 <_vsnprintf+0x7e2>
10005d28:	42a6      	cmp	r6, r4
10005d2a:	d800      	bhi.n	10005d2e <_vsnprintf+0xaca>
10005d2c:	e6fb      	b.n	10005b26 <_vsnprintf+0x8c2>
10005d2e:	9b13      	ldr	r3, [sp, #76]	; 0x4c
10005d30:	4656      	mov	r6, sl
10005d32:	4698      	mov	r8, r3
10005d34:	46aa      	mov	sl, r5
10005d36:	465c      	mov	r4, fp
10005d38:	9d12      	ldr	r5, [sp, #72]	; 0x48
10005d3a:	e576      	b.n	1000582a <_vsnprintf+0x5c6>
10005d3c:	c908      	ldmia	r1!, {r3}
10005d3e:	17d8      	asrs	r0, r3, #31
10005d40:	181a      	adds	r2, r3, r0
10005d42:	4042      	eors	r2, r0
10005d44:	9109      	str	r1, [sp, #36]	; 0x24
10005d46:	f7ff fb8a 	bl	1000545e <_vsnprintf+0x1fa>
10005d4a:	2300      	movs	r3, #0
10005d4c:	930b      	str	r3, [sp, #44]	; 0x2c
10005d4e:	e450      	b.n	100055f2 <_vsnprintf+0x38e>
10005d50:	9b09      	ldr	r3, [sp, #36]	; 0x24
10005d52:	cb04      	ldmia	r3!, {r2}
10005d54:	4693      	mov	fp, r2
10005d56:	9309      	str	r3, [sp, #36]	; 0x24
10005d58:	e559      	b.n	1000580e <_vsnprintf+0x5aa>
10005d5a:	002f      	movs	r7, r5
10005d5c:	e5bb      	b.n	100058d6 <_vsnprintf+0x672>
10005d5e:	930b      	str	r3, [sp, #44]	; 0x2c
10005d60:	e601      	b.n	10005966 <_vsnprintf+0x702>
10005d62:	3b06      	subs	r3, #6
10005d64:	930c      	str	r3, [sp, #48]	; 0x30
10005d66:	e69a      	b.n	10005a9e <_vsnprintf+0x83a>

10005d68 <vfctprintf>:
10005d68:	b500      	push	{lr}
10005d6a:	b085      	sub	sp, #20
10005d6c:	9103      	str	r1, [sp, #12]
10005d6e:	2101      	movs	r1, #1
10005d70:	9002      	str	r0, [sp, #8]
10005d72:	9300      	str	r3, [sp, #0]
10005d74:	4803      	ldr	r0, [pc, #12]	; (10005d84 <vfctprintf+0x1c>)
10005d76:	0013      	movs	r3, r2
10005d78:	424a      	negs	r2, r1
10005d7a:	a902      	add	r1, sp, #8
10005d7c:	f7ff fa72 	bl	10005264 <_vsnprintf>
10005d80:	b005      	add	sp, #20
10005d82:	bd00      	pop	{pc}
10005d84:	10004a71 	.word	0x10004a71

10005d88 <weak_raw_vprintf>:
10005d88:	b510      	push	{r4, lr}
10005d8a:	4a09      	ldr	r2, [pc, #36]	; (10005db0 <weak_raw_vprintf+0x28>)
10005d8c:	0003      	movs	r3, r0
10005d8e:	6814      	ldr	r4, [r2, #0]
10005d90:	b084      	sub	sp, #16
10005d92:	2c00      	cmp	r4, #0
10005d94:	d008      	beq.n	10005da8 <weak_raw_vprintf+0x20>
10005d96:	2201      	movs	r2, #1
10005d98:	9100      	str	r1, [sp, #0]
10005d9a:	4806      	ldr	r0, [pc, #24]	; (10005db4 <weak_raw_vprintf+0x2c>)
10005d9c:	4252      	negs	r2, r2
10005d9e:	a903      	add	r1, sp, #12
10005da0:	47a0      	blx	r4
10005da2:	2001      	movs	r0, #1
10005da4:	b004      	add	sp, #16
10005da6:	bd10      	pop	{r4, pc}
10005da8:	f000 f9ea 	bl	10006180 <__wrap_puts>
10005dac:	2000      	movs	r0, #0
10005dae:	e7f9      	b.n	10005da4 <weak_raw_vprintf+0x1c>
10005db0:	20002e7c 	.word	0x20002e7c
10005db4:	10004a61 	.word	0x10004a61

10005db8 <_exit>:
10005db8:	be00      	bkpt	0x0000
10005dba:	e7fd      	b.n	10005db8 <_exit>

10005dbc <exit>:
10005dbc:	b510      	push	{r4, lr}
10005dbe:	f7ff fffb 	bl	10005db8 <_exit>
10005dc2:	46c0      	nop			; (mov r8, r8)

10005dc4 <runtime_init>:
10005dc4:	b570      	push	{r4, r5, r6, lr}
10005dc6:	f7fd fca9 	bl	1000371c <runtime_run_initializers>
10005dca:	4d07      	ldr	r5, [pc, #28]	; (10005de8 <runtime_init+0x24>)
10005dcc:	4e07      	ldr	r6, [pc, #28]	; (10005dec <runtime_init+0x28>)
10005dce:	42b5      	cmp	r5, r6
10005dd0:	d209      	bcs.n	10005de6 <runtime_init+0x22>
10005dd2:	2400      	movs	r4, #0
10005dd4:	3e01      	subs	r6, #1
10005dd6:	1b76      	subs	r6, r6, r5
10005dd8:	08b6      	lsrs	r6, r6, #2
10005dda:	cd08      	ldmia	r5!, {r3}
10005ddc:	4798      	blx	r3
10005dde:	0023      	movs	r3, r4
10005de0:	3401      	adds	r4, #1
10005de2:	42b3      	cmp	r3, r6
10005de4:	d1f9      	bne.n	10005dda <runtime_init+0x16>
10005de6:	bd70      	pop	{r4, r5, r6, pc}
10005de8:	100095dc 	.word	0x100095dc
10005dec:	100095e4 	.word	0x100095e4

10005df0 <stdio_out_chars_no_crlf>:
10005df0:	0003      	movs	r3, r0
10005df2:	b510      	push	{r4, lr}
10005df4:	0008      	movs	r0, r1
10005df6:	0011      	movs	r1, r2
10005df8:	681b      	ldr	r3, [r3, #0]
10005dfa:	4798      	blx	r3
10005dfc:	bd10      	pop	{r4, pc}
10005dfe:	46c0      	nop			; (mov r8, r8)

10005e00 <stdio_out_chars_crlf>:
10005e00:	b5f0      	push	{r4, r5, r6, r7, lr}
10005e02:	4646      	mov	r6, r8
10005e04:	464f      	mov	r7, r9
10005e06:	46d6      	mov	lr, sl
10005e08:	b5c0      	push	{r6, r7, lr}
10005e0a:	7d43      	ldrb	r3, [r0, #21]
10005e0c:	4680      	mov	r8, r0
10005e0e:	000e      	movs	r6, r1
10005e10:	0017      	movs	r7, r2
10005e12:	2b00      	cmp	r3, #0
10005e14:	d046      	beq.n	10005ea4 <stdio_out_chars_crlf+0xa4>
10005e16:	2a00      	cmp	r2, #0
10005e18:	dd3f      	ble.n	10005e9a <stdio_out_chars_crlf+0x9a>
10005e1a:	1e4b      	subs	r3, r1, #1
10005e1c:	4699      	mov	r9, r3
10005e1e:	4b24      	ldr	r3, [pc, #144]	; (10005eb0 <stdio_out_chars_crlf+0xb0>)
10005e20:	2501      	movs	r5, #1
10005e22:	2400      	movs	r4, #0
10005e24:	2000      	movs	r0, #0
10005e26:	469a      	mov	sl, r3
10005e28:	e00d      	b.n	10005e46 <stdio_out_chars_crlf+0x46>
10005e2a:	464b      	mov	r3, r9
10005e2c:	5d1b      	ldrb	r3, [r3, r4]
10005e2e:	3b0d      	subs	r3, #13
10005e30:	425a      	negs	r2, r3
10005e32:	4153      	adcs	r3, r2
10005e34:	5d32      	ldrb	r2, [r6, r4]
10005e36:	b2db      	uxtb	r3, r3
10005e38:	2a0a      	cmp	r2, #10
10005e3a:	d00b      	beq.n	10005e54 <stdio_out_chars_crlf+0x54>
10005e3c:	002b      	movs	r3, r5
10005e3e:	3401      	adds	r4, #1
10005e40:	3501      	adds	r5, #1
10005e42:	429f      	cmp	r7, r3
10005e44:	dd1a      	ble.n	10005e7c <stdio_out_chars_crlf+0x7c>
10005e46:	2c00      	cmp	r4, #0
10005e48:	d1ef      	bne.n	10005e2a <stdio_out_chars_crlf+0x2a>
10005e4a:	4643      	mov	r3, r8
10005e4c:	5d32      	ldrb	r2, [r6, r4]
10005e4e:	7d1b      	ldrb	r3, [r3, #20]
10005e50:	2a0a      	cmp	r2, #10
10005e52:	d1f3      	bne.n	10005e3c <stdio_out_chars_crlf+0x3c>
10005e54:	2b00      	cmp	r3, #0
10005e56:	d1f1      	bne.n	10005e3c <stdio_out_chars_crlf+0x3c>
10005e58:	42a0      	cmp	r0, r4
10005e5a:	da04      	bge.n	10005e66 <stdio_out_chars_crlf+0x66>
10005e5c:	4643      	mov	r3, r8
10005e5e:	1a21      	subs	r1, r4, r0
10005e60:	681b      	ldr	r3, [r3, #0]
10005e62:	1830      	adds	r0, r6, r0
10005e64:	4798      	blx	r3
10005e66:	4643      	mov	r3, r8
10005e68:	4650      	mov	r0, sl
10005e6a:	681b      	ldr	r3, [r3, #0]
10005e6c:	2102      	movs	r1, #2
10005e6e:	4798      	blx	r3
10005e70:	3401      	adds	r4, #1
10005e72:	0028      	movs	r0, r5
10005e74:	002b      	movs	r3, r5
10005e76:	3501      	adds	r5, #1
10005e78:	429f      	cmp	r7, r3
10005e7a:	dce4      	bgt.n	10005e46 <stdio_out_chars_crlf+0x46>
10005e7c:	4287      	cmp	r7, r0
10005e7e:	dd04      	ble.n	10005e8a <stdio_out_chars_crlf+0x8a>
10005e80:	4643      	mov	r3, r8
10005e82:	1a39      	subs	r1, r7, r0
10005e84:	681b      	ldr	r3, [r3, #0]
10005e86:	1830      	adds	r0, r6, r0
10005e88:	4798      	blx	r3
10005e8a:	19f6      	adds	r6, r6, r7
10005e8c:	3e01      	subs	r6, #1
10005e8e:	7833      	ldrb	r3, [r6, #0]
10005e90:	3b0d      	subs	r3, #13
10005e92:	425a      	negs	r2, r3
10005e94:	4153      	adcs	r3, r2
10005e96:	4642      	mov	r2, r8
10005e98:	7513      	strb	r3, [r2, #20]
10005e9a:	bce0      	pop	{r5, r6, r7}
10005e9c:	46ba      	mov	sl, r7
10005e9e:	46b1      	mov	r9, r6
10005ea0:	46a8      	mov	r8, r5
10005ea2:	bdf0      	pop	{r4, r5, r6, r7, pc}
10005ea4:	6803      	ldr	r3, [r0, #0]
10005ea6:	0011      	movs	r1, r2
10005ea8:	0030      	movs	r0, r6
10005eaa:	4798      	blx	r3
10005eac:	e7f5      	b.n	10005e9a <stdio_out_chars_crlf+0x9a>
10005eae:	46c0      	nop			; (mov r8, r8)
10005eb0:	1000add0 	.word	0x1000add0

10005eb4 <stdio_buffered_printer>:
10005eb4:	b5f0      	push	{r4, r5, r6, r7, lr}
10005eb6:	46c6      	mov	lr, r8
10005eb8:	000c      	movs	r4, r1
10005eba:	6809      	ldr	r1, [r1, #0]
10005ebc:	0006      	movs	r6, r0
10005ebe:	b500      	push	{lr}
10005ec0:	2980      	cmp	r1, #128	; 0x80
10005ec2:	d006      	beq.n	10005ed2 <stdio_buffered_printer+0x1e>
10005ec4:	1c4b      	adds	r3, r1, #1
10005ec6:	6023      	str	r3, [r4, #0]
10005ec8:	1864      	adds	r4, r4, r1
10005eca:	7126      	strb	r6, [r4, #4]
10005ecc:	bc80      	pop	{r7}
10005ece:	46b8      	mov	r8, r7
10005ed0:	bdf0      	pop	{r4, r5, r6, r7, pc}
10005ed2:	4b0f      	ldr	r3, [pc, #60]	; (10005f10 <stdio_buffered_printer+0x5c>)
10005ed4:	681d      	ldr	r5, [r3, #0]
10005ed6:	2d00      	cmp	r5, #0
10005ed8:	d016      	beq.n	10005f08 <stdio_buffered_printer+0x54>
10005eda:	1d23      	adds	r3, r4, #4
10005edc:	4698      	mov	r8, r3
10005ede:	4f0d      	ldr	r7, [pc, #52]	; (10005f14 <stdio_buffered_printer+0x60>)
10005ee0:	e002      	b.n	10005ee8 <stdio_buffered_printer+0x34>
10005ee2:	692d      	ldr	r5, [r5, #16]
10005ee4:	2d00      	cmp	r5, #0
10005ee6:	d00f      	beq.n	10005f08 <stdio_buffered_printer+0x54>
10005ee8:	682b      	ldr	r3, [r5, #0]
10005eea:	2b00      	cmp	r3, #0
10005eec:	d0f9      	beq.n	10005ee2 <stdio_buffered_printer+0x2e>
10005eee:	683b      	ldr	r3, [r7, #0]
10005ef0:	2b00      	cmp	r3, #0
10005ef2:	d001      	beq.n	10005ef8 <stdio_buffered_printer+0x44>
10005ef4:	42ab      	cmp	r3, r5
10005ef6:	d1f4      	bne.n	10005ee2 <stdio_buffered_printer+0x2e>
10005ef8:	0028      	movs	r0, r5
10005efa:	4641      	mov	r1, r8
10005efc:	6822      	ldr	r2, [r4, #0]
10005efe:	f7ff ff7f 	bl	10005e00 <stdio_out_chars_crlf>
10005f02:	692d      	ldr	r5, [r5, #16]
10005f04:	2d00      	cmp	r5, #0
10005f06:	d1ef      	bne.n	10005ee8 <stdio_buffered_printer+0x34>
10005f08:	2301      	movs	r3, #1
10005f0a:	2100      	movs	r1, #0
10005f0c:	e7db      	b.n	10005ec6 <stdio_buffered_printer+0x12>
10005f0e:	46c0      	nop			; (mov r8, r8)
10005f10:	200021a0 	.word	0x200021a0
10005f14:	200021ac 	.word	0x200021ac

10005f18 <stdio_put_string>:
10005f18:	b5f0      	push	{r4, r5, r6, r7, lr}
10005f1a:	46de      	mov	lr, fp
10005f1c:	4657      	mov	r7, sl
10005f1e:	464e      	mov	r6, r9
10005f20:	4645      	mov	r5, r8
10005f22:	b5e0      	push	{r5, r6, r7, lr}
10005f24:	b085      	sub	sp, #20
10005f26:	0017      	movs	r7, r2
10005f28:	001c      	movs	r4, r3
10005f2a:	0006      	movs	r6, r0
10005f2c:	000d      	movs	r5, r1
10005f2e:	f7fc ffbf 	bl	10002eb0 <time_us_64>
10005f32:	2300      	movs	r3, #0
10005f34:	4a31      	ldr	r2, [pc, #196]	; (10005ffc <stdio_put_string+0xe4>)
10005f36:	1812      	adds	r2, r2, r0
10005f38:	414b      	adcs	r3, r1
10005f3a:	2b00      	cmp	r3, #0
10005f3c:	db59      	blt.n	10005ff2 <stdio_put_string+0xda>
10005f3e:	4930      	ldr	r1, [pc, #192]	; (10006000 <stdio_put_string+0xe8>)
10005f40:	0008      	movs	r0, r1
10005f42:	468a      	mov	sl, r1
10005f44:	f003 fb0c 	bl	10009560 <__mutex_try_enter_block_until_veneer>
10005f48:	9001      	str	r0, [sp, #4]
10005f4a:	1c6b      	adds	r3, r5, #1
10005f4c:	d103      	bne.n	10005f56 <stdio_put_string+0x3e>
10005f4e:	0030      	movs	r0, r6
10005f50:	f003 f8ee 	bl	10009130 <strlen>
10005f54:	0005      	movs	r5, r0
10005f56:	2c00      	cmp	r4, #0
10005f58:	d126      	bne.n	10005fa8 <stdio_put_string+0x90>
10005f5a:	4b2a      	ldr	r3, [pc, #168]	; (10006004 <stdio_put_string+0xec>)
10005f5c:	4698      	mov	r8, r3
10005f5e:	4b2a      	ldr	r3, [pc, #168]	; (10006008 <stdio_put_string+0xf0>)
10005f60:	681c      	ldr	r4, [r3, #0]
10005f62:	2c00      	cmp	r4, #0
10005f64:	d015      	beq.n	10005f92 <stdio_put_string+0x7a>
10005f66:	2f00      	cmp	r7, #0
10005f68:	d121      	bne.n	10005fae <stdio_put_string+0x96>
10005f6a:	4f28      	ldr	r7, [pc, #160]	; (1000600c <stdio_put_string+0xf4>)
10005f6c:	e002      	b.n	10005f74 <stdio_put_string+0x5c>
10005f6e:	6924      	ldr	r4, [r4, #16]
10005f70:	2c00      	cmp	r4, #0
10005f72:	d00e      	beq.n	10005f92 <stdio_put_string+0x7a>
10005f74:	6823      	ldr	r3, [r4, #0]
10005f76:	2b00      	cmp	r3, #0
10005f78:	d0f9      	beq.n	10005f6e <stdio_put_string+0x56>
10005f7a:	683b      	ldr	r3, [r7, #0]
10005f7c:	2b00      	cmp	r3, #0
10005f7e:	d001      	beq.n	10005f84 <stdio_put_string+0x6c>
10005f80:	42a3      	cmp	r3, r4
10005f82:	d1f4      	bne.n	10005f6e <stdio_put_string+0x56>
10005f84:	0020      	movs	r0, r4
10005f86:	002a      	movs	r2, r5
10005f88:	0031      	movs	r1, r6
10005f8a:	47c0      	blx	r8
10005f8c:	6924      	ldr	r4, [r4, #16]
10005f8e:	2c00      	cmp	r4, #0
10005f90:	d1f0      	bne.n	10005f74 <stdio_put_string+0x5c>
10005f92:	9b01      	ldr	r3, [sp, #4]
10005f94:	2b00      	cmp	r3, #0
10005f96:	d128      	bne.n	10005fea <stdio_put_string+0xd2>
10005f98:	0028      	movs	r0, r5
10005f9a:	b005      	add	sp, #20
10005f9c:	bcf0      	pop	{r4, r5, r6, r7}
10005f9e:	46bb      	mov	fp, r7
10005fa0:	46b2      	mov	sl, r6
10005fa2:	46a9      	mov	r9, r5
10005fa4:	46a0      	mov	r8, r4
10005fa6:	bdf0      	pop	{r4, r5, r6, r7, pc}
10005fa8:	4b19      	ldr	r3, [pc, #100]	; (10006010 <stdio_put_string+0xf8>)
10005faa:	4698      	mov	r8, r3
10005fac:	e7d7      	b.n	10005f5e <stdio_put_string+0x46>
10005fae:	4b17      	ldr	r3, [pc, #92]	; (1000600c <stdio_put_string+0xf4>)
10005fb0:	4699      	mov	r9, r3
10005fb2:	ab02      	add	r3, sp, #8
10005fb4:	1ddf      	adds	r7, r3, #7
10005fb6:	230a      	movs	r3, #10
10005fb8:	469b      	mov	fp, r3
10005fba:	e002      	b.n	10005fc2 <stdio_put_string+0xaa>
10005fbc:	6924      	ldr	r4, [r4, #16]
10005fbe:	2c00      	cmp	r4, #0
10005fc0:	d0e7      	beq.n	10005f92 <stdio_put_string+0x7a>
10005fc2:	6823      	ldr	r3, [r4, #0]
10005fc4:	2b00      	cmp	r3, #0
10005fc6:	d0f9      	beq.n	10005fbc <stdio_put_string+0xa4>
10005fc8:	464b      	mov	r3, r9
10005fca:	681b      	ldr	r3, [r3, #0]
10005fcc:	2b00      	cmp	r3, #0
10005fce:	d001      	beq.n	10005fd4 <stdio_put_string+0xbc>
10005fd0:	42a3      	cmp	r3, r4
10005fd2:	d1f3      	bne.n	10005fbc <stdio_put_string+0xa4>
10005fd4:	002a      	movs	r2, r5
10005fd6:	0031      	movs	r1, r6
10005fd8:	0020      	movs	r0, r4
10005fda:	47c0      	blx	r8
10005fdc:	465b      	mov	r3, fp
10005fde:	2201      	movs	r2, #1
10005fe0:	0039      	movs	r1, r7
10005fe2:	0020      	movs	r0, r4
10005fe4:	703b      	strb	r3, [r7, #0]
10005fe6:	47c0      	blx	r8
10005fe8:	e7e8      	b.n	10005fbc <stdio_put_string+0xa4>
10005fea:	4650      	mov	r0, sl
10005fec:	f003 fa70 	bl	100094d0 <__mutex_exit_veneer>
10005ff0:	e7d2      	b.n	10005f98 <stdio_put_string+0x80>
10005ff2:	2201      	movs	r2, #1
10005ff4:	4b07      	ldr	r3, [pc, #28]	; (10006014 <stdio_put_string+0xfc>)
10005ff6:	4252      	negs	r2, r2
10005ff8:	e7a1      	b.n	10005f3e <stdio_put_string+0x26>
10005ffa:	46c0      	nop			; (mov r8, r8)
10005ffc:	000f4240 	.word	0x000f4240
10006000:	20001658 	.word	0x20001658
10006004:	10005df1 	.word	0x10005df1
10006008:	200021a0 	.word	0x200021a0
1000600c:	200021ac 	.word	0x200021ac
10006010:	10005e01 	.word	0x10005e01
10006014:	7fffffff 	.word	0x7fffffff

10006018 <stdio_set_driver_enabled>:
10006018:	4a0a      	ldr	r2, [pc, #40]	; (10006044 <stdio_set_driver_enabled+0x2c>)
1000601a:	6813      	ldr	r3, [r2, #0]
1000601c:	2b00      	cmp	r3, #0
1000601e:	d105      	bne.n	1000602c <stdio_set_driver_enabled+0x14>
10006020:	e00c      	b.n	1000603c <stdio_set_driver_enabled+0x24>
10006022:	001a      	movs	r2, r3
10006024:	691b      	ldr	r3, [r3, #16]
10006026:	3210      	adds	r2, #16
10006028:	2b00      	cmp	r3, #0
1000602a:	d007      	beq.n	1000603c <stdio_set_driver_enabled+0x24>
1000602c:	4298      	cmp	r0, r3
1000602e:	d1f8      	bne.n	10006022 <stdio_set_driver_enabled+0xa>
10006030:	2900      	cmp	r1, #0
10006032:	d102      	bne.n	1000603a <stdio_set_driver_enabled+0x22>
10006034:	6903      	ldr	r3, [r0, #16]
10006036:	6013      	str	r3, [r2, #0]
10006038:	6101      	str	r1, [r0, #16]
1000603a:	4770      	bx	lr
1000603c:	2900      	cmp	r1, #0
1000603e:	d0fc      	beq.n	1000603a <stdio_set_driver_enabled+0x22>
10006040:	6010      	str	r0, [r2, #0]
10006042:	e7fa      	b.n	1000603a <stdio_set_driver_enabled+0x22>
10006044:	200021a0 	.word	0x200021a0

10006048 <stdio_init_all>:
10006048:	b510      	push	{r4, lr}
1000604a:	f000 fb4f 	bl	100066ec <stdio_usb_init>
1000604e:	bd10      	pop	{r4, pc}

10006050 <stdio_getchar_timeout_us>:
10006050:	b5f0      	push	{r4, r5, r6, r7, lr}
10006052:	46ce      	mov	lr, r9
10006054:	4647      	mov	r7, r8
10006056:	0004      	movs	r4, r0
10006058:	b580      	push	{r7, lr}
1000605a:	b083      	sub	sp, #12
1000605c:	f7fc ff28 	bl	10002eb0 <time_us_64>
10006060:	0026      	movs	r6, r4
10006062:	2700      	movs	r7, #0
10006064:	1836      	adds	r6, r6, r0
10006066:	414f      	adcs	r7, r1
10006068:	2f00      	cmp	r7, #0
1000606a:	db30      	blt.n	100060ce <stdio_getchar_timeout_us+0x7e>
1000606c:	46b9      	mov	r9, r7
1000606e:	4b1a      	ldr	r3, [pc, #104]	; (100060d8 <stdio_getchar_timeout_us+0x88>)
10006070:	4d1a      	ldr	r5, [pc, #104]	; (100060dc <stdio_getchar_timeout_us+0x8c>)
10006072:	4698      	mov	r8, r3
10006074:	4643      	mov	r3, r8
10006076:	681c      	ldr	r4, [r3, #0]
10006078:	2c00      	cmp	r4, #0
1000607a:	d103      	bne.n	10006084 <stdio_getchar_timeout_us+0x34>
1000607c:	e016      	b.n	100060ac <stdio_getchar_timeout_us+0x5c>
1000607e:	6924      	ldr	r4, [r4, #16]
10006080:	2c00      	cmp	r4, #0
10006082:	d013      	beq.n	100060ac <stdio_getchar_timeout_us+0x5c>
10006084:	682b      	ldr	r3, [r5, #0]
10006086:	2b00      	cmp	r3, #0
10006088:	d001      	beq.n	1000608e <stdio_getchar_timeout_us+0x3e>
1000608a:	42a3      	cmp	r3, r4
1000608c:	d1f7      	bne.n	1000607e <stdio_getchar_timeout_us+0x2e>
1000608e:	68a3      	ldr	r3, [r4, #8]
10006090:	2b00      	cmp	r3, #0
10006092:	d0f4      	beq.n	1000607e <stdio_getchar_timeout_us+0x2e>
10006094:	2101      	movs	r1, #1
10006096:	a801      	add	r0, sp, #4
10006098:	4798      	blx	r3
1000609a:	2800      	cmp	r0, #0
1000609c:	ddef      	ble.n	1000607e <stdio_getchar_timeout_us+0x2e>
1000609e:	466b      	mov	r3, sp
100060a0:	7918      	ldrb	r0, [r3, #4]
100060a2:	b003      	add	sp, #12
100060a4:	bcc0      	pop	{r6, r7}
100060a6:	46b9      	mov	r9, r7
100060a8:	46b0      	mov	r8, r6
100060aa:	bdf0      	pop	{r4, r5, r6, r7, pc}
100060ac:	4b0c      	ldr	r3, [pc, #48]	; (100060e0 <stdio_getchar_timeout_us+0x90>)
100060ae:	6a5a      	ldr	r2, [r3, #36]	; 0x24
100060b0:	454a      	cmp	r2, r9
100060b2:	d307      	bcc.n	100060c4 <stdio_getchar_timeout_us+0x74>
100060b4:	6a9b      	ldr	r3, [r3, #40]	; 0x28
100060b6:	42b3      	cmp	r3, r6
100060b8:	d201      	bcs.n	100060be <stdio_getchar_timeout_us+0x6e>
100060ba:	454a      	cmp	r2, r9
100060bc:	d002      	beq.n	100060c4 <stdio_getchar_timeout_us+0x74>
100060be:	2002      	movs	r0, #2
100060c0:	4240      	negs	r0, r0
100060c2:	e7ee      	b.n	100060a2 <stdio_getchar_timeout_us+0x52>
100060c4:	2001      	movs	r0, #1
100060c6:	2100      	movs	r1, #0
100060c8:	f7fc fefc 	bl	10002ec4 <busy_wait_us>
100060cc:	e7d2      	b.n	10006074 <stdio_getchar_timeout_us+0x24>
100060ce:	2601      	movs	r6, #1
100060d0:	4b04      	ldr	r3, [pc, #16]	; (100060e4 <stdio_getchar_timeout_us+0x94>)
100060d2:	4276      	negs	r6, r6
100060d4:	4699      	mov	r9, r3
100060d6:	e7ca      	b.n	1000606e <stdio_getchar_timeout_us+0x1e>
100060d8:	200021a0 	.word	0x200021a0
100060dc:	200021ac 	.word	0x200021ac
100060e0:	40054000 	.word	0x40054000
100060e4:	7fffffff 	.word	0x7fffffff

100060e8 <__wrap_putchar>:
100060e8:	b5f0      	push	{r4, r5, r6, r7, lr}
100060ea:	46ce      	mov	lr, r9
100060ec:	4647      	mov	r7, r8
100060ee:	b580      	push	{r7, lr}
100060f0:	b083      	sub	sp, #12
100060f2:	466b      	mov	r3, sp
100060f4:	0006      	movs	r6, r0
100060f6:	1ddd      	adds	r5, r3, #7
100060f8:	7028      	strb	r0, [r5, #0]
100060fa:	f7fc fed9 	bl	10002eb0 <time_us_64>
100060fe:	2300      	movs	r3, #0
10006100:	4a1a      	ldr	r2, [pc, #104]	; (1000616c <__wrap_putchar+0x84>)
10006102:	1812      	adds	r2, r2, r0
10006104:	414b      	adcs	r3, r1
10006106:	2b00      	cmp	r3, #0
10006108:	db2b      	blt.n	10006162 <__wrap_putchar+0x7a>
1000610a:	4919      	ldr	r1, [pc, #100]	; (10006170 <__wrap_putchar+0x88>)
1000610c:	0008      	movs	r0, r1
1000610e:	4688      	mov	r8, r1
10006110:	f003 fa26 	bl	10009560 <__mutex_try_enter_block_until_veneer>
10006114:	4b17      	ldr	r3, [pc, #92]	; (10006174 <__wrap_putchar+0x8c>)
10006116:	4681      	mov	r9, r0
10006118:	681c      	ldr	r4, [r3, #0]
1000611a:	2c00      	cmp	r4, #0
1000611c:	d014      	beq.n	10006148 <__wrap_putchar+0x60>
1000611e:	4f16      	ldr	r7, [pc, #88]	; (10006178 <__wrap_putchar+0x90>)
10006120:	e002      	b.n	10006128 <__wrap_putchar+0x40>
10006122:	6924      	ldr	r4, [r4, #16]
10006124:	2c00      	cmp	r4, #0
10006126:	d00f      	beq.n	10006148 <__wrap_putchar+0x60>
10006128:	6823      	ldr	r3, [r4, #0]
1000612a:	2b00      	cmp	r3, #0
1000612c:	d0f9      	beq.n	10006122 <__wrap_putchar+0x3a>
1000612e:	683b      	ldr	r3, [r7, #0]
10006130:	2b00      	cmp	r3, #0
10006132:	d001      	beq.n	10006138 <__wrap_putchar+0x50>
10006134:	42a3      	cmp	r3, r4
10006136:	d1f4      	bne.n	10006122 <__wrap_putchar+0x3a>
10006138:	0020      	movs	r0, r4
1000613a:	2201      	movs	r2, #1
1000613c:	0029      	movs	r1, r5
1000613e:	f7ff fe5f 	bl	10005e00 <stdio_out_chars_crlf>
10006142:	6924      	ldr	r4, [r4, #16]
10006144:	2c00      	cmp	r4, #0
10006146:	d1ef      	bne.n	10006128 <__wrap_putchar+0x40>
10006148:	464b      	mov	r3, r9
1000614a:	2b00      	cmp	r3, #0
1000614c:	d105      	bne.n	1000615a <__wrap_putchar+0x72>
1000614e:	0030      	movs	r0, r6
10006150:	b003      	add	sp, #12
10006152:	bcc0      	pop	{r6, r7}
10006154:	46b9      	mov	r9, r7
10006156:	46b0      	mov	r8, r6
10006158:	bdf0      	pop	{r4, r5, r6, r7, pc}
1000615a:	4640      	mov	r0, r8
1000615c:	f003 f9b8 	bl	100094d0 <__mutex_exit_veneer>
10006160:	e7f5      	b.n	1000614e <__wrap_putchar+0x66>
10006162:	2201      	movs	r2, #1
10006164:	4b05      	ldr	r3, [pc, #20]	; (1000617c <__wrap_putchar+0x94>)
10006166:	4252      	negs	r2, r2
10006168:	e7cf      	b.n	1000610a <__wrap_putchar+0x22>
1000616a:	46c0      	nop			; (mov r8, r8)
1000616c:	000f4240 	.word	0x000f4240
10006170:	20001658 	.word	0x20001658
10006174:	200021a0 	.word	0x200021a0
10006178:	200021ac 	.word	0x200021ac
1000617c:	7fffffff 	.word	0x7fffffff

10006180 <__wrap_puts>:
10006180:	b570      	push	{r4, r5, r6, lr}
10006182:	0004      	movs	r4, r0
10006184:	f002 ffd4 	bl	10009130 <strlen>
10006188:	2301      	movs	r3, #1
1000618a:	0001      	movs	r1, r0
1000618c:	0005      	movs	r5, r0
1000618e:	2201      	movs	r2, #1
10006190:	0020      	movs	r0, r4
10006192:	f7ff fec1 	bl	10005f18 <stdio_put_string>
10006196:	4b08      	ldr	r3, [pc, #32]	; (100061b8 <__wrap_puts+0x38>)
10006198:	681c      	ldr	r4, [r3, #0]
1000619a:	2c00      	cmp	r4, #0
1000619c:	d006      	beq.n	100061ac <__wrap_puts+0x2c>
1000619e:	6863      	ldr	r3, [r4, #4]
100061a0:	2b00      	cmp	r3, #0
100061a2:	d005      	beq.n	100061b0 <__wrap_puts+0x30>
100061a4:	4798      	blx	r3
100061a6:	6924      	ldr	r4, [r4, #16]
100061a8:	2c00      	cmp	r4, #0
100061aa:	d1f8      	bne.n	1000619e <__wrap_puts+0x1e>
100061ac:	0028      	movs	r0, r5
100061ae:	bd70      	pop	{r4, r5, r6, pc}
100061b0:	6924      	ldr	r4, [r4, #16]
100061b2:	2c00      	cmp	r4, #0
100061b4:	d1f3      	bne.n	1000619e <__wrap_puts+0x1e>
100061b6:	e7f9      	b.n	100061ac <__wrap_puts+0x2c>
100061b8:	200021a0 	.word	0x200021a0

100061bc <__wrap_vprintf>:
100061bc:	b5f0      	push	{r4, r5, r6, r7, lr}
100061be:	46ce      	mov	lr, r9
100061c0:	4647      	mov	r7, r8
100061c2:	b580      	push	{r7, lr}
100061c4:	b0a5      	sub	sp, #148	; 0x94
100061c6:	0004      	movs	r4, r0
100061c8:	000d      	movs	r5, r1
100061ca:	f7fc fe71 	bl	10002eb0 <time_us_64>
100061ce:	2300      	movs	r3, #0
100061d0:	4a2a      	ldr	r2, [pc, #168]	; (1000627c <__wrap_vprintf+0xc0>)
100061d2:	1812      	adds	r2, r2, r0
100061d4:	414b      	adcs	r3, r1
100061d6:	2b00      	cmp	r3, #0
100061d8:	db49      	blt.n	1000626e <__wrap_vprintf+0xb2>
100061da:	4e29      	ldr	r6, [pc, #164]	; (10006280 <__wrap_vprintf+0xc4>)
100061dc:	0030      	movs	r0, r6
100061de:	f003 f9bf 	bl	10009560 <__mutex_try_enter_block_until_veneer>
100061e2:	2300      	movs	r3, #0
100061e4:	0007      	movs	r7, r0
100061e6:	9303      	str	r3, [sp, #12]
100061e8:	0022      	movs	r2, r4
100061ea:	002b      	movs	r3, r5
100061ec:	4825      	ldr	r0, [pc, #148]	; (10006284 <__wrap_vprintf+0xc8>)
100061ee:	a903      	add	r1, sp, #12
100061f0:	f7ff fdba 	bl	10005d68 <vfctprintf>
100061f4:	9b03      	ldr	r3, [sp, #12]
100061f6:	4680      	mov	r8, r0
100061f8:	2b00      	cmp	r3, #0
100061fa:	d114      	bne.n	10006226 <__wrap_vprintf+0x6a>
100061fc:	4b22      	ldr	r3, [pc, #136]	; (10006288 <__wrap_vprintf+0xcc>)
100061fe:	681c      	ldr	r4, [r3, #0]
10006200:	2c00      	cmp	r4, #0
10006202:	d006      	beq.n	10006212 <__wrap_vprintf+0x56>
10006204:	6863      	ldr	r3, [r4, #4]
10006206:	2b00      	cmp	r3, #0
10006208:	d00b      	beq.n	10006222 <__wrap_vprintf+0x66>
1000620a:	4798      	blx	r3
1000620c:	6924      	ldr	r4, [r4, #16]
1000620e:	2c00      	cmp	r4, #0
10006210:	d1f8      	bne.n	10006204 <__wrap_vprintf+0x48>
10006212:	2f00      	cmp	r7, #0
10006214:	d127      	bne.n	10006266 <__wrap_vprintf+0xaa>
10006216:	4640      	mov	r0, r8
10006218:	b025      	add	sp, #148	; 0x94
1000621a:	bcc0      	pop	{r6, r7}
1000621c:	46b9      	mov	r9, r7
1000621e:	46b0      	mov	r8, r6
10006220:	bdf0      	pop	{r4, r5, r6, r7, pc}
10006222:	6924      	ldr	r4, [r4, #16]
10006224:	e7ec      	b.n	10006200 <__wrap_vprintf+0x44>
10006226:	4b18      	ldr	r3, [pc, #96]	; (10006288 <__wrap_vprintf+0xcc>)
10006228:	681d      	ldr	r5, [r3, #0]
1000622a:	4699      	mov	r9, r3
1000622c:	2d00      	cmp	r5, #0
1000622e:	d022      	beq.n	10006276 <__wrap_vprintf+0xba>
10006230:	4c16      	ldr	r4, [pc, #88]	; (1000628c <__wrap_vprintf+0xd0>)
10006232:	e002      	b.n	1000623a <__wrap_vprintf+0x7e>
10006234:	692d      	ldr	r5, [r5, #16]
10006236:	2d00      	cmp	r5, #0
10006238:	d011      	beq.n	1000625e <__wrap_vprintf+0xa2>
1000623a:	682b      	ldr	r3, [r5, #0]
1000623c:	2b00      	cmp	r3, #0
1000623e:	d0f9      	beq.n	10006234 <__wrap_vprintf+0x78>
10006240:	6823      	ldr	r3, [r4, #0]
10006242:	2b00      	cmp	r3, #0
10006244:	d001      	beq.n	1000624a <__wrap_vprintf+0x8e>
10006246:	429d      	cmp	r5, r3
10006248:	d1f4      	bne.n	10006234 <__wrap_vprintf+0x78>
1000624a:	9b03      	ldr	r3, [sp, #12]
1000624c:	0028      	movs	r0, r5
1000624e:	001a      	movs	r2, r3
10006250:	a904      	add	r1, sp, #16
10006252:	9301      	str	r3, [sp, #4]
10006254:	f7ff fdd4 	bl	10005e00 <stdio_out_chars_crlf>
10006258:	692d      	ldr	r5, [r5, #16]
1000625a:	2d00      	cmp	r5, #0
1000625c:	d1ed      	bne.n	1000623a <__wrap_vprintf+0x7e>
1000625e:	464b      	mov	r3, r9
10006260:	9503      	str	r5, [sp, #12]
10006262:	681c      	ldr	r4, [r3, #0]
10006264:	e7cc      	b.n	10006200 <__wrap_vprintf+0x44>
10006266:	0030      	movs	r0, r6
10006268:	f003 f932 	bl	100094d0 <__mutex_exit_veneer>
1000626c:	e7d3      	b.n	10006216 <__wrap_vprintf+0x5a>
1000626e:	2201      	movs	r2, #1
10006270:	4b07      	ldr	r3, [pc, #28]	; (10006290 <__wrap_vprintf+0xd4>)
10006272:	4252      	negs	r2, r2
10006274:	e7b1      	b.n	100061da <__wrap_vprintf+0x1e>
10006276:	9503      	str	r5, [sp, #12]
10006278:	e7cb      	b.n	10006212 <__wrap_vprintf+0x56>
1000627a:	46c0      	nop			; (mov r8, r8)
1000627c:	000f4240 	.word	0x000f4240
10006280:	20001658 	.word	0x20001658
10006284:	10005eb5 	.word	0x10005eb5
10006288:	200021a0 	.word	0x200021a0
1000628c:	200021ac 	.word	0x200021ac
10006290:	7fffffff 	.word	0x7fffffff

10006294 <__wrap_printf>:
10006294:	b40f      	push	{r0, r1, r2, r3}
10006296:	b500      	push	{lr}
10006298:	b083      	sub	sp, #12
1000629a:	a904      	add	r1, sp, #16
1000629c:	c901      	ldmia	r1!, {r0}
1000629e:	9101      	str	r1, [sp, #4]
100062a0:	f7ff ff8c 	bl	100061bc <__wrap_vprintf>
100062a4:	b003      	add	sp, #12
100062a6:	bc08      	pop	{r3}
100062a8:	b004      	add	sp, #16
100062aa:	4718      	bx	r3

100062ac <resetd_init>:
100062ac:	4770      	bx	lr
100062ae:	46c0      	nop			; (mov r8, r8)

100062b0 <resetd_reset>:
100062b0:	2200      	movs	r2, #0
100062b2:	4b01      	ldr	r3, [pc, #4]	; (100062b8 <resetd_reset+0x8>)
100062b4:	701a      	strb	r2, [r3, #0]
100062b6:	4770      	bx	lr
100062b8:	20004072 	.word	0x20004072

100062bc <resetd_open>:
100062bc:	794b      	ldrb	r3, [r1, #5]
100062be:	2000      	movs	r0, #0
100062c0:	2bff      	cmp	r3, #255	; 0xff
100062c2:	d10b      	bne.n	100062dc <resetd_open+0x20>
100062c4:	798b      	ldrb	r3, [r1, #6]
100062c6:	2b00      	cmp	r3, #0
100062c8:	d108      	bne.n	100062dc <resetd_open+0x20>
100062ca:	79cb      	ldrb	r3, [r1, #7]
100062cc:	2b01      	cmp	r3, #1
100062ce:	d105      	bne.n	100062dc <resetd_open+0x20>
100062d0:	2a08      	cmp	r2, #8
100062d2:	d903      	bls.n	100062dc <resetd_open+0x20>
100062d4:	788a      	ldrb	r2, [r1, #2]
100062d6:	4b02      	ldr	r3, [pc, #8]	; (100062e0 <resetd_open+0x24>)
100062d8:	3009      	adds	r0, #9
100062da:	701a      	strb	r2, [r3, #0]
100062dc:	4770      	bx	lr
100062de:	46c0      	nop			; (mov r8, r8)
100062e0:	20004072 	.word	0x20004072

100062e4 <resetd_xfer_cb>:
100062e4:	2001      	movs	r0, #1
100062e6:	4770      	bx	lr

100062e8 <resetd_control_xfer_cb>:
100062e8:	b510      	push	{r4, lr}
100062ea:	2901      	cmp	r1, #1
100062ec:	d109      	bne.n	10006302 <resetd_control_xfer_cb+0x1a>
100062ee:	4915      	ldr	r1, [pc, #84]	; (10006344 <resetd_control_xfer_cb+0x5c>)
100062f0:	7953      	ldrb	r3, [r2, #5]
100062f2:	7910      	ldrb	r0, [r2, #4]
100062f4:	7809      	ldrb	r1, [r1, #0]
100062f6:	021b      	lsls	r3, r3, #8
100062f8:	4303      	orrs	r3, r0
100062fa:	2000      	movs	r0, #0
100062fc:	4299      	cmp	r1, r3
100062fe:	d002      	beq.n	10006306 <resetd_control_xfer_cb+0x1e>
10006300:	bd10      	pop	{r4, pc}
10006302:	2001      	movs	r0, #1
10006304:	e7fc      	b.n	10006300 <resetd_control_xfer_cb+0x18>
10006306:	7853      	ldrb	r3, [r2, #1]
10006308:	2b01      	cmp	r3, #1
1000630a:	d008      	beq.n	1000631e <resetd_control_xfer_cb+0x36>
1000630c:	2b02      	cmp	r3, #2
1000630e:	d1f7      	bne.n	10006300 <resetd_control_xfer_cb+0x18>
10006310:	2000      	movs	r0, #0
10006312:	2264      	movs	r2, #100	; 0x64
10006314:	2100      	movs	r1, #0
10006316:	f7fd f933 	bl	10003580 <watchdog_reboot>
1000631a:	2001      	movs	r0, #1
1000631c:	e7f0      	b.n	10006300 <resetd_control_xfer_cb+0x18>
1000631e:	78d3      	ldrb	r3, [r2, #3]
10006320:	7891      	ldrb	r1, [r2, #2]
10006322:	021b      	lsls	r3, r3, #8
10006324:	4319      	orrs	r1, r3
10006326:	05db      	lsls	r3, r3, #23
10006328:	d507      	bpl.n	1000633a <resetd_control_xfer_cb+0x52>
1000632a:	0a4a      	lsrs	r2, r1, #9
1000632c:	0010      	movs	r0, r2
1000632e:	2301      	movs	r3, #1
10006330:	401a      	ands	r2, r3
10006332:	337e      	adds	r3, #126	; 0x7e
10006334:	4019      	ands	r1, r3
10006336:	f7fd f9c1 	bl	100036bc <rom_reset_usb_boot_extra>
1000633a:	2001      	movs	r0, #1
1000633c:	0a4a      	lsrs	r2, r1, #9
1000633e:	4240      	negs	r0, r0
10006340:	e7f5      	b.n	1000632e <resetd_control_xfer_cb+0x46>
10006342:	46c0      	nop			; (mov r8, r8)
10006344:	20004072 	.word	0x20004072

10006348 <tud_descriptor_bos_cb>:
10006348:	4800      	ldr	r0, [pc, #0]	; (1000634c <tud_descriptor_bos_cb+0x4>)
1000634a:	4770      	bx	lr
1000634c:	1000adf4 	.word	0x1000adf4

10006350 <tud_vendor_control_xfer_cb>:
10006350:	b570      	push	{r4, r5, r6, lr}
10006352:	0005      	movs	r5, r0
10006354:	0014      	movs	r4, r2
10006356:	2001      	movs	r0, #1
10006358:	2901      	cmp	r1, #1
1000635a:	d109      	bne.n	10006370 <tud_vendor_control_xfer_cb+0x20>
1000635c:	7853      	ldrb	r3, [r2, #1]
1000635e:	2000      	movs	r0, #0
10006360:	2b01      	cmp	r3, #1
10006362:	d105      	bne.n	10006370 <tud_vendor_control_xfer_cb+0x20>
10006364:	7963      	ldrb	r3, [r4, #5]
10006366:	7912      	ldrb	r2, [r2, #4]
10006368:	021b      	lsls	r3, r3, #8
1000636a:	4313      	orrs	r3, r2
1000636c:	2b07      	cmp	r3, #7
1000636e:	d000      	beq.n	10006372 <tud_vendor_control_xfer_cb+0x22>
10006370:	bd70      	pop	{r4, r5, r6, pc}
10006372:	0021      	movs	r1, r4
10006374:	0028      	movs	r0, r5
10006376:	4a02      	ldr	r2, [pc, #8]	; (10006380 <tud_vendor_control_xfer_cb+0x30>)
10006378:	339f      	adds	r3, #159	; 0x9f
1000637a:	f001 fa6f 	bl	1000785c <tud_control_xfer>
1000637e:	e7f7      	b.n	10006370 <tud_vendor_control_xfer_cb+0x20>
10006380:	1000ae18 	.word	0x1000ae18

10006384 <usbd_app_driver_get_cb>:
10006384:	2301      	movs	r3, #1
10006386:	7003      	strb	r3, [r0, #0]
10006388:	4800      	ldr	r0, [pc, #0]	; (1000638c <usbd_app_driver_get_cb+0x8>)
1000638a:	4770      	bx	lr
1000638c:	1000add4 	.word	0x1000add4

10006390 <tud_cdc_line_coding_cb>:
10006390:	7848      	ldrb	r0, [r1, #1]
10006392:	780b      	ldrb	r3, [r1, #0]
10006394:	788a      	ldrb	r2, [r1, #2]
10006396:	0200      	lsls	r0, r0, #8
10006398:	4318      	orrs	r0, r3
1000639a:	0412      	lsls	r2, r2, #16
1000639c:	4310      	orrs	r0, r2
1000639e:	2296      	movs	r2, #150	; 0x96
100063a0:	78cb      	ldrb	r3, [r1, #3]
100063a2:	b510      	push	{r4, lr}
100063a4:	061b      	lsls	r3, r3, #24
100063a6:	4303      	orrs	r3, r0
100063a8:	00d2      	lsls	r2, r2, #3
100063aa:	4293      	cmp	r3, r2
100063ac:	d000      	beq.n	100063b0 <tud_cdc_line_coding_cb+0x20>
100063ae:	bd10      	pop	{r4, pc}
100063b0:	2200      	movs	r2, #0
100063b2:	2001      	movs	r0, #1
100063b4:	0011      	movs	r1, r2
100063b6:	4240      	negs	r0, r0
100063b8:	f7fd f980 	bl	100036bc <rom_reset_usb_boot_extra>

100063bc <stdio_usb_set_chars_available_callback>:
100063bc:	4b02      	ldr	r3, [pc, #8]	; (100063c8 <stdio_usb_set_chars_available_callback+0xc>)
100063be:	6018      	str	r0, [r3, #0]
100063c0:	4b02      	ldr	r3, [pc, #8]	; (100063cc <stdio_usb_set_chars_available_callback+0x10>)
100063c2:	6019      	str	r1, [r3, #0]
100063c4:	4770      	bx	lr
100063c6:	46c0      	nop			; (mov r8, r8)
100063c8:	2000213c 	.word	0x2000213c
100063cc:	20002140 	.word	0x20002140

100063d0 <usb_irq>:
100063d0:	b510      	push	{r4, lr}
100063d2:	4b02      	ldr	r3, [pc, #8]	; (100063dc <usb_irq+0xc>)
100063d4:	7818      	ldrb	r0, [r3, #0]
100063d6:	f7fb ff21 	bl	1000221c <irq_set_pending>
100063da:	bd10      	pop	{r4, pc}
100063dc:	20004074 	.word	0x20004074

100063e0 <timer_task>:
100063e0:	4b15      	ldr	r3, [pc, #84]	; (10006438 <timer_task+0x58>)
100063e2:	b570      	push	{r4, r5, r6, lr}
100063e4:	681a      	ldr	r2, [r3, #0]
100063e6:	2a00      	cmp	r2, #0
100063e8:	d022      	beq.n	10006430 <timer_task+0x50>
100063ea:	f3ef 8110 	mrs	r1, PRIMASK
100063ee:	b672      	cpsid	i
100063f0:	6810      	ldr	r0, [r2, #0]
100063f2:	2800      	cmp	r0, #0
100063f4:	d0fc      	beq.n	100063f0 <timer_task+0x10>
100063f6:	f3bf 8f5f 	dmb	sy
100063fa:	2200      	movs	r2, #0
100063fc:	480f      	ldr	r0, [pc, #60]	; (1000643c <timer_task+0x5c>)
100063fe:	6059      	str	r1, [r3, #4]
10006400:	7002      	strb	r2, [r0, #0]
10006402:	681b      	ldr	r3, [r3, #0]
10006404:	f3bf 8f5f 	dmb	sy
10006408:	601a      	str	r2, [r3, #0]
1000640a:	f381 8810 	msr	PRIMASK, r1
1000640e:	2400      	movs	r4, #0
10006410:	2500      	movs	r5, #0
10006412:	4e0b      	ldr	r6, [pc, #44]	; (10006440 <timer_task+0x60>)
10006414:	7830      	ldrb	r0, [r6, #0]
10006416:	f7fb fef5 	bl	10002204 <irq_is_enabled>
1000641a:	2800      	cmp	r0, #0
1000641c:	d104      	bne.n	10006428 <timer_task+0x48>
1000641e:	2400      	movs	r4, #0
10006420:	2500      	movs	r5, #0
10006422:	0029      	movs	r1, r5
10006424:	0020      	movs	r0, r4
10006426:	bd70      	pop	{r4, r5, r6, pc}
10006428:	7830      	ldrb	r0, [r6, #0]
1000642a:	f7fb fef7 	bl	1000221c <irq_set_pending>
1000642e:	e7f8      	b.n	10006422 <timer_task+0x42>
10006430:	24fa      	movs	r4, #250	; 0xfa
10006432:	2500      	movs	r5, #0
10006434:	00a4      	lsls	r4, r4, #2
10006436:	e7ec      	b.n	10006412 <timer_task+0x32>
10006438:	20002e88 	.word	0x20002e88
1000643c:	20004075 	.word	0x20004075
10006440:	20004074 	.word	0x20004074

10006444 <stdio_usb_in_chars>:
10006444:	b570      	push	{r4, r5, r6, lr}
10006446:	0004      	movs	r4, r0
10006448:	2000      	movs	r0, #0
1000644a:	000e      	movs	r6, r1
1000644c:	f001 fb30 	bl	10007ab0 <tud_cdc_n_connected>
10006450:	2800      	cmp	r0, #0
10006452:	d035      	beq.n	100064c0 <stdio_usb_in_chars+0x7c>
10006454:	2000      	movs	r0, #0
10006456:	f001 fb41 	bl	10007adc <tud_cdc_n_available>
1000645a:	2800      	cmp	r0, #0
1000645c:	d030      	beq.n	100064c0 <stdio_usb_in_chars+0x7c>
1000645e:	f7fc fd27 	bl	10002eb0 <time_us_64>
10006462:	2300      	movs	r3, #0
10006464:	4a18      	ldr	r2, [pc, #96]	; (100064c8 <stdio_usb_in_chars+0x84>)
10006466:	1812      	adds	r2, r2, r0
10006468:	414b      	adcs	r3, r1
1000646a:	2b00      	cmp	r3, #0
1000646c:	db24      	blt.n	100064b8 <stdio_usb_in_chars+0x74>
1000646e:	4d17      	ldr	r5, [pc, #92]	; (100064cc <stdio_usb_in_chars+0x88>)
10006470:	0028      	movs	r0, r5
10006472:	f003 f875 	bl	10009560 <__mutex_try_enter_block_until_veneer>
10006476:	2800      	cmp	r0, #0
10006478:	d022      	beq.n	100064c0 <stdio_usb_in_chars+0x7c>
1000647a:	2000      	movs	r0, #0
1000647c:	f001 fb18 	bl	10007ab0 <tud_cdc_n_connected>
10006480:	2800      	cmp	r0, #0
10006482:	d10b      	bne.n	1000649c <stdio_usb_in_chars+0x58>
10006484:	2001      	movs	r0, #1
10006486:	2100      	movs	r1, #0
10006488:	2403      	movs	r4, #3
1000648a:	4240      	negs	r0, r0
1000648c:	f000 fd18 	bl	10006ec0 <tud_task_ext>
10006490:	4264      	negs	r4, r4
10006492:	0028      	movs	r0, r5
10006494:	f003 f81c 	bl	100094d0 <__mutex_exit_veneer>
10006498:	0020      	movs	r0, r4
1000649a:	bd70      	pop	{r4, r5, r6, pc}
1000649c:	2000      	movs	r0, #0
1000649e:	f001 fb1d 	bl	10007adc <tud_cdc_n_available>
100064a2:	2800      	cmp	r0, #0
100064a4:	d0ee      	beq.n	10006484 <stdio_usb_in_chars+0x40>
100064a6:	0021      	movs	r1, r4
100064a8:	0032      	movs	r2, r6
100064aa:	2000      	movs	r0, #0
100064ac:	f001 fb22 	bl	10007af4 <tud_cdc_n_read>
100064b0:	1e04      	subs	r4, r0, #0
100064b2:	d1ee      	bne.n	10006492 <stdio_usb_in_chars+0x4e>
100064b4:	3c03      	subs	r4, #3
100064b6:	e7ec      	b.n	10006492 <stdio_usb_in_chars+0x4e>
100064b8:	2201      	movs	r2, #1
100064ba:	4b05      	ldr	r3, [pc, #20]	; (100064d0 <stdio_usb_in_chars+0x8c>)
100064bc:	4252      	negs	r2, r2
100064be:	e7d6      	b.n	1000646e <stdio_usb_in_chars+0x2a>
100064c0:	2403      	movs	r4, #3
100064c2:	4264      	negs	r4, r4
100064c4:	e7e8      	b.n	10006498 <stdio_usb_in_chars+0x54>
100064c6:	46c0      	nop			; (mov r8, r8)
100064c8:	000f4240 	.word	0x000f4240
100064cc:	20003fb0 	.word	0x20003fb0
100064d0:	7fffffff 	.word	0x7fffffff

100064d4 <stdio_usb_out_flush>:
100064d4:	b510      	push	{r4, lr}
100064d6:	f7fc fceb 	bl	10002eb0 <time_us_64>
100064da:	2300      	movs	r3, #0
100064dc:	4a0e      	ldr	r2, [pc, #56]	; (10006518 <stdio_usb_out_flush+0x44>)
100064de:	1812      	adds	r2, r2, r0
100064e0:	414b      	adcs	r3, r1
100064e2:	2b00      	cmp	r3, #0
100064e4:	db13      	blt.n	1000650e <stdio_usb_out_flush+0x3a>
100064e6:	4c0d      	ldr	r4, [pc, #52]	; (1000651c <stdio_usb_out_flush+0x48>)
100064e8:	0020      	movs	r0, r4
100064ea:	f003 f839 	bl	10009560 <__mutex_try_enter_block_until_veneer>
100064ee:	2800      	cmp	r0, #0
100064f0:	d00c      	beq.n	1000650c <stdio_usb_out_flush+0x38>
100064f2:	2001      	movs	r0, #1
100064f4:	2100      	movs	r1, #0
100064f6:	4240      	negs	r0, r0
100064f8:	f000 fce2 	bl	10006ec0 <tud_task_ext>
100064fc:	2000      	movs	r0, #0
100064fe:	f001 fb43 	bl	10007b88 <tud_cdc_n_write_flush>
10006502:	2800      	cmp	r0, #0
10006504:	d1f5      	bne.n	100064f2 <stdio_usb_out_flush+0x1e>
10006506:	0020      	movs	r0, r4
10006508:	f002 ffe2 	bl	100094d0 <__mutex_exit_veneer>
1000650c:	bd10      	pop	{r4, pc}
1000650e:	2201      	movs	r2, #1
10006510:	4b03      	ldr	r3, [pc, #12]	; (10006520 <stdio_usb_out_flush+0x4c>)
10006512:	4252      	negs	r2, r2
10006514:	e7e7      	b.n	100064e6 <stdio_usb_out_flush+0x12>
10006516:	46c0      	nop			; (mov r8, r8)
10006518:	000f4240 	.word	0x000f4240
1000651c:	20003fb0 	.word	0x20003fb0
10006520:	7fffffff 	.word	0x7fffffff

10006524 <stdio_usb_out_chars>:
10006524:	b5f8      	push	{r3, r4, r5, r6, r7, lr}
10006526:	46de      	mov	lr, fp
10006528:	4657      	mov	r7, sl
1000652a:	b580      	push	{r7, lr}
1000652c:	0005      	movs	r5, r0
1000652e:	000c      	movs	r4, r1
10006530:	f7fc fcbe 	bl	10002eb0 <time_us_64>
10006534:	2300      	movs	r3, #0
10006536:	4a36      	ldr	r2, [pc, #216]	; (10006610 <stdio_usb_out_chars+0xec>)
10006538:	1812      	adds	r2, r2, r0
1000653a:	414b      	adcs	r3, r1
1000653c:	2b00      	cmp	r3, #0
1000653e:	db5a      	blt.n	100065f6 <stdio_usb_out_chars+0xd2>
10006540:	4934      	ldr	r1, [pc, #208]	; (10006614 <stdio_usb_out_chars+0xf0>)
10006542:	0008      	movs	r0, r1
10006544:	468a      	mov	sl, r1
10006546:	f003 f80b 	bl	10009560 <__mutex_try_enter_block_until_veneer>
1000654a:	2800      	cmp	r0, #0
1000654c:	d103      	bne.n	10006556 <stdio_usb_out_chars+0x32>
1000654e:	bcc0      	pop	{r6, r7}
10006550:	46bb      	mov	fp, r7
10006552:	46b2      	mov	sl, r6
10006554:	bdf8      	pop	{r3, r4, r5, r6, r7, pc}
10006556:	2000      	movs	r0, #0
10006558:	f001 faaa 	bl	10007ab0 <tud_cdc_n_connected>
1000655c:	2800      	cmp	r0, #0
1000655e:	d04e      	beq.n	100065fe <stdio_usb_out_chars+0xda>
10006560:	2600      	movs	r6, #0
10006562:	2c00      	cmp	r4, #0
10006564:	dd43      	ble.n	100065ee <stdio_usb_out_chars+0xca>
10006566:	4b2c      	ldr	r3, [pc, #176]	; (10006618 <stdio_usb_out_chars+0xf4>)
10006568:	469b      	mov	fp, r3
1000656a:	e014      	b.n	10006596 <stdio_usb_out_chars+0x72>
1000656c:	19a9      	adds	r1, r5, r6
1000656e:	2000      	movs	r0, #0
10006570:	f001 fb46 	bl	10007c00 <tud_cdc_n_write>
10006574:	0007      	movs	r7, r0
10006576:	2001      	movs	r0, #1
10006578:	2100      	movs	r1, #0
1000657a:	4240      	negs	r0, r0
1000657c:	f000 fca0 	bl	10006ec0 <tud_task_ext>
10006580:	2000      	movs	r0, #0
10006582:	f001 fb01 	bl	10007b88 <tud_cdc_n_write_flush>
10006586:	f7fc fc93 	bl	10002eb0 <time_us_64>
1000658a:	4b23      	ldr	r3, [pc, #140]	; (10006618 <stdio_usb_out_chars+0xf4>)
1000658c:	19f6      	adds	r6, r6, r7
1000658e:	6018      	str	r0, [r3, #0]
10006590:	6059      	str	r1, [r3, #4]
10006592:	42b4      	cmp	r4, r6
10006594:	dd2b      	ble.n	100065ee <stdio_usb_out_chars+0xca>
10006596:	2000      	movs	r0, #0
10006598:	f001 fb54 	bl	10007c44 <tud_cdc_n_write_available>
1000659c:	1ba7      	subs	r7, r4, r6
1000659e:	0002      	movs	r2, r0
100065a0:	42b8      	cmp	r0, r7
100065a2:	dd00      	ble.n	100065a6 <stdio_usb_out_chars+0x82>
100065a4:	003a      	movs	r2, r7
100065a6:	2a00      	cmp	r2, #0
100065a8:	d1e0      	bne.n	1000656c <stdio_usb_out_chars+0x48>
100065aa:	2001      	movs	r0, #1
100065ac:	2100      	movs	r1, #0
100065ae:	4240      	negs	r0, r0
100065b0:	f000 fc86 	bl	10006ec0 <tud_task_ext>
100065b4:	2000      	movs	r0, #0
100065b6:	f001 fae7 	bl	10007b88 <tud_cdc_n_write_flush>
100065ba:	2000      	movs	r0, #0
100065bc:	f001 fa78 	bl	10007ab0 <tud_cdc_n_connected>
100065c0:	2800      	cmp	r0, #0
100065c2:	d014      	beq.n	100065ee <stdio_usb_out_chars+0xca>
100065c4:	2000      	movs	r0, #0
100065c6:	f001 fb3d 	bl	10007c44 <tud_cdc_n_write_available>
100065ca:	2800      	cmp	r0, #0
100065cc:	d1e1      	bne.n	10006592 <stdio_usb_out_chars+0x6e>
100065ce:	f7fc fc6f 	bl	10002eb0 <time_us_64>
100065d2:	465b      	mov	r3, fp
100065d4:	000f      	movs	r7, r1
100065d6:	681a      	ldr	r2, [r3, #0]
100065d8:	685b      	ldr	r3, [r3, #4]
100065da:	2100      	movs	r1, #0
100065dc:	4684      	mov	ip, r0
100065de:	480f      	ldr	r0, [pc, #60]	; (1000661c <stdio_usb_out_chars+0xf8>)
100065e0:	1812      	adds	r2, r2, r0
100065e2:	414b      	adcs	r3, r1
100065e4:	429f      	cmp	r7, r3
100065e6:	d802      	bhi.n	100065ee <stdio_usb_out_chars+0xca>
100065e8:	d1d3      	bne.n	10006592 <stdio_usb_out_chars+0x6e>
100065ea:	4594      	cmp	ip, r2
100065ec:	d9d1      	bls.n	10006592 <stdio_usb_out_chars+0x6e>
100065ee:	4650      	mov	r0, sl
100065f0:	f002 ff6e 	bl	100094d0 <__mutex_exit_veneer>
100065f4:	e7ab      	b.n	1000654e <stdio_usb_out_chars+0x2a>
100065f6:	2201      	movs	r2, #1
100065f8:	4b09      	ldr	r3, [pc, #36]	; (10006620 <stdio_usb_out_chars+0xfc>)
100065fa:	4252      	negs	r2, r2
100065fc:	e7a0      	b.n	10006540 <stdio_usb_out_chars+0x1c>
100065fe:	2000      	movs	r0, #0
10006600:	2100      	movs	r1, #0
10006602:	4b05      	ldr	r3, [pc, #20]	; (10006618 <stdio_usb_out_chars+0xf4>)
10006604:	6018      	str	r0, [r3, #0]
10006606:	6059      	str	r1, [r3, #4]
10006608:	4650      	mov	r0, sl
1000660a:	f002 ff61 	bl	100094d0 <__mutex_exit_veneer>
1000660e:	e79e      	b.n	1000654e <stdio_usb_out_chars+0x2a>
10006610:	000f4240 	.word	0x000f4240
10006614:	20003fb0 	.word	0x20003fb0
10006618:	200017e0 	.word	0x200017e0
1000661c:	0007a120 	.word	0x0007a120
10006620:	7fffffff 	.word	0x7fffffff

10006624 <low_priority_worker_irq>:
10006624:	b530      	push	{r4, r5, lr}
10006626:	4c2a      	ldr	r4, [pc, #168]	; (100066d0 <low_priority_worker_irq+0xac>)
10006628:	b085      	sub	sp, #20
1000662a:	2100      	movs	r1, #0
1000662c:	0020      	movs	r0, r4
1000662e:	f002 ff7f 	bl	10009530 <__mutex_try_enter_veneer>
10006632:	2800      	cmp	r0, #0
10006634:	d11c      	bne.n	10006670 <low_priority_worker_irq+0x4c>
10006636:	4b27      	ldr	r3, [pc, #156]	; (100066d4 <low_priority_worker_irq+0xb0>)
10006638:	681a      	ldr	r2, [r3, #0]
1000663a:	2a00      	cmp	r2, #0
1000663c:	d016      	beq.n	1000666c <low_priority_worker_irq+0x48>
1000663e:	f3ef 8110 	mrs	r1, PRIMASK
10006642:	b672      	cpsid	i
10006644:	6810      	ldr	r0, [r2, #0]
10006646:	2800      	cmp	r0, #0
10006648:	d0fc      	beq.n	10006644 <low_priority_worker_irq+0x20>
1000664a:	f3bf 8f5f 	dmb	sy
1000664e:	2401      	movs	r4, #1
10006650:	4821      	ldr	r0, [pc, #132]	; (100066d8 <low_priority_worker_irq+0xb4>)
10006652:	6059      	str	r1, [r3, #4]
10006654:	7802      	ldrb	r2, [r0, #0]
10006656:	681b      	ldr	r3, [r3, #0]
10006658:	b2d2      	uxtb	r2, r2
1000665a:	7004      	strb	r4, [r0, #0]
1000665c:	f3bf 8f5f 	dmb	sy
10006660:	2000      	movs	r0, #0
10006662:	6018      	str	r0, [r3, #0]
10006664:	f381 8810 	msr	PRIMASK, r1
10006668:	2a00      	cmp	r2, #0
1000666a:	d017      	beq.n	1000669c <low_priority_worker_irq+0x78>
1000666c:	b005      	add	sp, #20
1000666e:	bd30      	pop	{r4, r5, pc}
10006670:	2001      	movs	r0, #1
10006672:	2100      	movs	r1, #0
10006674:	4240      	negs	r0, r0
10006676:	f000 fc23 	bl	10006ec0 <tud_task_ext>
1000667a:	2000      	movs	r0, #0
1000667c:	f001 fa2e 	bl	10007adc <tud_cdc_n_available>
10006680:	0005      	movs	r5, r0
10006682:	0020      	movs	r0, r4
10006684:	f002 ff24 	bl	100094d0 <__mutex_exit_veneer>
10006688:	2d00      	cmp	r5, #0
1000668a:	d0ef      	beq.n	1000666c <low_priority_worker_irq+0x48>
1000668c:	4b13      	ldr	r3, [pc, #76]	; (100066dc <low_priority_worker_irq+0xb8>)
1000668e:	681b      	ldr	r3, [r3, #0]
10006690:	2b00      	cmp	r3, #0
10006692:	d0eb      	beq.n	1000666c <low_priority_worker_irq+0x48>
10006694:	4a12      	ldr	r2, [pc, #72]	; (100066e0 <low_priority_worker_irq+0xbc>)
10006696:	6810      	ldr	r0, [r2, #0]
10006698:	4798      	blx	r3
1000669a:	e7e7      	b.n	1000666c <low_priority_worker_irq+0x48>
1000669c:	f7fc f9ca 	bl	10002a34 <alarm_pool_get_default>
100066a0:	0004      	movs	r4, r0
100066a2:	f7fc fc05 	bl	10002eb0 <time_us_64>
100066a6:	22fa      	movs	r2, #250	; 0xfa
100066a8:	2300      	movs	r3, #0
100066aa:	0092      	lsls	r2, r2, #2
100066ac:	1812      	adds	r2, r2, r0
100066ae:	414b      	adcs	r3, r1
100066b0:	2b00      	cmp	r3, #0
100066b2:	db09      	blt.n	100066c8 <low_priority_worker_irq+0xa4>
100066b4:	2101      	movs	r1, #1
100066b6:	9102      	str	r1, [sp, #8]
100066b8:	2100      	movs	r1, #0
100066ba:	9101      	str	r1, [sp, #4]
100066bc:	4909      	ldr	r1, [pc, #36]	; (100066e4 <low_priority_worker_irq+0xc0>)
100066be:	0020      	movs	r0, r4
100066c0:	9100      	str	r1, [sp, #0]
100066c2:	f7fc f9bb 	bl	10002a3c <alarm_pool_add_alarm_at>
100066c6:	e7d1      	b.n	1000666c <low_priority_worker_irq+0x48>
100066c8:	2201      	movs	r2, #1
100066ca:	4b07      	ldr	r3, [pc, #28]	; (100066e8 <low_priority_worker_irq+0xc4>)
100066cc:	4252      	negs	r2, r2
100066ce:	e7f1      	b.n	100066b4 <low_priority_worker_irq+0x90>
100066d0:	20003fb0 	.word	0x20003fb0
100066d4:	20002e88 	.word	0x20002e88
100066d8:	20004075 	.word	0x20004075
100066dc:	2000213c 	.word	0x2000213c
100066e0:	20002140 	.word	0x20002140
100066e4:	100063e1 	.word	0x100063e1
100066e8:	7fffffff 	.word	0x7fffffff

100066ec <stdio_usb_init>:
100066ec:	23d0      	movs	r3, #208	; 0xd0
100066ee:	b510      	push	{r4, lr}
100066f0:	061b      	lsls	r3, r3, #24
100066f2:	b084      	sub	sp, #16
100066f4:	681c      	ldr	r4, [r3, #0]
100066f6:	f7fc f99d 	bl	10002a34 <alarm_pool_get_default>
100066fa:	f7fc fa99 	bl	10002c30 <alarm_pool_core_num>
100066fe:	42a0      	cmp	r0, r4
10006700:	d002      	beq.n	10006708 <stdio_usb_init+0x1c>
10006702:	2000      	movs	r0, #0
10006704:	b004      	add	sp, #16
10006706:	bd10      	pop	{r4, pc}
10006708:	4b29      	ldr	r3, [pc, #164]	; (100067b0 <stdio_usb_init+0xc4>)
1000670a:	2100      	movs	r1, #0
1000670c:	2000      	movs	r0, #0
1000670e:	781b      	ldrb	r3, [r3, #0]
10006710:	f001 fd8c 	bl	1000822c <tusb_rhport_init>
10006714:	4827      	ldr	r0, [pc, #156]	; (100067b4 <stdio_usb_init+0xc8>)
10006716:	6803      	ldr	r3, [r0, #0]
10006718:	2b00      	cmp	r3, #0
1000671a:	d041      	beq.n	100067a0 <stdio_usb_init+0xb4>
1000671c:	2001      	movs	r0, #1
1000671e:	f7fb ff0f 	bl	10002540 <user_irq_claim_unused>
10006722:	23ff      	movs	r3, #255	; 0xff
10006724:	4c24      	ldr	r4, [pc, #144]	; (100067b8 <stdio_usb_init+0xcc>)
10006726:	4925      	ldr	r1, [pc, #148]	; (100067bc <stdio_usb_init+0xd0>)
10006728:	7020      	strb	r0, [r4, #0]
1000672a:	4018      	ands	r0, r3
1000672c:	f7fb fd90 	bl	10002250 <irq_set_exclusive_handler>
10006730:	7820      	ldrb	r0, [r4, #0]
10006732:	2101      	movs	r1, #1
10006734:	f7fb fd54 	bl	100021e0 <irq_set_enabled>
10006738:	2005      	movs	r0, #5
1000673a:	f7fb fd77 	bl	1000222c <irq_has_shared_handler>
1000673e:	2800      	cmp	r0, #0
10006740:	d121      	bne.n	10006786 <stdio_usb_init+0x9a>
10006742:	2208      	movs	r2, #8
10006744:	2100      	movs	r1, #0
10006746:	481e      	ldr	r0, [pc, #120]	; (100067c0 <stdio_usb_init+0xd4>)
10006748:	f7fe f848 	bl	100047dc <__wrap_memset>
1000674c:	f7fc f972 	bl	10002a34 <alarm_pool_get_default>
10006750:	0004      	movs	r4, r0
10006752:	f7fc fbad 	bl	10002eb0 <time_us_64>
10006756:	22fa      	movs	r2, #250	; 0xfa
10006758:	2300      	movs	r3, #0
1000675a:	0092      	lsls	r2, r2, #2
1000675c:	1812      	adds	r2, r2, r0
1000675e:	414b      	adcs	r3, r1
10006760:	2b00      	cmp	r3, #0
10006762:	db20      	blt.n	100067a6 <stdio_usb_init+0xba>
10006764:	2101      	movs	r1, #1
10006766:	9102      	str	r1, [sp, #8]
10006768:	2100      	movs	r1, #0
1000676a:	9101      	str	r1, [sp, #4]
1000676c:	4915      	ldr	r1, [pc, #84]	; (100067c4 <stdio_usb_init+0xd8>)
1000676e:	0020      	movs	r0, r4
10006770:	9100      	str	r1, [sp, #0]
10006772:	f7fc f963 	bl	10002a3c <alarm_pool_add_alarm_at>
10006776:	2800      	cmp	r0, #0
10006778:	dbc3      	blt.n	10006702 <stdio_usb_init+0x16>
1000677a:	4813      	ldr	r0, [pc, #76]	; (100067c8 <stdio_usb_init+0xdc>)
1000677c:	2101      	movs	r1, #1
1000677e:	f7ff fc4b 	bl	10006018 <stdio_set_driver_enabled>
10006782:	2001      	movs	r0, #1
10006784:	e7be      	b.n	10006704 <stdio_usb_init+0x18>
10006786:	2001      	movs	r0, #1
10006788:	f7fb fcfa 	bl	10002180 <spin_lock_claim_unused>
1000678c:	0001      	movs	r1, r0
1000678e:	480c      	ldr	r0, [pc, #48]	; (100067c0 <stdio_usb_init+0xd4>)
10006790:	f7fb ff3c 	bl	1000260c <critical_section_init_with_lock_num>
10006794:	2200      	movs	r2, #0
10006796:	2005      	movs	r0, #5
10006798:	490c      	ldr	r1, [pc, #48]	; (100067cc <stdio_usb_init+0xe0>)
1000679a:	f7fb fd83 	bl	100022a4 <irq_add_shared_handler>
1000679e:	e7ec      	b.n	1000677a <stdio_usb_init+0x8e>
100067a0:	f7fb ff16 	bl	100025d0 <mutex_init>
100067a4:	e7ba      	b.n	1000671c <stdio_usb_init+0x30>
100067a6:	2201      	movs	r2, #1
100067a8:	4b09      	ldr	r3, [pc, #36]	; (100067d0 <stdio_usb_init+0xe4>)
100067aa:	4252      	negs	r2, r2
100067ac:	e7da      	b.n	10006764 <stdio_usb_init+0x78>
100067ae:	46c0      	nop			; (mov r8, r8)
100067b0:	1000b1f0 	.word	0x1000b1f0
100067b4:	20003fb0 	.word	0x20003fb0
100067b8:	20004074 	.word	0x20004074
100067bc:	10006625 	.word	0x10006625
100067c0:	20002e88 	.word	0x20002e88
100067c4:	100063e1 	.word	0x100063e1
100067c8:	200011e0 	.word	0x200011e0
100067cc:	100063d1 	.word	0x100063d1
100067d0:	7fffffff 	.word	0x7fffffff

100067d4 <stdio_usb_connected>:
100067d4:	b510      	push	{r4, lr}
100067d6:	2000      	movs	r0, #0
100067d8:	f001 f96a 	bl	10007ab0 <tud_cdc_n_connected>
100067dc:	bd10      	pop	{r4, pc}
100067de:	46c0      	nop			; (mov r8, r8)

100067e0 <tud_descriptor_device_cb>:
100067e0:	4800      	ldr	r0, [pc, #0]	; (100067e4 <tud_descriptor_device_cb+0x4>)
100067e2:	4770      	bx	lr
100067e4:	1000af60 	.word	0x1000af60

100067e8 <tud_descriptor_configuration_cb>:
100067e8:	4800      	ldr	r0, [pc, #0]	; (100067ec <tud_descriptor_configuration_cb+0x4>)
100067ea:	4770      	bx	lr
100067ec:	1000af0c 	.word	0x1000af0c

100067f0 <tud_descriptor_string_cb>:
100067f0:	b570      	push	{r4, r5, r6, lr}
100067f2:	0004      	movs	r4, r0
100067f4:	4817      	ldr	r0, [pc, #92]	; (10006854 <tud_descriptor_string_cb+0x64>)
100067f6:	7803      	ldrb	r3, [r0, #0]
100067f8:	2b00      	cmp	r3, #0
100067fa:	d021      	beq.n	10006840 <tud_descriptor_string_cb+0x50>
100067fc:	2c00      	cmp	r4, #0
100067fe:	d106      	bne.n	1000680e <tud_descriptor_string_cb+0x1e>
10006800:	24c1      	movs	r4, #193	; 0xc1
10006802:	4815      	ldr	r0, [pc, #84]	; (10006858 <tud_descriptor_string_cb+0x68>)
10006804:	4b15      	ldr	r3, [pc, #84]	; (1000685c <tud_descriptor_string_cb+0x6c>)
10006806:	00a4      	lsls	r4, r4, #2
10006808:	8043      	strh	r3, [r0, #2]
1000680a:	8004      	strh	r4, [r0, #0]
1000680c:	bd70      	pop	{r4, r5, r6, pc}
1000680e:	2c05      	cmp	r4, #5
10006810:	d81d      	bhi.n	1000684e <tud_descriptor_string_cb+0x5e>
10006812:	4b13      	ldr	r3, [pc, #76]	; (10006860 <tud_descriptor_string_cb+0x70>)
10006814:	4810      	ldr	r0, [pc, #64]	; (10006858 <tud_descriptor_string_cb+0x68>)
10006816:	00a4      	lsls	r4, r4, #2
10006818:	58e5      	ldr	r5, [r4, r3]
1000681a:	1c81      	adds	r1, r0, #2
1000681c:	2300      	movs	r3, #0
1000681e:	e004      	b.n	1000682a <tud_descriptor_string_cb+0x3a>
10006820:	3301      	adds	r3, #1
10006822:	800a      	strh	r2, [r1, #0]
10006824:	3102      	adds	r1, #2
10006826:	2b13      	cmp	r3, #19
10006828:	d00e      	beq.n	10006848 <tud_descriptor_string_cb+0x58>
1000682a:	5cea      	ldrb	r2, [r5, r3]
1000682c:	b2dc      	uxtb	r4, r3
1000682e:	2a00      	cmp	r2, #0
10006830:	d1f6      	bne.n	10006820 <tud_descriptor_string_cb+0x30>
10006832:	23c0      	movs	r3, #192	; 0xc0
10006834:	3401      	adds	r4, #1
10006836:	b2e4      	uxtb	r4, r4
10006838:	0064      	lsls	r4, r4, #1
1000683a:	009b      	lsls	r3, r3, #2
1000683c:	431c      	orrs	r4, r3
1000683e:	e7e4      	b.n	1000680a <tud_descriptor_string_cb+0x1a>
10006840:	2111      	movs	r1, #17
10006842:	f000 f81f 	bl	10006884 <pico_get_unique_board_id_string>
10006846:	e7d9      	b.n	100067fc <tud_descriptor_string_cb+0xc>
10006848:	24ca      	movs	r4, #202	; 0xca
1000684a:	00a4      	lsls	r4, r4, #2
1000684c:	e7dd      	b.n	1000680a <tud_descriptor_string_cb+0x1a>
1000684e:	2000      	movs	r0, #0
10006850:	e7dc      	b.n	1000680c <tud_descriptor_string_cb+0x1c>
10006852:	46c0      	nop			; (mov r8, r8)
10006854:	2000405c 	.word	0x2000405c
10006858:	20002174 	.word	0x20002174
1000685c:	00000409 	.word	0x00000409
10006860:	1000af74 	.word	0x1000af74

10006864 <_retrieve_unique_id_on_boot>:
10006864:	b510      	push	{r4, lr}
10006866:	4802      	ldr	r0, [pc, #8]	; (10006870 <_retrieve_unique_id_on_boot+0xc>)
10006868:	f000 f8e0 	bl	10006a2c <flash_get_unique_id>
1000686c:	bd10      	pop	{r4, pc}
1000686e:	46c0      	nop			; (mov r8, r8)
10006870:	20003fa0 	.word	0x20003fa0

10006874 <pico_get_unique_board_id>:
10006874:	b510      	push	{r4, lr}
10006876:	2208      	movs	r2, #8
10006878:	4901      	ldr	r1, [pc, #4]	; (10006880 <pico_get_unique_board_id+0xc>)
1000687a:	f7fd ffb5 	bl	100047e8 <__wrap___aeabi_memcpy>
1000687e:	bd10      	pop	{r4, pc}
10006880:	20003fa0 	.word	0x20003fa0

10006884 <pico_get_unique_board_id_string>:
10006884:	b530      	push	{r4, r5, lr}
10006886:	1e4b      	subs	r3, r1, #1
10006888:	2901      	cmp	r1, #1
1000688a:	d100      	bne.n	1000688e <pico_get_unique_board_id_string+0xa>
1000688c:	e0a7      	b.n	100069de <pico_get_unique_board_id_string+0x15a>
1000688e:	4a66      	ldr	r2, [pc, #408]	; (10006a28 <pico_get_unique_board_id_string+0x1a4>)
10006890:	7811      	ldrb	r1, [r2, #0]
10006892:	110d      	asrs	r5, r1, #4
10006894:	002c      	movs	r4, r5
10006896:	3430      	adds	r4, #48	; 0x30
10006898:	299f      	cmp	r1, #159	; 0x9f
1000689a:	d900      	bls.n	1000689e <pico_get_unique_board_id_string+0x1a>
1000689c:	e0a2      	b.n	100069e4 <pico_get_unique_board_id_string+0x160>
1000689e:	7004      	strb	r4, [r0, #0]
100068a0:	2b01      	cmp	r3, #1
100068a2:	d100      	bne.n	100068a6 <pico_get_unique_board_id_string+0x22>
100068a4:	e0be      	b.n	10006a24 <pico_get_unique_board_id_string+0x1a0>
100068a6:	210f      	movs	r1, #15
100068a8:	7814      	ldrb	r4, [r2, #0]
100068aa:	4021      	ands	r1, r4
100068ac:	000c      	movs	r4, r1
100068ae:	3430      	adds	r4, #48	; 0x30
100068b0:	2909      	cmp	r1, #9
100068b2:	dd00      	ble.n	100068b6 <pico_get_unique_board_id_string+0x32>
100068b4:	e098      	b.n	100069e8 <pico_get_unique_board_id_string+0x164>
100068b6:	7044      	strb	r4, [r0, #1]
100068b8:	2b02      	cmp	r3, #2
100068ba:	d100      	bne.n	100068be <pico_get_unique_board_id_string+0x3a>
100068bc:	e0b2      	b.n	10006a24 <pico_get_unique_board_id_string+0x1a0>
100068be:	7854      	ldrb	r4, [r2, #1]
100068c0:	1125      	asrs	r5, r4, #4
100068c2:	0029      	movs	r1, r5
100068c4:	3130      	adds	r1, #48	; 0x30
100068c6:	2c9f      	cmp	r4, #159	; 0x9f
100068c8:	d900      	bls.n	100068cc <pico_get_unique_board_id_string+0x48>
100068ca:	e090      	b.n	100069ee <pico_get_unique_board_id_string+0x16a>
100068cc:	7081      	strb	r1, [r0, #2]
100068ce:	2b03      	cmp	r3, #3
100068d0:	d100      	bne.n	100068d4 <pico_get_unique_board_id_string+0x50>
100068d2:	e0a7      	b.n	10006a24 <pico_get_unique_board_id_string+0x1a0>
100068d4:	210f      	movs	r1, #15
100068d6:	4021      	ands	r1, r4
100068d8:	000c      	movs	r4, r1
100068da:	3430      	adds	r4, #48	; 0x30
100068dc:	2909      	cmp	r1, #9
100068de:	dd00      	ble.n	100068e2 <pico_get_unique_board_id_string+0x5e>
100068e0:	e087      	b.n	100069f2 <pico_get_unique_board_id_string+0x16e>
100068e2:	70c4      	strb	r4, [r0, #3]
100068e4:	2b04      	cmp	r3, #4
100068e6:	d100      	bne.n	100068ea <pico_get_unique_board_id_string+0x66>
100068e8:	e09c      	b.n	10006a24 <pico_get_unique_board_id_string+0x1a0>
100068ea:	7894      	ldrb	r4, [r2, #2]
100068ec:	1125      	asrs	r5, r4, #4
100068ee:	0029      	movs	r1, r5
100068f0:	3130      	adds	r1, #48	; 0x30
100068f2:	2c9f      	cmp	r4, #159	; 0x9f
100068f4:	d900      	bls.n	100068f8 <pico_get_unique_board_id_string+0x74>
100068f6:	e07f      	b.n	100069f8 <pico_get_unique_board_id_string+0x174>
100068f8:	7101      	strb	r1, [r0, #4]
100068fa:	2b05      	cmp	r3, #5
100068fc:	d100      	bne.n	10006900 <pico_get_unique_board_id_string+0x7c>
100068fe:	e091      	b.n	10006a24 <pico_get_unique_board_id_string+0x1a0>
10006900:	210f      	movs	r1, #15
10006902:	4021      	ands	r1, r4
10006904:	000c      	movs	r4, r1
10006906:	3430      	adds	r4, #48	; 0x30
10006908:	2909      	cmp	r1, #9
1000690a:	dd00      	ble.n	1000690e <pico_get_unique_board_id_string+0x8a>
1000690c:	e076      	b.n	100069fc <pico_get_unique_board_id_string+0x178>
1000690e:	7144      	strb	r4, [r0, #5]
10006910:	2b06      	cmp	r3, #6
10006912:	d100      	bne.n	10006916 <pico_get_unique_board_id_string+0x92>
10006914:	e086      	b.n	10006a24 <pico_get_unique_board_id_string+0x1a0>
10006916:	78d4      	ldrb	r4, [r2, #3]
10006918:	1125      	asrs	r5, r4, #4
1000691a:	0029      	movs	r1, r5
1000691c:	3130      	adds	r1, #48	; 0x30
1000691e:	2c9f      	cmp	r4, #159	; 0x9f
10006920:	d900      	bls.n	10006924 <pico_get_unique_board_id_string+0xa0>
10006922:	e06e      	b.n	10006a02 <pico_get_unique_board_id_string+0x17e>
10006924:	7181      	strb	r1, [r0, #6]
10006926:	2b07      	cmp	r3, #7
10006928:	d100      	bne.n	1000692c <pico_get_unique_board_id_string+0xa8>
1000692a:	e07b      	b.n	10006a24 <pico_get_unique_board_id_string+0x1a0>
1000692c:	210f      	movs	r1, #15
1000692e:	4021      	ands	r1, r4
10006930:	000c      	movs	r4, r1
10006932:	3430      	adds	r4, #48	; 0x30
10006934:	2909      	cmp	r1, #9
10006936:	dc66      	bgt.n	10006a06 <pico_get_unique_board_id_string+0x182>
10006938:	71c4      	strb	r4, [r0, #7]
1000693a:	2b08      	cmp	r3, #8
1000693c:	d100      	bne.n	10006940 <pico_get_unique_board_id_string+0xbc>
1000693e:	e071      	b.n	10006a24 <pico_get_unique_board_id_string+0x1a0>
10006940:	7914      	ldrb	r4, [r2, #4]
10006942:	1125      	asrs	r5, r4, #4
10006944:	0029      	movs	r1, r5
10006946:	3130      	adds	r1, #48	; 0x30
10006948:	2c9f      	cmp	r4, #159	; 0x9f
1000694a:	d85f      	bhi.n	10006a0c <pico_get_unique_board_id_string+0x188>
1000694c:	7201      	strb	r1, [r0, #8]
1000694e:	2b09      	cmp	r3, #9
10006950:	d068      	beq.n	10006a24 <pico_get_unique_board_id_string+0x1a0>
10006952:	210f      	movs	r1, #15
10006954:	4021      	ands	r1, r4
10006956:	000c      	movs	r4, r1
10006958:	3430      	adds	r4, #48	; 0x30
1000695a:	2909      	cmp	r1, #9
1000695c:	dc58      	bgt.n	10006a10 <pico_get_unique_board_id_string+0x18c>
1000695e:	7244      	strb	r4, [r0, #9]
10006960:	2b0a      	cmp	r3, #10
10006962:	d05f      	beq.n	10006a24 <pico_get_unique_board_id_string+0x1a0>
10006964:	7954      	ldrb	r4, [r2, #5]
10006966:	1125      	asrs	r5, r4, #4
10006968:	0029      	movs	r1, r5
1000696a:	3130      	adds	r1, #48	; 0x30
1000696c:	2c9f      	cmp	r4, #159	; 0x9f
1000696e:	d852      	bhi.n	10006a16 <pico_get_unique_board_id_string+0x192>
10006970:	7281      	strb	r1, [r0, #10]
10006972:	2b0b      	cmp	r3, #11
10006974:	d056      	beq.n	10006a24 <pico_get_unique_board_id_string+0x1a0>
10006976:	210f      	movs	r1, #15
10006978:	4021      	ands	r1, r4
1000697a:	000c      	movs	r4, r1
1000697c:	3430      	adds	r4, #48	; 0x30
1000697e:	2909      	cmp	r1, #9
10006980:	dc4b      	bgt.n	10006a1a <pico_get_unique_board_id_string+0x196>
10006982:	72c4      	strb	r4, [r0, #11]
10006984:	2b0c      	cmp	r3, #12
10006986:	d04d      	beq.n	10006a24 <pico_get_unique_board_id_string+0x1a0>
10006988:	7994      	ldrb	r4, [r2, #6]
1000698a:	1125      	asrs	r5, r4, #4
1000698c:	0029      	movs	r1, r5
1000698e:	3130      	adds	r1, #48	; 0x30
10006990:	2c9f      	cmp	r4, #159	; 0x9f
10006992:	d900      	bls.n	10006996 <pico_get_unique_board_id_string+0x112>
10006994:	3107      	adds	r1, #7
10006996:	7301      	strb	r1, [r0, #12]
10006998:	2b0d      	cmp	r3, #13
1000699a:	d043      	beq.n	10006a24 <pico_get_unique_board_id_string+0x1a0>
1000699c:	210f      	movs	r1, #15
1000699e:	4021      	ands	r1, r4
100069a0:	000c      	movs	r4, r1
100069a2:	3430      	adds	r4, #48	; 0x30
100069a4:	2909      	cmp	r1, #9
100069a6:	dd01      	ble.n	100069ac <pico_get_unique_board_id_string+0x128>
100069a8:	3137      	adds	r1, #55	; 0x37
100069aa:	000c      	movs	r4, r1
100069ac:	7344      	strb	r4, [r0, #13]
100069ae:	2b0e      	cmp	r3, #14
100069b0:	d038      	beq.n	10006a24 <pico_get_unique_board_id_string+0x1a0>
100069b2:	79d1      	ldrb	r1, [r2, #7]
100069b4:	110c      	asrs	r4, r1, #4
100069b6:	0022      	movs	r2, r4
100069b8:	3230      	adds	r2, #48	; 0x30
100069ba:	299f      	cmp	r1, #159	; 0x9f
100069bc:	d900      	bls.n	100069c0 <pico_get_unique_board_id_string+0x13c>
100069be:	3207      	adds	r2, #7
100069c0:	7382      	strb	r2, [r0, #14]
100069c2:	2b0f      	cmp	r3, #15
100069c4:	d02e      	beq.n	10006a24 <pico_get_unique_board_id_string+0x1a0>
100069c6:	220f      	movs	r2, #15
100069c8:	400a      	ands	r2, r1
100069ca:	0011      	movs	r1, r2
100069cc:	3137      	adds	r1, #55	; 0x37
100069ce:	2a09      	cmp	r2, #9
100069d0:	dc01      	bgt.n	100069d6 <pico_get_unique_board_id_string+0x152>
100069d2:	3230      	adds	r2, #48	; 0x30
100069d4:	0011      	movs	r1, r2
100069d6:	73c1      	strb	r1, [r0, #15]
100069d8:	2b10      	cmp	r3, #16
100069da:	d023      	beq.n	10006a24 <pico_get_unique_board_id_string+0x1a0>
100069dc:	3010      	adds	r0, #16
100069de:	2300      	movs	r3, #0
100069e0:	7003      	strb	r3, [r0, #0]
100069e2:	bd30      	pop	{r4, r5, pc}
100069e4:	3407      	adds	r4, #7
100069e6:	e75a      	b.n	1000689e <pico_get_unique_board_id_string+0x1a>
100069e8:	3137      	adds	r1, #55	; 0x37
100069ea:	000c      	movs	r4, r1
100069ec:	e763      	b.n	100068b6 <pico_get_unique_board_id_string+0x32>
100069ee:	3107      	adds	r1, #7
100069f0:	e76c      	b.n	100068cc <pico_get_unique_board_id_string+0x48>
100069f2:	3137      	adds	r1, #55	; 0x37
100069f4:	000c      	movs	r4, r1
100069f6:	e774      	b.n	100068e2 <pico_get_unique_board_id_string+0x5e>
100069f8:	3107      	adds	r1, #7
100069fa:	e77d      	b.n	100068f8 <pico_get_unique_board_id_string+0x74>
100069fc:	3137      	adds	r1, #55	; 0x37
100069fe:	000c      	movs	r4, r1
10006a00:	e785      	b.n	1000690e <pico_get_unique_board_id_string+0x8a>
10006a02:	3107      	adds	r1, #7
10006a04:	e78e      	b.n	10006924 <pico_get_unique_board_id_string+0xa0>
10006a06:	3137      	adds	r1, #55	; 0x37
10006a08:	000c      	movs	r4, r1
10006a0a:	e795      	b.n	10006938 <pico_get_unique_board_id_string+0xb4>
10006a0c:	3107      	adds	r1, #7
10006a0e:	e79d      	b.n	1000694c <pico_get_unique_board_id_string+0xc8>
10006a10:	3137      	adds	r1, #55	; 0x37
10006a12:	000c      	movs	r4, r1
10006a14:	e7a3      	b.n	1000695e <pico_get_unique_board_id_string+0xda>
10006a16:	3107      	adds	r1, #7
10006a18:	e7aa      	b.n	10006970 <pico_get_unique_board_id_string+0xec>
10006a1a:	3137      	adds	r1, #55	; 0x37
10006a1c:	000c      	movs	r4, r1
10006a1e:	72c4      	strb	r4, [r0, #11]
10006a20:	2b0c      	cmp	r3, #12
10006a22:	d1b1      	bne.n	10006988 <pico_get_unique_board_id_string+0x104>
10006a24:	18c0      	adds	r0, r0, r3
10006a26:	e7da      	b.n	100069de <pico_get_unique_board_id_string+0x15a>
10006a28:	20003fa0 	.word	0x20003fa0

10006a2c <flash_get_unique_id>:
10006a2c:	b530      	push	{r4, r5, lr}
10006a2e:	2500      	movs	r5, #0
10006a30:	b089      	sub	sp, #36	; 0x24
10006a32:	0004      	movs	r4, r0
10006a34:	2209      	movs	r2, #9
10006a36:	2100      	movs	r1, #0
10006a38:	a801      	add	r0, sp, #4
10006a3a:	9500      	str	r5, [sp, #0]
10006a3c:	f7fd fece 	bl	100047dc <__wrap_memset>
10006a40:	2209      	movs	r2, #9
10006a42:	2100      	movs	r1, #0
10006a44:	a805      	add	r0, sp, #20
10006a46:	9504      	str	r5, [sp, #16]
10006a48:	f7fd fec8 	bl	100047dc <__wrap_memset>
10006a4c:	234b      	movs	r3, #75	; 0x4b
10006a4e:	466a      	mov	r2, sp
10006a50:	4668      	mov	r0, sp
10006a52:	7013      	strb	r3, [r2, #0]
10006a54:	a904      	add	r1, sp, #16
10006a56:	220d      	movs	r2, #13
10006a58:	f002 fd32 	bl	100094c0 <__flash_do_cmd_veneer>
10006a5c:	2115      	movs	r1, #21
10006a5e:	2208      	movs	r2, #8
10006a60:	0020      	movs	r0, r4
10006a62:	4469      	add	r1, sp
10006a64:	f7fd fec0 	bl	100047e8 <__wrap___aeabi_memcpy>
10006a68:	b009      	add	sp, #36	; 0x24
10006a6a:	bd30      	pop	{r4, r5, pc}

10006a6c <dcd_init>:
10006a6c:	b5f8      	push	{r3, r4, r5, r6, r7, lr}
10006a6e:	f000 f945 	bl	10006cfc <rp2040_usb_init>
10006a72:	230c      	movs	r3, #12
10006a74:	4d19      	ldr	r5, [pc, #100]	; (10006adc <dcd_init+0x70>)
10006a76:	22ff      	movs	r2, #255	; 0xff
10006a78:	67ab      	str	r3, [r5, #120]	; 0x78
10006a7a:	2005      	movs	r0, #5
10006a7c:	4918      	ldr	r1, [pc, #96]	; (10006ae0 <dcd_init+0x74>)
10006a7e:	f7fb fc11 	bl	100022a4 <irq_add_shared_handler>
10006a82:	4c18      	ldr	r4, [pc, #96]	; (10006ae4 <dcd_init+0x78>)
10006a84:	2240      	movs	r2, #64	; 0x40
10006a86:	2100      	movs	r1, #0
10006a88:	0020      	movs	r0, r4
10006a8a:	f7fd fea7 	bl	100047dc <__wrap_memset>
10006a8e:	2740      	movs	r7, #64	; 0x40
10006a90:	2300      	movs	r3, #0
10006a92:	2601      	movs	r6, #1
10006a94:	2121      	movs	r1, #33	; 0x21
10006a96:	4a14      	ldr	r2, [pc, #80]	; (10006ae8 <dcd_init+0x7c>)
10006a98:	7066      	strb	r6, [r4, #1]
10006a9a:	8327      	strh	r7, [r4, #24]
10006a9c:	60a2      	str	r2, [r4, #8]
10006a9e:	6013      	str	r3, [r2, #0]
10006aa0:	5463      	strb	r3, [r4, r1]
10006aa2:	315f      	adds	r1, #95	; 0x5f
10006aa4:	8461      	strh	r1, [r4, #34]	; 0x22
10006aa6:	3945      	subs	r1, #69	; 0x45
10006aa8:	5463      	strb	r3, [r4, r1]
10006aaa:	4a10      	ldr	r2, [pc, #64]	; (10006aec <dcd_init+0x80>)
10006aac:	4910      	ldr	r1, [pc, #64]	; (10006af0 <dcd_init+0x84>)
10006aae:	6063      	str	r3, [r4, #4]
10006ab0:	60e2      	str	r2, [r4, #12]
10006ab2:	8727      	strh	r7, [r4, #56]	; 0x38
10006ab4:	62a1      	str	r1, [r4, #40]	; 0x28
10006ab6:	600b      	str	r3, [r1, #0]
10006ab8:	6263      	str	r3, [r4, #36]	; 0x24
10006aba:	62e2      	str	r2, [r4, #44]	; 0x2c
10006abc:	f002 fd20 	bl	10009500 <__reset_non_control_endpoints_veneer>
10006ac0:	2380      	movs	r3, #128	; 0x80
10006ac2:	059b      	lsls	r3, r3, #22
10006ac4:	642e      	str	r6, [r5, #64]	; 0x40
10006ac6:	64eb      	str	r3, [r5, #76]	; 0x4c
10006ac8:	2390      	movs	r3, #144	; 0x90
10006aca:	4a0a      	ldr	r2, [pc, #40]	; (10006af4 <dcd_init+0x88>)
10006acc:	2001      	movs	r0, #1
10006ace:	50ea      	str	r2, [r5, r3]
10006ad0:	2280      	movs	r2, #128	; 0x80
10006ad2:	4b09      	ldr	r3, [pc, #36]	; (10006af8 <dcd_init+0x8c>)
10006ad4:	0252      	lsls	r2, r2, #9
10006ad6:	64da      	str	r2, [r3, #76]	; 0x4c
10006ad8:	bdf8      	pop	{r3, r4, r5, r6, r7, pc}
10006ada:	46c0      	nop			; (mov r8, r8)
10006adc:	50110000 	.word	0x50110000
10006ae0:	20000669 	.word	0x20000669
10006ae4:	200029f8 	.word	0x200029f8
10006ae8:	50100084 	.word	0x50100084
10006aec:	50100100 	.word	0x50100100
10006af0:	50100080 	.word	0x50100080
10006af4:	0001d010 	.word	0x0001d010
10006af8:	50112000 	.word	0x50112000

10006afc <dcd_int_enable>:
10006afc:	b510      	push	{r4, lr}
10006afe:	2101      	movs	r1, #1
10006b00:	2005      	movs	r0, #5
10006b02:	f7fb fb6d 	bl	100021e0 <irq_set_enabled>
10006b06:	bd10      	pop	{r4, pc}

10006b08 <dcd_set_address>:
10006b08:	b510      	push	{r4, lr}
10006b0a:	2200      	movs	r2, #0
10006b0c:	2100      	movs	r1, #0
10006b0e:	4802      	ldr	r0, [pc, #8]	; (10006b18 <dcd_set_address+0x10>)
10006b10:	f000 f914 	bl	10006d3c <hw_endpoint_xfer_start>
10006b14:	bd10      	pop	{r4, pc}
10006b16:	46c0      	nop			; (mov r8, r8)
10006b18:	20002a18 	.word	0x20002a18

10006b1c <dcd_sof_enable>:
10006b1c:	4b04      	ldr	r3, [pc, #16]	; (10006b30 <dcd_sof_enable+0x14>)
10006b1e:	7019      	strb	r1, [r3, #0]
10006b20:	2900      	cmp	r1, #0
10006b22:	d004      	beq.n	10006b2e <dcd_sof_enable+0x12>
10006b24:	2180      	movs	r1, #128	; 0x80
10006b26:	2390      	movs	r3, #144	; 0x90
10006b28:	4a02      	ldr	r2, [pc, #8]	; (10006b34 <dcd_sof_enable+0x18>)
10006b2a:	0289      	lsls	r1, r1, #10
10006b2c:	50d1      	str	r1, [r2, r3]
10006b2e:	4770      	bx	lr
10006b30:	2000406e 	.word	0x2000406e
10006b34:	50112000 	.word	0x50112000

10006b38 <dcd_edpt0_status_complete>:
10006b38:	780b      	ldrb	r3, [r1, #0]
10006b3a:	065b      	lsls	r3, r3, #25
10006b3c:	d102      	bne.n	10006b44 <dcd_edpt0_status_complete+0xc>
10006b3e:	784b      	ldrb	r3, [r1, #1]
10006b40:	2b05      	cmp	r3, #5
10006b42:	d000      	beq.n	10006b46 <dcd_edpt0_status_complete+0xe>
10006b44:	4770      	bx	lr
10006b46:	788a      	ldrb	r2, [r1, #2]
10006b48:	4b01      	ldr	r3, [pc, #4]	; (10006b50 <dcd_edpt0_status_complete+0x18>)
10006b4a:	601a      	str	r2, [r3, #0]
10006b4c:	e7fa      	b.n	10006b44 <dcd_edpt0_status_complete+0xc>
10006b4e:	46c0      	nop			; (mov r8, r8)
10006b50:	50110000 	.word	0x50110000

10006b54 <dcd_edpt_open>:
10006b54:	b5f0      	push	{r4, r5, r6, r7, lr}
10006b56:	46c6      	mov	lr, r8
10006b58:	78c8      	ldrb	r0, [r1, #3]
10006b5a:	b500      	push	{lr}
10006b5c:	0780      	lsls	r0, r0, #30
10006b5e:	0f83      	lsrs	r3, r0, #30
10006b60:	0018      	movs	r0, r3
10006b62:	2b01      	cmp	r3, #1
10006b64:	d061      	beq.n	10006c2a <dcd_edpt_open+0xd6>
10006b66:	788f      	ldrb	r7, [r1, #2]
10006b68:	790c      	ldrb	r4, [r1, #4]
10006b6a:	794b      	ldrb	r3, [r1, #5]
10006b6c:	217f      	movs	r1, #127	; 0x7f
10006b6e:	021b      	lsls	r3, r3, #8
10006b70:	4039      	ands	r1, r7
10006b72:	4323      	orrs	r3, r4
10006b74:	004e      	lsls	r6, r1, #1
10006b76:	09fc      	lsrs	r4, r7, #7
10006b78:	4d33      	ldr	r5, [pc, #204]	; (10006c48 <dcd_edpt_open+0xf4>)
10006b7a:	1932      	adds	r2, r6, r4
10006b7c:	0152      	lsls	r2, r2, #5
10006b7e:	18aa      	adds	r2, r5, r2
10006b80:	7097      	strb	r7, [r2, #2]
10006b82:	2701      	movs	r7, #1
10006b84:	4067      	eors	r7, r4
10006b86:	7057      	strb	r7, [r2, #1]
10006b88:	2700      	movs	r7, #0
10006b8a:	055b      	lsls	r3, r3, #21
10006b8c:	0d5b      	lsrs	r3, r3, #21
10006b8e:	70d7      	strb	r7, [r2, #3]
10006b90:	8313      	strh	r3, [r2, #24]
10006b92:	76d0      	strb	r0, [r2, #27]
10006b94:	46b8      	mov	r8, r7
10006b96:	00ca      	lsls	r2, r1, #3
10006b98:	2c01      	cmp	r4, #1
10006b9a:	d032      	beq.n	10006c02 <dcd_edpt_open+0xae>
10006b9c:	4f2b      	ldr	r7, [pc, #172]	; (10006c4c <dcd_edpt_open+0xf8>)
10006b9e:	46bc      	mov	ip, r7
10006ba0:	018f      	lsls	r7, r1, #6
10006ba2:	4462      	add	r2, ip
10006ba4:	46bc      	mov	ip, r7
10006ba6:	44ac      	add	ip, r5
10006ba8:	4667      	mov	r7, ip
10006baa:	60ba      	str	r2, [r7, #8]
10006bac:	4647      	mov	r7, r8
10006bae:	6017      	str	r7, [r2, #0]
10006bb0:	2900      	cmp	r1, #0
10006bb2:	d032      	beq.n	10006c1a <dcd_edpt_open+0xc6>
10006bb4:	4a26      	ldr	r2, [pc, #152]	; (10006c50 <dcd_edpt_open+0xfc>)
10006bb6:	00c9      	lsls	r1, r1, #3
10006bb8:	4690      	mov	r8, r2
10006bba:	4662      	mov	r2, ip
10006bbc:	4441      	add	r1, r8
10006bbe:	6051      	str	r1, [r2, #4]
10006bc0:	223f      	movs	r2, #63	; 0x3f
10006bc2:	333f      	adds	r3, #63	; 0x3f
10006bc4:	4393      	bics	r3, r2
10006bc6:	2802      	cmp	r0, #2
10006bc8:	d038      	beq.n	10006c3c <dcd_edpt_open+0xe8>
10006bca:	4922      	ldr	r1, [pc, #136]	; (10006c54 <dcd_edpt_open+0x100>)
10006bcc:	1937      	adds	r7, r6, r4
10006bce:	680a      	ldr	r2, [r1, #0]
10006bd0:	017f      	lsls	r7, r7, #5
10006bd2:	18d3      	adds	r3, r2, r3
10006bd4:	600b      	str	r3, [r1, #0]
10006bd6:	4920      	ldr	r1, [pc, #128]	; (10006c58 <dcd_edpt_open+0x104>)
10006bd8:	19ef      	adds	r7, r5, r7
10006bda:	60fa      	str	r2, [r7, #12]
10006bdc:	428b      	cmp	r3, r1
10006bde:	d82f      	bhi.n	10006c40 <dcd_edpt_open+0xec>
10006be0:	1934      	adds	r4, r6, r4
10006be2:	0164      	lsls	r4, r4, #5
10006be4:	192d      	adds	r5, r5, r4
10006be6:	7eeb      	ldrb	r3, [r5, #27]
10006be8:	491c      	ldr	r1, [pc, #112]	; (10006c5c <dcd_edpt_open+0x108>)
10006bea:	069b      	lsls	r3, r3, #26
10006bec:	404a      	eors	r2, r1
10006bee:	4313      	orrs	r3, r2
10006bf0:	2280      	movs	r2, #128	; 0x80
10006bf2:	2001      	movs	r0, #1
10006bf4:	0612      	lsls	r2, r2, #24
10006bf6:	4313      	orrs	r3, r2
10006bf8:	686a      	ldr	r2, [r5, #4]
10006bfa:	6013      	str	r3, [r2, #0]
10006bfc:	bc80      	pop	{r7}
10006bfe:	46b8      	mov	r8, r7
10006c00:	bdf0      	pop	{r4, r5, r6, r7, pc}
10006c02:	4f17      	ldr	r7, [pc, #92]	; (10006c60 <dcd_edpt_open+0x10c>)
10006c04:	46bc      	mov	ip, r7
10006c06:	018f      	lsls	r7, r1, #6
10006c08:	4462      	add	r2, ip
10006c0a:	46bc      	mov	ip, r7
10006c0c:	44ac      	add	ip, r5
10006c0e:	4667      	mov	r7, ip
10006c10:	62ba      	str	r2, [r7, #40]	; 0x28
10006c12:	4647      	mov	r7, r8
10006c14:	6017      	str	r7, [r2, #0]
10006c16:	2900      	cmp	r1, #0
10006c18:	d109      	bne.n	10006c2e <dcd_edpt_open+0xda>
10006c1a:	2300      	movs	r3, #0
10006c1c:	0164      	lsls	r4, r4, #5
10006c1e:	192d      	adds	r5, r5, r4
10006c20:	606b      	str	r3, [r5, #4]
10006c22:	4b10      	ldr	r3, [pc, #64]	; (10006c64 <dcd_edpt_open+0x110>)
10006c24:	2001      	movs	r0, #1
10006c26:	60eb      	str	r3, [r5, #12]
10006c28:	e7e8      	b.n	10006bfc <dcd_edpt_open+0xa8>
10006c2a:	2000      	movs	r0, #0
10006c2c:	e7e6      	b.n	10006bfc <dcd_edpt_open+0xa8>
10006c2e:	4a0b      	ldr	r2, [pc, #44]	; (10006c5c <dcd_edpt_open+0x108>)
10006c30:	00c9      	lsls	r1, r1, #3
10006c32:	4690      	mov	r8, r2
10006c34:	4662      	mov	r2, ip
10006c36:	4441      	add	r1, r8
10006c38:	6251      	str	r1, [r2, #36]	; 0x24
10006c3a:	e7c1      	b.n	10006bc0 <dcd_edpt_open+0x6c>
10006c3c:	005b      	lsls	r3, r3, #1
10006c3e:	e7c4      	b.n	10006bca <dcd_edpt_open+0x76>
10006c40:	f7fc fd66 	bl	10003710 <hard_assertion_failure>
10006c44:	68fa      	ldr	r2, [r7, #12]
10006c46:	e7cb      	b.n	10006be0 <dcd_edpt_open+0x8c>
10006c48:	200029f8 	.word	0x200029f8
10006c4c:	50100084 	.word	0x50100084
10006c50:	50100004 	.word	0x50100004
10006c54:	20002e84 	.word	0x20002e84
10006c58:	50100fff 	.word	0x50100fff
10006c5c:	50100000 	.word	0x50100000
10006c60:	50100080 	.word	0x50100080
10006c64:	50100100 	.word	0x50100100

10006c68 <dcd_edpt_close_all>:
10006c68:	b510      	push	{r4, lr}
10006c6a:	f002 fc49 	bl	10009500 <__reset_non_control_endpoints_veneer>
10006c6e:	bd10      	pop	{r4, pc}

10006c70 <dcd_edpt_xfer>:
10006c70:	b510      	push	{r4, lr}
10006c72:	207f      	movs	r0, #127	; 0x7f
10006c74:	000c      	movs	r4, r1
10006c76:	4020      	ands	r0, r4
10006c78:	0040      	lsls	r0, r0, #1
10006c7a:	09e4      	lsrs	r4, r4, #7
10006c7c:	0011      	movs	r1, r2
10006c7e:	1900      	adds	r0, r0, r4
10006c80:	001a      	movs	r2, r3
10006c82:	4b03      	ldr	r3, [pc, #12]	; (10006c90 <dcd_edpt_xfer+0x20>)
10006c84:	0140      	lsls	r0, r0, #5
10006c86:	18c0      	adds	r0, r0, r3
10006c88:	f000 f858 	bl	10006d3c <hw_endpoint_xfer_start>
10006c8c:	2001      	movs	r0, #1
10006c8e:	bd10      	pop	{r4, pc}
10006c90:	200029f8 	.word	0x200029f8

10006c94 <dcd_edpt_stall>:
10006c94:	227f      	movs	r2, #127	; 0x7f
10006c96:	0013      	movs	r3, r2
10006c98:	b510      	push	{r4, lr}
10006c9a:	400b      	ands	r3, r1
10006c9c:	420a      	tst	r2, r1
10006c9e:	d00b      	beq.n	10006cb8 <dcd_edpt_stall+0x24>
10006ca0:	09c9      	lsrs	r1, r1, #7
10006ca2:	2280      	movs	r2, #128	; 0x80
10006ca4:	0058      	lsls	r0, r3, #1
10006ca6:	1840      	adds	r0, r0, r1
10006ca8:	4906      	ldr	r1, [pc, #24]	; (10006cc4 <dcd_edpt_stall+0x30>)
10006caa:	0140      	lsls	r0, r0, #5
10006cac:	1840      	adds	r0, r0, r1
10006cae:	0112      	lsls	r2, r2, #4
10006cb0:	2100      	movs	r1, #0
10006cb2:	f002 fc6d 	bl	10009590 <___hw_endpoint_buffer_control_update32_veneer>
10006cb6:	bd10      	pop	{r4, pc}
10006cb8:	2202      	movs	r2, #2
10006cba:	4803      	ldr	r0, [pc, #12]	; (10006cc8 <dcd_edpt_stall+0x34>)
10006cbc:	09c9      	lsrs	r1, r1, #7
10006cbe:	1a52      	subs	r2, r2, r1
10006cc0:	6682      	str	r2, [r0, #104]	; 0x68
10006cc2:	e7ee      	b.n	10006ca2 <dcd_edpt_stall+0xe>
10006cc4:	200029f8 	.word	0x200029f8
10006cc8:	50112000 	.word	0x50112000

10006ccc <dcd_edpt_clear_stall>:
10006ccc:	227f      	movs	r2, #127	; 0x7f
10006cce:	0010      	movs	r0, r2
10006cd0:	b510      	push	{r4, lr}
10006cd2:	4008      	ands	r0, r1
10006cd4:	420a      	tst	r2, r1
10006cd6:	d100      	bne.n	10006cda <dcd_edpt_clear_stall+0xe>
10006cd8:	bd10      	pop	{r4, pc}
10006cda:	2300      	movs	r3, #0
10006cdc:	09c9      	lsrs	r1, r1, #7
10006cde:	0040      	lsls	r0, r0, #1
10006ce0:	1840      	adds	r0, r0, r1
10006ce2:	4904      	ldr	r1, [pc, #16]	; (10006cf4 <dcd_edpt_clear_stall+0x28>)
10006ce4:	0140      	lsls	r0, r0, #5
10006ce6:	1808      	adds	r0, r1, r0
10006ce8:	2200      	movs	r2, #0
10006cea:	4903      	ldr	r1, [pc, #12]	; (10006cf8 <dcd_edpt_clear_stall+0x2c>)
10006cec:	70c3      	strb	r3, [r0, #3]
10006cee:	f002 fc4f 	bl	10009590 <___hw_endpoint_buffer_control_update32_veneer>
10006cf2:	e7f1      	b.n	10006cd8 <dcd_edpt_clear_stall+0xc>
10006cf4:	200029f8 	.word	0x200029f8
10006cf8:	fffff7ff 	.word	0xfffff7ff

10006cfc <rp2040_usb_init>:
10006cfc:	2280      	movs	r2, #128	; 0x80
10006cfe:	4b0a      	ldr	r3, [pc, #40]	; (10006d28 <rp2040_usb_init+0x2c>)
10006d00:	0452      	lsls	r2, r2, #17
10006d02:	b510      	push	{r4, lr}
10006d04:	601a      	str	r2, [r3, #0]
10006d06:	4b09      	ldr	r3, [pc, #36]	; (10006d2c <rp2040_usb_init+0x30>)
10006d08:	4909      	ldr	r1, [pc, #36]	; (10006d30 <rp2040_usb_init+0x34>)
10006d0a:	601a      	str	r2, [r3, #0]
10006d0c:	0010      	movs	r0, r2
10006d0e:	680b      	ldr	r3, [r1, #0]
10006d10:	4398      	bics	r0, r3
10006d12:	d1fb      	bne.n	10006d0c <rp2040_usb_init+0x10>
10006d14:	2280      	movs	r2, #128	; 0x80
10006d16:	2100      	movs	r1, #0
10006d18:	0152      	lsls	r2, r2, #5
10006d1a:	4806      	ldr	r0, [pc, #24]	; (10006d34 <rp2040_usb_init+0x38>)
10006d1c:	f7fd fd5e 	bl	100047dc <__wrap_memset>
10006d20:	2209      	movs	r2, #9
10006d22:	4b05      	ldr	r3, [pc, #20]	; (10006d38 <rp2040_usb_init+0x3c>)
10006d24:	675a      	str	r2, [r3, #116]	; 0x74
10006d26:	bd10      	pop	{r4, pc}
10006d28:	4000e000 	.word	0x4000e000
10006d2c:	4000f000 	.word	0x4000f000
10006d30:	4000c008 	.word	0x4000c008
10006d34:	50100000 	.word	0x50100000
10006d38:	50110000 	.word	0x50110000

10006d3c <hw_endpoint_xfer_start>:
10006d3c:	b570      	push	{r4, r5, r6, lr}
10006d3e:	7e83      	ldrb	r3, [r0, #26]
10006d40:	0004      	movs	r4, r0
10006d42:	000d      	movs	r5, r1
10006d44:	0016      	movs	r6, r2
10006d46:	2b00      	cmp	r3, #0
10006d48:	d117      	bne.n	10006d7a <hw_endpoint_xfer_start+0x3e>
10006d4a:	2300      	movs	r3, #0
10006d4c:	82e3      	strh	r3, [r4, #22]
10006d4e:	3301      	adds	r3, #1
10006d50:	0020      	movs	r0, r4
10006d52:	82a6      	strh	r6, [r4, #20]
10006d54:	76a3      	strb	r3, [r4, #26]
10006d56:	6125      	str	r5, [r4, #16]
10006d58:	f002 fbaa 	bl	100094b0 <__e15_is_bulkin_ep_veneer>
10006d5c:	2800      	cmp	r0, #0
10006d5e:	d004      	beq.n	10006d6a <hw_endpoint_xfer_start+0x2e>
10006d60:	2180      	movs	r1, #128	; 0x80
10006d62:	2390      	movs	r3, #144	; 0x90
10006d64:	4a08      	ldr	r2, [pc, #32]	; (10006d88 <hw_endpoint_xfer_start+0x4c>)
10006d66:	0289      	lsls	r1, r1, #10
10006d68:	50d1      	str	r1, [r2, r3]
10006d6a:	0020      	movs	r0, r4
10006d6c:	f002 fbc0 	bl	100094f0 <__e15_is_critical_frame_period_veneer>
10006d70:	2800      	cmp	r0, #0
10006d72:	d005      	beq.n	10006d80 <hw_endpoint_xfer_start+0x44>
10006d74:	2301      	movs	r3, #1
10006d76:	7723      	strb	r3, [r4, #28]
10006d78:	bd70      	pop	{r4, r5, r6, pc}
10006d7a:	f002 fc01 	bl	10009580 <__hw_endpoint_reset_transfer_veneer>
10006d7e:	e7e4      	b.n	10006d4a <hw_endpoint_xfer_start+0xe>
10006d80:	0020      	movs	r0, r4
10006d82:	f002 fbf5 	bl	10009570 <__hw_endpoint_start_next_buffer_veneer>
10006d86:	e7f7      	b.n	10006d78 <hw_endpoint_xfer_start+0x3c>
10006d88:	50112000 	.word	0x50112000

10006d8c <tud_event_hook_cb>:
10006d8c:	4770      	bx	lr
10006d8e:	46c0      	nop			; (mov r8, r8)

10006d90 <tud_sof_cb>:
10006d90:	4770      	bx	lr
10006d92:	46c0      	nop			; (mov r8, r8)

10006d94 <tud_descriptor_device_qualifier_cb>:
10006d94:	2000      	movs	r0, #0
10006d96:	4770      	bx	lr

10006d98 <tud_descriptor_other_speed_configuration_cb>:
10006d98:	2000      	movs	r0, #0
10006d9a:	4770      	bx	lr

10006d9c <tud_mount_cb>:
10006d9c:	4770      	bx	lr
10006d9e:	46c0      	nop			; (mov r8, r8)

10006da0 <tud_umount_cb>:
10006da0:	4770      	bx	lr
10006da2:	46c0      	nop			; (mov r8, r8)

10006da4 <tud_suspend_cb>:
10006da4:	4770      	bx	lr
10006da6:	46c0      	nop			; (mov r8, r8)

10006da8 <tud_resume_cb>:
10006da8:	4770      	bx	lr
10006daa:	46c0      	nop			; (mov r8, r8)

10006dac <tud_mounted>:
10006dac:	4b02      	ldr	r3, [pc, #8]	; (10006db8 <tud_mounted+0xc>)
10006dae:	7858      	ldrb	r0, [r3, #1]
10006db0:	1e43      	subs	r3, r0, #1
10006db2:	4198      	sbcs	r0, r3
10006db4:	b2c0      	uxtb	r0, r0
10006db6:	4770      	bx	lr
10006db8:	20001bb4 	.word	0x20001bb4

10006dbc <tud_suspended>:
10006dbc:	4b02      	ldr	r3, [pc, #8]	; (10006dc8 <tud_suspended+0xc>)
10006dbe:	7818      	ldrb	r0, [r3, #0]
10006dc0:	0740      	lsls	r0, r0, #29
10006dc2:	0fc0      	lsrs	r0, r0, #31
10006dc4:	4770      	bx	lr
10006dc6:	46c0      	nop			; (mov r8, r8)
10006dc8:	20001bb4 	.word	0x20001bb4

10006dcc <tud_rhport_init>:
10006dcc:	b5f0      	push	{r4, r5, r6, r7, lr}
10006dce:	4646      	mov	r6, r8
10006dd0:	464f      	mov	r7, r9
10006dd2:	46d6      	mov	lr, sl
10006dd4:	b5c0      	push	{r6, r7, lr}
10006dd6:	4b2f      	ldr	r3, [pc, #188]	; (10006e94 <tud_rhport_init+0xc8>)
10006dd8:	4681      	mov	r9, r0
10006dda:	4698      	mov	r8, r3
10006ddc:	781b      	ldrb	r3, [r3, #0]
10006dde:	000e      	movs	r6, r1
10006de0:	2401      	movs	r4, #1
10006de2:	2bff      	cmp	r3, #255	; 0xff
10006de4:	d143      	bne.n	10006e6e <tud_rhport_init+0xa2>
10006de6:	2900      	cmp	r1, #0
10006de8:	d040      	beq.n	10006e6c <tud_rhport_init+0xa0>
10006dea:	2100      	movs	r1, #0
10006dec:	2254      	movs	r2, #84	; 0x54
10006dee:	482a      	ldr	r0, [pc, #168]	; (10006e98 <tud_rhport_init+0xcc>)
10006df0:	f7fd fcf4 	bl	100047dc <__wrap_memset>
10006df4:	2200      	movs	r2, #0
10006df6:	4c29      	ldr	r4, [pc, #164]	; (10006e9c <tud_rhport_init+0xd0>)
10006df8:	4b29      	ldr	r3, [pc, #164]	; (10006ea0 <tud_rhport_init+0xd4>)
10006dfa:	0020      	movs	r0, r4
10006dfc:	701a      	strb	r2, [r3, #0]
10006dfe:	f7fb fbe7 	bl	100025d0 <mutex_init>
10006e02:	4b28      	ldr	r3, [pc, #160]	; (10006ea4 <tud_rhport_init+0xd8>)
10006e04:	601c      	str	r4, [r3, #0]
10006e06:	4c28      	ldr	r4, [pc, #160]	; (10006ea8 <tud_rhport_init+0xdc>)
10006e08:	0020      	movs	r0, r4
10006e0a:	3014      	adds	r0, #20
10006e0c:	f7fb fbee 	bl	100025ec <critical_section_init>
10006e10:	0020      	movs	r0, r4
10006e12:	f001 fdf7 	bl	10008a04 <tu_fifo_clear>
10006e16:	4b25      	ldr	r3, [pc, #148]	; (10006eac <tud_rhport_init+0xe0>)
10006e18:	4d25      	ldr	r5, [pc, #148]	; (10006eb0 <tud_rhport_init+0xe4>)
10006e1a:	601c      	str	r4, [r3, #0]
10006e1c:	4b25      	ldr	r3, [pc, #148]	; (10006eb4 <tud_rhport_init+0xe8>)
10006e1e:	2b00      	cmp	r3, #0
10006e20:	d004      	beq.n	10006e2c <tud_rhport_init+0x60>
10006e22:	0028      	movs	r0, r5
10006e24:	f7ff faae 	bl	10006384 <usbd_app_driver_get_cb>
10006e28:	4b23      	ldr	r3, [pc, #140]	; (10006eb8 <tud_rhport_init+0xec>)
10006e2a:	6018      	str	r0, [r3, #0]
10006e2c:	4923      	ldr	r1, [pc, #140]	; (10006ebc <tud_rhport_init+0xf0>)
10006e2e:	2400      	movs	r4, #0
10006e30:	2300      	movs	r3, #0
10006e32:	468a      	mov	sl, r1
10006e34:	782a      	ldrb	r2, [r5, #0]
10006e36:	4f20      	ldr	r7, [pc, #128]	; (10006eb8 <tud_rhport_init+0xec>)
10006e38:	e010      	b.n	10006e5c <tud_rhport_init+0x90>
10006e3a:	683a      	ldr	r2, [r7, #0]
10006e3c:	0163      	lsls	r3, r4, #5
10006e3e:	4694      	mov	ip, r2
10006e40:	4463      	add	r3, ip
10006e42:	2b00      	cmp	r3, #0
10006e44:	d012      	beq.n	10006e6c <tud_rhport_init+0xa0>
10006e46:	685b      	ldr	r3, [r3, #4]
10006e48:	2b00      	cmp	r3, #0
10006e4a:	d00f      	beq.n	10006e6c <tud_rhport_init+0xa0>
10006e4c:	4798      	blx	r3
10006e4e:	782a      	ldrb	r2, [r5, #0]
10006e50:	3401      	adds	r4, #1
10006e52:	b2e4      	uxtb	r4, r4
10006e54:	1c51      	adds	r1, r2, #1
10006e56:	0023      	movs	r3, r4
10006e58:	42a1      	cmp	r1, r4
10006e5a:	db0e      	blt.n	10006e7a <tud_rhport_init+0xae>
10006e5c:	42a2      	cmp	r2, r4
10006e5e:	d8ec      	bhi.n	10006e3a <tud_rhport_init+0x6e>
10006e60:	1a9b      	subs	r3, r3, r2
10006e62:	015b      	lsls	r3, r3, #5
10006e64:	4453      	add	r3, sl
10006e66:	685b      	ldr	r3, [r3, #4]
10006e68:	2b00      	cmp	r3, #0
10006e6a:	d1ef      	bne.n	10006e4c <tud_rhport_init+0x80>
10006e6c:	2400      	movs	r4, #0
10006e6e:	0020      	movs	r0, r4
10006e70:	bce0      	pop	{r5, r6, r7}
10006e72:	46ba      	mov	sl, r7
10006e74:	46b1      	mov	r9, r6
10006e76:	46a8      	mov	r8, r5
10006e78:	bdf0      	pop	{r4, r5, r6, r7, pc}
10006e7a:	4643      	mov	r3, r8
10006e7c:	464a      	mov	r2, r9
10006e7e:	0031      	movs	r1, r6
10006e80:	4648      	mov	r0, r9
10006e82:	701a      	strb	r2, [r3, #0]
10006e84:	f7ff fdf2 	bl	10006a6c <dcd_init>
10006e88:	1e04      	subs	r4, r0, #0
10006e8a:	d0ef      	beq.n	10006e6c <tud_rhport_init+0xa0>
10006e8c:	4648      	mov	r0, r9
10006e8e:	f7ff fe35 	bl	10006afc <dcd_int_enable>
10006e92:	e7ec      	b.n	10006e6e <tud_rhport_init+0xa2>
10006e94:	20001214 	.word	0x20001214
10006e98:	20001bb4 	.word	0x20001bb4
10006e9c:	20001bac 	.word	0x20001bac
10006ea0:	2000406f 	.word	0x2000406f
10006ea4:	20001c08 	.word	0x20001c08
10006ea8:	200011f8 	.word	0x200011f8
10006eac:	20001c0c 	.word	0x20001c0c
10006eb0:	2000406d 	.word	0x2000406d
10006eb4:	10006385 	.word	0x10006385
10006eb8:	20001a04 	.word	0x20001a04
10006ebc:	1000b090 	.word	0x1000b090

10006ec0 <tud_task_ext>:
10006ec0:	b5f0      	push	{r4, r5, r6, r7, lr}
10006ec2:	46de      	mov	lr, fp
10006ec4:	4657      	mov	r7, sl
10006ec6:	464e      	mov	r6, r9
10006ec8:	4645      	mov	r5, r8
10006eca:	b5e0      	push	{r5, r6, r7, lr}
10006ecc:	4bc4      	ldr	r3, [pc, #784]	; (100071e0 <tud_task_ext+0x320>)
10006ece:	b08b      	sub	sp, #44	; 0x2c
10006ed0:	781b      	ldrb	r3, [r3, #0]
10006ed2:	2bff      	cmp	r3, #255	; 0xff
10006ed4:	d100      	bne.n	10006ed8 <tud_task_ext+0x18>
10006ed6:	e12e      	b.n	10007136 <tud_task_ext+0x276>
10006ed8:	4bc2      	ldr	r3, [pc, #776]	; (100071e4 <tud_task_ext+0x324>)
10006eda:	4dc3      	ldr	r5, [pc, #780]	; (100071e8 <tud_task_ext+0x328>)
10006edc:	469a      	mov	sl, r3
10006ede:	ac07      	add	r4, sp, #28
10006ee0:	682e      	ldr	r6, [r5, #0]
10006ee2:	6972      	ldr	r2, [r6, #20]
10006ee4:	f3ef 8110 	mrs	r1, PRIMASK
10006ee8:	b672      	cpsid	i
10006eea:	6813      	ldr	r3, [r2, #0]
10006eec:	2b00      	cmp	r3, #0
10006eee:	d0fc      	beq.n	10006eea <tud_task_ext+0x2a>
10006ef0:	f3bf 8f5f 	dmb	sy
10006ef4:	61b1      	str	r1, [r6, #24]
10006ef6:	0030      	movs	r0, r6
10006ef8:	0021      	movs	r1, r4
10006efa:	f001 fbc5 	bl	10008688 <tu_fifo_read>
10006efe:	6972      	ldr	r2, [r6, #20]
10006f00:	69b3      	ldr	r3, [r6, #24]
10006f02:	f3bf 8f5f 	dmb	sy
10006f06:	2100      	movs	r1, #0
10006f08:	6011      	str	r1, [r2, #0]
10006f0a:	f383 8810 	msr	PRIMASK, r3
10006f0e:	2800      	cmp	r0, #0
10006f10:	d100      	bne.n	10006f14 <tud_task_ext+0x54>
10006f12:	e110      	b.n	10007136 <tud_task_ext+0x276>
10006f14:	7863      	ldrb	r3, [r4, #1]
10006f16:	2b08      	cmp	r3, #8
10006f18:	d8e2      	bhi.n	10006ee0 <tud_task_ext+0x20>
10006f1a:	4652      	mov	r2, sl
10006f1c:	009b      	lsls	r3, r3, #2
10006f1e:	58d3      	ldr	r3, [r2, r3]
10006f20:	469f      	mov	pc, r3
10006f22:	6863      	ldr	r3, [r4, #4]
10006f24:	2b00      	cmp	r3, #0
10006f26:	d0db      	beq.n	10006ee0 <tud_task_ext+0x20>
10006f28:	68a0      	ldr	r0, [r4, #8]
10006f2a:	4798      	blx	r3
10006f2c:	e7d8      	b.n	10006ee0 <tud_task_ext+0x20>
10006f2e:	237f      	movs	r3, #127	; 0x7f
10006f30:	7921      	ldrb	r1, [r4, #4]
10006f32:	4eae      	ldr	r6, [pc, #696]	; (100071ec <tud_task_ext+0x32c>)
10006f34:	400b      	ands	r3, r1
10006f36:	0058      	lsls	r0, r3, #1
10006f38:	09ca      	lsrs	r2, r1, #7
10006f3a:	1836      	adds	r6, r6, r0
10006f3c:	18b6      	adds	r6, r6, r2
10006f3e:	0032      	movs	r2, r6
10006f40:	2701      	movs	r7, #1
10006f42:	3230      	adds	r2, #48	; 0x30
10006f44:	7910      	ldrb	r0, [r2, #4]
10006f46:	43b8      	bics	r0, r7
10006f48:	7110      	strb	r0, [r2, #4]
10006f4a:	7910      	ldrb	r0, [r2, #4]
10006f4c:	3703      	adds	r7, #3
10006f4e:	43b8      	bics	r0, r7
10006f50:	7110      	strb	r0, [r2, #4]
10006f52:	2b00      	cmp	r3, #0
10006f54:	d100      	bne.n	10006f58 <tud_task_ext+0x98>
10006f56:	e0f7      	b.n	10007148 <tud_task_ext+0x288>
10006f58:	4aa5      	ldr	r2, [pc, #660]	; (100071f0 <tud_task_ext+0x330>)
10006f5a:	7d33      	ldrb	r3, [r6, #20]
10006f5c:	7812      	ldrb	r2, [r2, #0]
10006f5e:	4293      	cmp	r3, r2
10006f60:	d300      	bcc.n	10006f64 <tud_task_ext+0xa4>
10006f62:	e0e5      	b.n	10007130 <tud_task_ext+0x270>
10006f64:	4aa3      	ldr	r2, [pc, #652]	; (100071f4 <tud_task_ext+0x334>)
10006f66:	015b      	lsls	r3, r3, #5
10006f68:	6812      	ldr	r2, [r2, #0]
10006f6a:	18d3      	adds	r3, r2, r3
10006f6c:	2b00      	cmp	r3, #0
10006f6e:	d100      	bne.n	10006f72 <tud_task_ext+0xb2>
10006f70:	e0e1      	b.n	10007136 <tud_task_ext+0x276>
10006f72:	699e      	ldr	r6, [r3, #24]
10006f74:	7962      	ldrb	r2, [r4, #5]
10006f76:	7820      	ldrb	r0, [r4, #0]
10006f78:	68a3      	ldr	r3, [r4, #8]
10006f7a:	47b0      	blx	r6
10006f7c:	e7b0      	b.n	10006ee0 <tud_task_ext+0x20>
10006f7e:	4a9e      	ldr	r2, [pc, #632]	; (100071f8 <tud_task_ext+0x338>)
10006f80:	7813      	ldrb	r3, [r2, #0]
10006f82:	2b00      	cmp	r3, #0
10006f84:	d100      	bne.n	10006f88 <tud_task_ext+0xc8>
10006f86:	e0d6      	b.n	10007136 <tud_task_ext+0x276>
10006f88:	7813      	ldrb	r3, [r2, #0]
10006f8a:	3b01      	subs	r3, #1
10006f8c:	b2db      	uxtb	r3, r3
10006f8e:	7013      	strb	r3, [r2, #0]
10006f90:	7813      	ldrb	r3, [r2, #0]
10006f92:	2b00      	cmp	r3, #0
10006f94:	d1a4      	bne.n	10006ee0 <tud_task_ext+0x20>
10006f96:	2201      	movs	r2, #1
10006f98:	4b94      	ldr	r3, [pc, #592]	; (100071ec <tud_task_ext+0x32c>)
10006f9a:	2101      	movs	r1, #1
10006f9c:	781b      	ldrb	r3, [r3, #0]
10006f9e:	4893      	ldr	r0, [pc, #588]	; (100071ec <tud_task_ext+0x32c>)
10006fa0:	4313      	orrs	r3, r2
10006fa2:	4a92      	ldr	r2, [pc, #584]	; (100071ec <tud_task_ext+0x32c>)
10006fa4:	4e91      	ldr	r6, [pc, #580]	; (100071ec <tud_task_ext+0x32c>)
10006fa6:	7013      	strb	r3, [r2, #0]
10006fa8:	2334      	movs	r3, #52	; 0x34
10006faa:	5cd2      	ldrb	r2, [r2, r3]
10006fac:	438a      	bics	r2, r1
10006fae:	54c2      	strb	r2, [r0, r3]
10006fb0:	5cc2      	ldrb	r2, [r0, r3]
10006fb2:	2004      	movs	r0, #4
10006fb4:	4382      	bics	r2, r0
10006fb6:	54f2      	strb	r2, [r6, r3]
10006fb8:	3301      	adds	r3, #1
10006fba:	5cf2      	ldrb	r2, [r6, r3]
10006fbc:	438a      	bics	r2, r1
10006fbe:	54f2      	strb	r2, [r6, r3]
10006fc0:	5cf2      	ldrb	r2, [r6, r3]
10006fc2:	4382      	bics	r2, r0
10006fc4:	54f2      	strb	r2, [r6, r3]
10006fc6:	7823      	ldrb	r3, [r4, #0]
10006fc8:	2000      	movs	r0, #0
10006fca:	469b      	mov	fp, r3
10006fcc:	f000 fcae 	bl	1000792c <usbd_control_set_complete_callback>
10006fd0:	2260      	movs	r2, #96	; 0x60
10006fd2:	7923      	ldrb	r3, [r4, #4]
10006fd4:	401a      	ands	r2, r3
10006fd6:	2a60      	cmp	r2, #96	; 0x60
10006fd8:	d00d      	beq.n	10006ff6 <tud_task_ext+0x136>
10006fda:	2a40      	cmp	r2, #64	; 0x40
10006fdc:	d100      	bne.n	10006fe0 <tud_task_ext+0x120>
10006fde:	e0be      	b.n	1000715e <tud_task_ext+0x29e>
10006fe0:	06db      	lsls	r3, r3, #27
10006fe2:	0edb      	lsrs	r3, r3, #27
10006fe4:	2b01      	cmp	r3, #1
10006fe6:	d100      	bne.n	10006fea <tud_task_ext+0x12a>
10006fe8:	e10e      	b.n	10007208 <tud_task_ext+0x348>
10006fea:	2b02      	cmp	r3, #2
10006fec:	d100      	bne.n	10006ff0 <tud_task_ext+0x130>
10006fee:	e0d0      	b.n	10007192 <tud_task_ext+0x2d2>
10006ff0:	2b00      	cmp	r3, #0
10006ff2:	d100      	bne.n	10006ff6 <tud_task_ext+0x136>
10006ff4:	e0bf      	b.n	10007176 <tud_task_ext+0x2b6>
10006ff6:	7820      	ldrb	r0, [r4, #0]
10006ff8:	2100      	movs	r1, #0
10006ffa:	f7ff fe4b 	bl	10006c94 <dcd_edpt_stall>
10006ffe:	2180      	movs	r1, #128	; 0x80
10007000:	7820      	ldrb	r0, [r4, #0]
10007002:	f7ff fe47 	bl	10006c94 <dcd_edpt_stall>
10007006:	e76b      	b.n	10006ee0 <tud_task_ext+0x20>
10007008:	4e78      	ldr	r6, [pc, #480]	; (100071ec <tud_task_ext+0x32c>)
1000700a:	7833      	ldrb	r3, [r6, #0]
1000700c:	07db      	lsls	r3, r3, #31
1000700e:	d400      	bmi.n	10007012 <tud_task_ext+0x152>
10007010:	e766      	b.n	10006ee0 <tud_task_ext+0x20>
10007012:	f7ff fec9 	bl	10006da8 <tud_resume_cb>
10007016:	e763      	b.n	10006ee0 <tud_task_ext+0x20>
10007018:	4b74      	ldr	r3, [pc, #464]	; (100071ec <tud_task_ext+0x32c>)
1000701a:	78db      	ldrb	r3, [r3, #3]
1000701c:	07db      	lsls	r3, r3, #31
1000701e:	d400      	bmi.n	10007022 <tud_task_ext+0x162>
10007020:	e75e      	b.n	10006ee0 <tud_task_ext+0x20>
10007022:	6860      	ldr	r0, [r4, #4]
10007024:	f7ff feb4 	bl	10006d90 <tud_sof_cb>
10007028:	e75a      	b.n	10006ee0 <tud_task_ext+0x20>
1000702a:	4e70      	ldr	r6, [pc, #448]	; (100071ec <tud_task_ext+0x32c>)
1000702c:	7833      	ldrb	r3, [r6, #0]
1000702e:	07db      	lsls	r3, r3, #31
10007030:	d400      	bmi.n	10007034 <tud_task_ext+0x174>
10007032:	e755      	b.n	10006ee0 <tud_task_ext+0x20>
10007034:	7830      	ldrb	r0, [r6, #0]
10007036:	0700      	lsls	r0, r0, #28
10007038:	0fc0      	lsrs	r0, r0, #31
1000703a:	f7ff feb3 	bl	10006da4 <tud_suspend_cb>
1000703e:	e74f      	b.n	10006ee0 <tud_task_ext+0x20>
10007040:	496e      	ldr	r1, [pc, #440]	; (100071fc <tud_task_ext+0x33c>)
10007042:	4e6b      	ldr	r6, [pc, #428]	; (100071f0 <tud_task_ext+0x330>)
10007044:	7823      	ldrb	r3, [r4, #0]
10007046:	468b      	mov	fp, r1
10007048:	496a      	ldr	r1, [pc, #424]	; (100071f4 <tud_task_ext+0x334>)
1000704a:	4698      	mov	r8, r3
1000704c:	4689      	mov	r9, r1
1000704e:	0031      	movs	r1, r6
10007050:	7832      	ldrb	r2, [r6, #0]
10007052:	2300      	movs	r3, #0
10007054:	4646      	mov	r6, r8
10007056:	2700      	movs	r7, #0
10007058:	4688      	mov	r8, r1
1000705a:	e011      	b.n	10007080 <tud_task_ext+0x1c0>
1000705c:	464a      	mov	r2, r9
1000705e:	6812      	ldr	r2, [r2, #0]
10007060:	017b      	lsls	r3, r7, #5
10007062:	4694      	mov	ip, r2
10007064:	4463      	add	r3, ip
10007066:	2b00      	cmp	r3, #0
10007068:	d06c      	beq.n	10007144 <tud_task_ext+0x284>
1000706a:	68db      	ldr	r3, [r3, #12]
1000706c:	0030      	movs	r0, r6
1000706e:	4798      	blx	r3
10007070:	4643      	mov	r3, r8
10007072:	781a      	ldrb	r2, [r3, #0]
10007074:	3701      	adds	r7, #1
10007076:	b2ff      	uxtb	r7, r7
10007078:	1c51      	adds	r1, r2, #1
1000707a:	003b      	movs	r3, r7
1000707c:	428f      	cmp	r7, r1
1000707e:	dc41      	bgt.n	10007104 <tud_task_ext+0x244>
10007080:	4297      	cmp	r7, r2
10007082:	d3eb      	bcc.n	1000705c <tud_task_ext+0x19c>
10007084:	1a9b      	subs	r3, r3, r2
10007086:	015b      	lsls	r3, r3, #5
10007088:	445b      	add	r3, fp
1000708a:	e7ee      	b.n	1000706a <tud_task_ext+0x1aa>
1000708c:	495b      	ldr	r1, [pc, #364]	; (100071fc <tud_task_ext+0x33c>)
1000708e:	4e58      	ldr	r6, [pc, #352]	; (100071f0 <tud_task_ext+0x330>)
10007090:	7823      	ldrb	r3, [r4, #0]
10007092:	468b      	mov	fp, r1
10007094:	4957      	ldr	r1, [pc, #348]	; (100071f4 <tud_task_ext+0x334>)
10007096:	4698      	mov	r8, r3
10007098:	4689      	mov	r9, r1
1000709a:	0031      	movs	r1, r6
1000709c:	7832      	ldrb	r2, [r6, #0]
1000709e:	2300      	movs	r3, #0
100070a0:	4646      	mov	r6, r8
100070a2:	2700      	movs	r7, #0
100070a4:	4688      	mov	r8, r1
100070a6:	e011      	b.n	100070cc <tud_task_ext+0x20c>
100070a8:	464a      	mov	r2, r9
100070aa:	6812      	ldr	r2, [r2, #0]
100070ac:	017b      	lsls	r3, r7, #5
100070ae:	4694      	mov	ip, r2
100070b0:	4463      	add	r3, ip
100070b2:	2b00      	cmp	r3, #0
100070b4:	d021      	beq.n	100070fa <tud_task_ext+0x23a>
100070b6:	68db      	ldr	r3, [r3, #12]
100070b8:	0030      	movs	r0, r6
100070ba:	4798      	blx	r3
100070bc:	4643      	mov	r3, r8
100070be:	781a      	ldrb	r2, [r3, #0]
100070c0:	3701      	adds	r7, #1
100070c2:	b2ff      	uxtb	r7, r7
100070c4:	1c51      	adds	r1, r2, #1
100070c6:	003b      	movs	r3, r7
100070c8:	428f      	cmp	r7, r1
100070ca:	dc05      	bgt.n	100070d8 <tud_task_ext+0x218>
100070cc:	42ba      	cmp	r2, r7
100070ce:	d8eb      	bhi.n	100070a8 <tud_task_ext+0x1e8>
100070d0:	1a9b      	subs	r3, r3, r2
100070d2:	015b      	lsls	r3, r3, #5
100070d4:	445b      	add	r3, fp
100070d6:	e7ee      	b.n	100070b6 <tud_task_ext+0x1f6>
100070d8:	4e44      	ldr	r6, [pc, #272]	; (100071ec <tud_task_ext+0x32c>)
100070da:	2254      	movs	r2, #84	; 0x54
100070dc:	2100      	movs	r1, #0
100070de:	0030      	movs	r0, r6
100070e0:	f7fd fb7c 	bl	100047dc <__wrap_memset>
100070e4:	2210      	movs	r2, #16
100070e6:	21ff      	movs	r1, #255	; 0xff
100070e8:	1d30      	adds	r0, r6, #4
100070ea:	f7fd fb77 	bl	100047dc <__wrap_memset>
100070ee:	0030      	movs	r0, r6
100070f0:	2220      	movs	r2, #32
100070f2:	21ff      	movs	r1, #255	; 0xff
100070f4:	3014      	adds	r0, #20
100070f6:	f7fd fb71 	bl	100047dc <__wrap_memset>
100070fa:	f000 fc0d 	bl	10007918 <usbd_control_reset>
100070fe:	f7ff fe4f 	bl	10006da0 <tud_umount_cb>
10007102:	e6ed      	b.n	10006ee0 <tud_task_ext+0x20>
10007104:	4e39      	ldr	r6, [pc, #228]	; (100071ec <tud_task_ext+0x32c>)
10007106:	2254      	movs	r2, #84	; 0x54
10007108:	2100      	movs	r1, #0
1000710a:	0030      	movs	r0, r6
1000710c:	f7fd fb66 	bl	100047dc <__wrap_memset>
10007110:	2210      	movs	r2, #16
10007112:	21ff      	movs	r1, #255	; 0xff
10007114:	1d30      	adds	r0, r6, #4
10007116:	f7fd fb61 	bl	100047dc <__wrap_memset>
1000711a:	0030      	movs	r0, r6
1000711c:	2220      	movs	r2, #32
1000711e:	21ff      	movs	r1, #255	; 0xff
10007120:	3014      	adds	r0, #20
10007122:	f7fd fb5b 	bl	100047dc <__wrap_memset>
10007126:	f000 fbf7 	bl	10007918 <usbd_control_reset>
1000712a:	7923      	ldrb	r3, [r4, #4]
1000712c:	70b3      	strb	r3, [r6, #2]
1000712e:	e6d7      	b.n	10006ee0 <tud_task_ext+0x20>
10007130:	1c50      	adds	r0, r2, #1
10007132:	4298      	cmp	r0, r3
10007134:	da0e      	bge.n	10007154 <tud_task_ext+0x294>
10007136:	b00b      	add	sp, #44	; 0x2c
10007138:	bcf0      	pop	{r4, r5, r6, r7}
1000713a:	46bb      	mov	fp, r7
1000713c:	46b2      	mov	sl, r6
1000713e:	46a9      	mov	r9, r5
10007140:	46a0      	mov	r8, r4
10007142:	bdf0      	pop	{r4, r5, r6, r7, pc}
10007144:	4e29      	ldr	r6, [pc, #164]	; (100071ec <tud_task_ext+0x32c>)
10007146:	e7ee      	b.n	10007126 <tud_task_ext+0x266>
10007148:	7962      	ldrb	r2, [r4, #5]
1000714a:	7820      	ldrb	r0, [r4, #0]
1000714c:	68a3      	ldr	r3, [r4, #8]
1000714e:	f000 fc01 	bl	10007954 <usbd_control_xfer_cb>
10007152:	e6c5      	b.n	10006ee0 <tud_task_ext+0x20>
10007154:	1a9b      	subs	r3, r3, r2
10007156:	4a29      	ldr	r2, [pc, #164]	; (100071fc <tud_task_ext+0x33c>)
10007158:	015b      	lsls	r3, r3, #5
1000715a:	18d3      	adds	r3, r2, r3
1000715c:	e709      	b.n	10006f72 <tud_task_ext+0xb2>
1000715e:	4828      	ldr	r0, [pc, #160]	; (10007200 <tud_task_ext+0x340>)
10007160:	f000 fbe4 	bl	1000792c <usbd_control_set_complete_callback>
10007164:	2101      	movs	r1, #1
10007166:	4658      	mov	r0, fp
10007168:	aa08      	add	r2, sp, #32
1000716a:	f7ff f8f1 	bl	10006350 <tud_vendor_control_xfer_cb>
1000716e:	2800      	cmp	r0, #0
10007170:	d000      	beq.n	10007174 <tud_task_ext+0x2b4>
10007172:	e6b5      	b.n	10006ee0 <tud_task_ext+0x20>
10007174:	e73f      	b.n	10006ff6 <tud_task_ext+0x136>
10007176:	2a20      	cmp	r2, #32
10007178:	d100      	bne.n	1000717c <tud_task_ext+0x2bc>
1000717a:	e14e      	b.n	1000741a <tud_task_ext+0x55a>
1000717c:	2a00      	cmp	r2, #0
1000717e:	d000      	beq.n	10007182 <tud_task_ext+0x2c2>
10007180:	e739      	b.n	10006ff6 <tud_task_ext+0x136>
10007182:	7963      	ldrb	r3, [r4, #5]
10007184:	2b09      	cmp	r3, #9
10007186:	d900      	bls.n	1000718a <tud_task_ext+0x2ca>
10007188:	e735      	b.n	10006ff6 <tud_task_ext+0x136>
1000718a:	4a1e      	ldr	r2, [pc, #120]	; (10007204 <tud_task_ext+0x344>)
1000718c:	009b      	lsls	r3, r3, #2
1000718e:	58d3      	ldr	r3, [r2, r3]
10007190:	469f      	mov	pc, r3
10007192:	2370      	movs	r3, #112	; 0x70
10007194:	7a21      	ldrb	r1, [r4, #8]
10007196:	420b      	tst	r3, r1
10007198:	d000      	beq.n	1000719c <tud_task_ext+0x2dc>
1000719a:	e72c      	b.n	10006ff6 <tud_task_ext+0x136>
1000719c:	267f      	movs	r6, #127	; 0x7f
1000719e:	09cb      	lsrs	r3, r1, #7
100071a0:	4698      	mov	r8, r3
100071a2:	400e      	ands	r6, r1
100071a4:	4b11      	ldr	r3, [pc, #68]	; (100071ec <tud_task_ext+0x32c>)
100071a6:	0076      	lsls	r6, r6, #1
100071a8:	199b      	adds	r3, r3, r6
100071aa:	4443      	add	r3, r8
100071ac:	7d1f      	ldrb	r7, [r3, #20]
100071ae:	4b10      	ldr	r3, [pc, #64]	; (100071f0 <tud_task_ext+0x330>)
100071b0:	781b      	ldrb	r3, [r3, #0]
100071b2:	429f      	cmp	r7, r3
100071b4:	d35e      	bcc.n	10007274 <tud_task_ext+0x3b4>
100071b6:	1c58      	adds	r0, r3, #1
100071b8:	42b8      	cmp	r0, r7
100071ba:	da00      	bge.n	100071be <tud_task_ext+0x2fe>
100071bc:	e149      	b.n	10007452 <tud_task_ext+0x592>
100071be:	1aff      	subs	r7, r7, r3
100071c0:	4b0e      	ldr	r3, [pc, #56]	; (100071fc <tud_task_ext+0x33c>)
100071c2:	017f      	lsls	r7, r7, #5
100071c4:	19df      	adds	r7, r3, r7
100071c6:	2a00      	cmp	r2, #0
100071c8:	d100      	bne.n	100071cc <tud_task_ext+0x30c>
100071ca:	e146      	b.n	1000745a <tud_task_ext+0x59a>
100071cc:	6978      	ldr	r0, [r7, #20]
100071ce:	f000 fbad 	bl	1000792c <usbd_control_set_complete_callback>
100071d2:	2101      	movs	r1, #1
100071d4:	4658      	mov	r0, fp
100071d6:	697b      	ldr	r3, [r7, #20]
100071d8:	aa08      	add	r2, sp, #32
100071da:	4798      	blx	r3
100071dc:	e7c7      	b.n	1000716e <tud_task_ext+0x2ae>
100071de:	46c0      	nop			; (mov r8, r8)
100071e0:	20001214 	.word	0x20001214
100071e4:	1000afe8 	.word	0x1000afe8
100071e8:	20001c0c 	.word	0x20001c0c
100071ec:	20001bb4 	.word	0x20001bb4
100071f0:	2000406d 	.word	0x2000406d
100071f4:	20001a04 	.word	0x20001a04
100071f8:	2000406f 	.word	0x2000406f
100071fc:	1000b090 	.word	0x1000b090
10007200:	10006351 	.word	0x10006351
10007204:	1000b00c 	.word	0x1000b00c
10007208:	7a23      	ldrb	r3, [r4, #8]
1000720a:	2b0f      	cmp	r3, #15
1000720c:	d900      	bls.n	10007210 <tud_task_ext+0x350>
1000720e:	e6f2      	b.n	10006ff6 <tud_task_ext+0x136>
10007210:	4ad6      	ldr	r2, [pc, #856]	; (1000756c <tud_task_ext+0x6ac>)
10007212:	4694      	mov	ip, r2
10007214:	4ad6      	ldr	r2, [pc, #856]	; (10007570 <tud_task_ext+0x6b0>)
10007216:	4463      	add	r3, ip
10007218:	791b      	ldrb	r3, [r3, #4]
1000721a:	7812      	ldrb	r2, [r2, #0]
1000721c:	4293      	cmp	r3, r2
1000721e:	d334      	bcc.n	1000728a <tud_task_ext+0x3ca>
10007220:	1c51      	adds	r1, r2, #1
10007222:	4299      	cmp	r1, r3
10007224:	da00      	bge.n	10007228 <tud_task_ext+0x368>
10007226:	e6e6      	b.n	10006ff6 <tud_task_ext+0x136>
10007228:	4ed2      	ldr	r6, [pc, #840]	; (10007574 <tud_task_ext+0x6b4>)
1000722a:	1a9b      	subs	r3, r3, r2
1000722c:	015b      	lsls	r3, r3, #5
1000722e:	18f6      	adds	r6, r6, r3
10007230:	6970      	ldr	r0, [r6, #20]
10007232:	f000 fb7b 	bl	1000792c <usbd_control_set_complete_callback>
10007236:	2101      	movs	r1, #1
10007238:	4658      	mov	r0, fp
1000723a:	6973      	ldr	r3, [r6, #20]
1000723c:	aa08      	add	r2, sp, #32
1000723e:	4798      	blx	r3
10007240:	2800      	cmp	r0, #0
10007242:	d000      	beq.n	10007246 <tud_task_ext+0x386>
10007244:	e64c      	b.n	10006ee0 <tud_task_ext+0x20>
10007246:	2260      	movs	r2, #96	; 0x60
10007248:	0016      	movs	r6, r2
1000724a:	7923      	ldrb	r3, [r4, #4]
1000724c:	401e      	ands	r6, r3
1000724e:	421a      	tst	r2, r3
10007250:	d000      	beq.n	10007254 <tud_task_ext+0x394>
10007252:	e6d0      	b.n	10006ff6 <tud_task_ext+0x136>
10007254:	7963      	ldrb	r3, [r4, #5]
10007256:	3b0a      	subs	r3, #10
10007258:	2b01      	cmp	r3, #1
1000725a:	d900      	bls.n	1000725e <tud_task_ext+0x39e>
1000725c:	e6cb      	b.n	10006ff6 <tud_task_ext+0x136>
1000725e:	f000 fb65 	bl	1000792c <usbd_control_set_complete_callback>
10007262:	7963      	ldrb	r3, [r4, #5]
10007264:	2b0a      	cmp	r3, #10
10007266:	d100      	bne.n	1000726a <tud_task_ext+0x3aa>
10007268:	e150      	b.n	1000750c <tud_task_ext+0x64c>
1000726a:	4658      	mov	r0, fp
1000726c:	a908      	add	r1, sp, #32
1000726e:	f000 fadd 	bl	1000782c <tud_control_status>
10007272:	e635      	b.n	10006ee0 <tud_task_ext+0x20>
10007274:	4bc0      	ldr	r3, [pc, #768]	; (10007578 <tud_task_ext+0x6b8>)
10007276:	017f      	lsls	r7, r7, #5
10007278:	681b      	ldr	r3, [r3, #0]
1000727a:	19df      	adds	r7, r3, r7
1000727c:	2a00      	cmp	r2, #0
1000727e:	d100      	bne.n	10007282 <tud_task_ext+0x3c2>
10007280:	e0eb      	b.n	1000745a <tud_task_ext+0x59a>
10007282:	2f00      	cmp	r7, #0
10007284:	d100      	bne.n	10007288 <tud_task_ext+0x3c8>
10007286:	e6b6      	b.n	10006ff6 <tud_task_ext+0x136>
10007288:	e7a0      	b.n	100071cc <tud_task_ext+0x30c>
1000728a:	4abb      	ldr	r2, [pc, #748]	; (10007578 <tud_task_ext+0x6b8>)
1000728c:	015b      	lsls	r3, r3, #5
1000728e:	6816      	ldr	r6, [r2, #0]
10007290:	18f6      	adds	r6, r6, r3
10007292:	2e00      	cmp	r6, #0
10007294:	d100      	bne.n	10007298 <tud_task_ext+0x3d8>
10007296:	e6ae      	b.n	10006ff6 <tud_task_ext+0x136>
10007298:	e7ca      	b.n	10007230 <tud_task_ext+0x370>
1000729a:	4bb4      	ldr	r3, [pc, #720]	; (1000756c <tud_task_ext+0x6ac>)
1000729c:	79a7      	ldrb	r7, [r4, #6]
1000729e:	785b      	ldrb	r3, [r3, #1]
100072a0:	429f      	cmp	r7, r3
100072a2:	d0e2      	beq.n	1000726a <tud_task_ext+0x3aa>
100072a4:	4bb1      	ldr	r3, [pc, #708]	; (1000756c <tud_task_ext+0x6ac>)
100072a6:	785b      	ldrb	r3, [r3, #1]
100072a8:	2b00      	cmp	r3, #0
100072aa:	d000      	beq.n	100072ae <tud_task_ext+0x3ee>
100072ac:	e16a      	b.n	10007584 <tud_task_ext+0x6c4>
100072ae:	4baf      	ldr	r3, [pc, #700]	; (1000756c <tud_task_ext+0x6ac>)
100072b0:	705f      	strb	r7, [r3, #1]
100072b2:	2f00      	cmp	r7, #0
100072b4:	d100      	bne.n	100072b8 <tud_task_ext+0x3f8>
100072b6:	e155      	b.n	10007564 <tud_task_ext+0x6a4>
100072b8:	1e78      	subs	r0, r7, #1
100072ba:	b2c0      	uxtb	r0, r0
100072bc:	f7ff fa94 	bl	100067e8 <tud_descriptor_configuration_cb>
100072c0:	2800      	cmp	r0, #0
100072c2:	d100      	bne.n	100072c6 <tud_task_ext+0x406>
100072c4:	e14a      	b.n	1000755c <tud_task_ext+0x69c>
100072c6:	7843      	ldrb	r3, [r0, #1]
100072c8:	9304      	str	r3, [sp, #16]
100072ca:	2b02      	cmp	r3, #2
100072cc:	d000      	beq.n	100072d0 <tud_task_ext+0x410>
100072ce:	e145      	b.n	1000755c <tud_task_ext+0x69c>
100072d0:	2101      	movs	r1, #1
100072d2:	79c2      	ldrb	r2, [r0, #7]
100072d4:	1193      	asrs	r3, r2, #6
100072d6:	1152      	asrs	r2, r2, #5
100072d8:	400b      	ands	r3, r1
100072da:	400a      	ands	r2, r1
100072dc:	0112      	lsls	r2, r2, #4
100072de:	015b      	lsls	r3, r3, #5
100072e0:	4313      	orrs	r3, r2
100072e2:	4aa2      	ldr	r2, [pc, #648]	; (1000756c <tud_task_ext+0x6ac>)
100072e4:	312f      	adds	r1, #47	; 0x2f
100072e6:	7812      	ldrb	r2, [r2, #0]
100072e8:	438a      	bics	r2, r1
100072ea:	4313      	orrs	r3, r2
100072ec:	4a9f      	ldr	r2, [pc, #636]	; (1000756c <tud_task_ext+0x6ac>)
100072ee:	7013      	strb	r3, [r2, #0]
100072f0:	2309      	movs	r3, #9
100072f2:	4699      	mov	r9, r3
100072f4:	78c3      	ldrb	r3, [r0, #3]
100072f6:	7882      	ldrb	r2, [r0, #2]
100072f8:	021b      	lsls	r3, r3, #8
100072fa:	4313      	orrs	r3, r2
100072fc:	18c3      	adds	r3, r0, r3
100072fe:	9302      	str	r3, [sp, #8]
10007300:	4b9d      	ldr	r3, [pc, #628]	; (10007578 <tud_task_ext+0x6b8>)
10007302:	4481      	add	r9, r0
10007304:	4698      	mov	r8, r3
10007306:	464f      	mov	r7, r9
10007308:	9b02      	ldr	r3, [sp, #8]
1000730a:	42bb      	cmp	r3, r7
1000730c:	d800      	bhi.n	10007310 <tud_task_ext+0x450>
1000730e:	e106      	b.n	1000751e <tud_task_ext+0x65e>
10007310:	2201      	movs	r2, #1
10007312:	787b      	ldrb	r3, [r7, #1]
10007314:	9200      	str	r2, [sp, #0]
10007316:	2b0b      	cmp	r3, #11
10007318:	d104      	bne.n	10007324 <tud_task_ext+0x464>
1000731a:	78fb      	ldrb	r3, [r7, #3]
1000731c:	9300      	str	r3, [sp, #0]
1000731e:	783b      	ldrb	r3, [r7, #0]
10007320:	18ff      	adds	r7, r7, r3
10007322:	787b      	ldrb	r3, [r7, #1]
10007324:	2b04      	cmp	r3, #4
10007326:	d000      	beq.n	1000732a <tud_task_ext+0x46a>
10007328:	e118      	b.n	1000755c <tud_task_ext+0x69c>
1000732a:	9b02      	ldr	r3, [sp, #8]
1000732c:	46b9      	mov	r9, r7
1000732e:	1bdb      	subs	r3, r3, r7
10007330:	b29b      	uxth	r3, r3
10007332:	9303      	str	r3, [sp, #12]
10007334:	4b8e      	ldr	r3, [pc, #568]	; (10007570 <tud_task_ext+0x6b0>)
10007336:	781e      	ldrb	r6, [r3, #0]
10007338:	2300      	movs	r3, #0
1000733a:	001f      	movs	r7, r3
1000733c:	9301      	str	r3, [sp, #4]
1000733e:	e01b      	b.n	10007378 <tud_task_ext+0x4b8>
10007340:	4642      	mov	r2, r8
10007342:	6812      	ldr	r2, [r2, #0]
10007344:	017b      	lsls	r3, r7, #5
10007346:	18d6      	adds	r6, r2, r3
10007348:	2e00      	cmp	r6, #0
1000734a:	d100      	bne.n	1000734e <tud_task_ext+0x48e>
1000734c:	e106      	b.n	1000755c <tud_task_ext+0x69c>
1000734e:	4649      	mov	r1, r9
10007350:	4658      	mov	r0, fp
10007352:	9a03      	ldr	r2, [sp, #12]
10007354:	6933      	ldr	r3, [r6, #16]
10007356:	4798      	blx	r3
10007358:	9005      	str	r0, [sp, #20]
1000735a:	2808      	cmp	r0, #8
1000735c:	d903      	bls.n	10007366 <tud_task_ext+0x4a6>
1000735e:	9a03      	ldr	r2, [sp, #12]
10007360:	4282      	cmp	r2, r0
10007362:	d300      	bcc.n	10007366 <tud_task_ext+0x4a6>
10007364:	e0de      	b.n	10007524 <tud_task_ext+0x664>
10007366:	4b82      	ldr	r3, [pc, #520]	; (10007570 <tud_task_ext+0x6b0>)
10007368:	3701      	adds	r7, #1
1000736a:	781e      	ldrb	r6, [r3, #0]
1000736c:	b2ff      	uxtb	r7, r7
1000736e:	1c73      	adds	r3, r6, #1
10007370:	9701      	str	r7, [sp, #4]
10007372:	429f      	cmp	r7, r3
10007374:	dd00      	ble.n	10007378 <tud_task_ext+0x4b8>
10007376:	e0f1      	b.n	1000755c <tud_task_ext+0x69c>
10007378:	42be      	cmp	r6, r7
1000737a:	d8e1      	bhi.n	10007340 <tud_task_ext+0x480>
1000737c:	9b01      	ldr	r3, [sp, #4]
1000737e:	1b9e      	subs	r6, r3, r6
10007380:	4b7c      	ldr	r3, [pc, #496]	; (10007574 <tud_task_ext+0x6b4>)
10007382:	0176      	lsls	r6, r6, #5
10007384:	469c      	mov	ip, r3
10007386:	4466      	add	r6, ip
10007388:	e7e1      	b.n	1000734e <tud_task_ext+0x48e>
1000738a:	4b78      	ldr	r3, [pc, #480]	; (1000756c <tud_task_ext+0x6ac>)
1000738c:	aa06      	add	r2, sp, #24
1000738e:	785b      	ldrb	r3, [r3, #1]
10007390:	3202      	adds	r2, #2
10007392:	7013      	strb	r3, [r2, #0]
10007394:	4658      	mov	r0, fp
10007396:	2301      	movs	r3, #1
10007398:	a908      	add	r1, sp, #32
1000739a:	f000 fa5f 	bl	1000785c <tud_control_xfer>
1000739e:	e59f      	b.n	10006ee0 <tud_task_ext+0x20>
100073a0:	88e0      	ldrh	r0, [r4, #6]
100073a2:	0a03      	lsrs	r3, r0, #8
100073a4:	b2c0      	uxtb	r0, r0
100073a6:	2b0f      	cmp	r3, #15
100073a8:	d900      	bls.n	100073ac <tud_task_ext+0x4ec>
100073aa:	e624      	b.n	10006ff6 <tud_task_ext+0x136>
100073ac:	4973      	ldr	r1, [pc, #460]	; (1000757c <tud_task_ext+0x6bc>)
100073ae:	009a      	lsls	r2, r3, #2
100073b0:	588a      	ldr	r2, [r1, r2]
100073b2:	4697      	mov	pc, r2
100073b4:	a808      	add	r0, sp, #32
100073b6:	f000 fabf 	bl	10007938 <usbd_control_set_request>
100073ba:	4658      	mov	r0, fp
100073bc:	79a1      	ldrb	r1, [r4, #6]
100073be:	f7ff fba3 	bl	10006b08 <dcd_set_address>
100073c2:	2202      	movs	r2, #2
100073c4:	4b69      	ldr	r3, [pc, #420]	; (1000756c <tud_task_ext+0x6ac>)
100073c6:	781b      	ldrb	r3, [r3, #0]
100073c8:	4313      	orrs	r3, r2
100073ca:	4a68      	ldr	r2, [pc, #416]	; (1000756c <tud_task_ext+0x6ac>)
100073cc:	7013      	strb	r3, [r2, #0]
100073ce:	e587      	b.n	10006ee0 <tud_task_ext+0x20>
100073d0:	88e3      	ldrh	r3, [r4, #6]
100073d2:	2b01      	cmp	r3, #1
100073d4:	d000      	beq.n	100073d8 <tud_task_ext+0x518>
100073d6:	e60e      	b.n	10006ff6 <tud_task_ext+0x136>
100073d8:	2208      	movs	r2, #8
100073da:	4b64      	ldr	r3, [pc, #400]	; (1000756c <tud_task_ext+0x6ac>)
100073dc:	781b      	ldrb	r3, [r3, #0]
100073de:	4393      	bics	r3, r2
100073e0:	4a62      	ldr	r2, [pc, #392]	; (1000756c <tud_task_ext+0x6ac>)
100073e2:	7013      	strb	r3, [r2, #0]
100073e4:	e741      	b.n	1000726a <tud_task_ext+0x3aa>
100073e6:	2002      	movs	r0, #2
100073e8:	4b60      	ldr	r3, [pc, #384]	; (1000756c <tud_task_ext+0x6ac>)
100073ea:	7819      	ldrb	r1, [r3, #0]
100073ec:	ab06      	add	r3, sp, #24
100073ee:	1c9a      	adds	r2, r3, #2
100073f0:	068b      	lsls	r3, r1, #26
100073f2:	0889      	lsrs	r1, r1, #2
100073f4:	0fdb      	lsrs	r3, r3, #31
100073f6:	4001      	ands	r1, r0
100073f8:	430b      	orrs	r3, r1
100073fa:	8013      	strh	r3, [r2, #0]
100073fc:	4658      	mov	r0, fp
100073fe:	2302      	movs	r3, #2
10007400:	a908      	add	r1, sp, #32
10007402:	f000 fa2b 	bl	1000785c <tud_control_xfer>
10007406:	e56b      	b.n	10006ee0 <tud_task_ext+0x20>
10007408:	88e3      	ldrh	r3, [r4, #6]
1000740a:	2b01      	cmp	r3, #1
1000740c:	d000      	beq.n	10007410 <tud_task_ext+0x550>
1000740e:	e5f2      	b.n	10006ff6 <tud_task_ext+0x136>
10007410:	2208      	movs	r2, #8
10007412:	4b56      	ldr	r3, [pc, #344]	; (1000756c <tud_task_ext+0x6ac>)
10007414:	781b      	ldrb	r3, [r3, #0]
10007416:	4313      	orrs	r3, r2
10007418:	e7e2      	b.n	100073e0 <tud_task_ext+0x520>
1000741a:	7a23      	ldrb	r3, [r4, #8]
1000741c:	2b0f      	cmp	r3, #15
1000741e:	d900      	bls.n	10007422 <tud_task_ext+0x562>
10007420:	e5e9      	b.n	10006ff6 <tud_task_ext+0x136>
10007422:	4a52      	ldr	r2, [pc, #328]	; (1000756c <tud_task_ext+0x6ac>)
10007424:	4694      	mov	ip, r2
10007426:	4a52      	ldr	r2, [pc, #328]	; (10007570 <tud_task_ext+0x6b0>)
10007428:	4463      	add	r3, ip
1000742a:	791b      	ldrb	r3, [r3, #4]
1000742c:	7812      	ldrb	r2, [r2, #0]
1000742e:	4293      	cmp	r3, r2
10007430:	d227      	bcs.n	10007482 <tud_task_ext+0x5c2>
10007432:	4a51      	ldr	r2, [pc, #324]	; (10007578 <tud_task_ext+0x6b8>)
10007434:	015b      	lsls	r3, r3, #5
10007436:	6816      	ldr	r6, [r2, #0]
10007438:	18f6      	adds	r6, r6, r3
1000743a:	2e00      	cmp	r6, #0
1000743c:	d100      	bne.n	10007440 <tud_task_ext+0x580>
1000743e:	e5da      	b.n	10006ff6 <tud_task_ext+0x136>
10007440:	6970      	ldr	r0, [r6, #20]
10007442:	f000 fa73 	bl	1000792c <usbd_control_set_complete_callback>
10007446:	2101      	movs	r1, #1
10007448:	4658      	mov	r0, fp
1000744a:	6973      	ldr	r3, [r6, #20]
1000744c:	aa08      	add	r2, sp, #32
1000744e:	4798      	blx	r3
10007450:	e68d      	b.n	1000716e <tud_task_ext+0x2ae>
10007452:	2700      	movs	r7, #0
10007454:	2a00      	cmp	r2, #0
10007456:	d000      	beq.n	1000745a <tud_task_ext+0x59a>
10007458:	e5cd      	b.n	10006ff6 <tud_task_ext+0x136>
1000745a:	2202      	movs	r2, #2
1000745c:	7963      	ldrb	r3, [r4, #5]
1000745e:	4699      	mov	r9, r3
10007460:	4393      	bics	r3, r2
10007462:	2b01      	cmp	r3, #1
10007464:	d016      	beq.n	10007494 <tud_task_ext+0x5d4>
10007466:	464b      	mov	r3, r9
10007468:	2b00      	cmp	r3, #0
1000746a:	d000      	beq.n	1000746e <tud_task_ext+0x5ae>
1000746c:	e5c3      	b.n	10006ff6 <tud_task_ext+0x136>
1000746e:	4b3f      	ldr	r3, [pc, #252]	; (1000756c <tud_task_ext+0x6ac>)
10007470:	aa06      	add	r2, sp, #24
10007472:	199b      	adds	r3, r3, r6
10007474:	4443      	add	r3, r8
10007476:	3330      	adds	r3, #48	; 0x30
10007478:	791b      	ldrb	r3, [r3, #4]
1000747a:	3202      	adds	r2, #2
1000747c:	079b      	lsls	r3, r3, #30
1000747e:	0fdb      	lsrs	r3, r3, #31
10007480:	e7bb      	b.n	100073fa <tud_task_ext+0x53a>
10007482:	1c51      	adds	r1, r2, #1
10007484:	4299      	cmp	r1, r3
10007486:	da00      	bge.n	1000748a <tud_task_ext+0x5ca>
10007488:	e5b5      	b.n	10006ff6 <tud_task_ext+0x136>
1000748a:	4e3a      	ldr	r6, [pc, #232]	; (10007574 <tud_task_ext+0x6b4>)
1000748c:	1a9b      	subs	r3, r3, r2
1000748e:	015b      	lsls	r3, r3, #5
10007490:	18f6      	adds	r6, r6, r3
10007492:	e7d5      	b.n	10007440 <tud_task_ext+0x580>
10007494:	88e3      	ldrh	r3, [r4, #6]
10007496:	2b00      	cmp	r3, #0
10007498:	d112      	bne.n	100074c0 <tud_task_ext+0x600>
1000749a:	464b      	mov	r3, r9
1000749c:	2b01      	cmp	r3, #1
1000749e:	d024      	beq.n	100074ea <tud_task_ext+0x62a>
100074a0:	4b37      	ldr	r3, [pc, #220]	; (10007580 <tud_task_ext+0x6c0>)
100074a2:	7818      	ldrb	r0, [r3, #0]
100074a4:	f7ff fbf6 	bl	10006c94 <dcd_edpt_stall>
100074a8:	2102      	movs	r1, #2
100074aa:	4b30      	ldr	r3, [pc, #192]	; (1000756c <tud_task_ext+0x6ac>)
100074ac:	199b      	adds	r3, r3, r6
100074ae:	4443      	add	r3, r8
100074b0:	3330      	adds	r3, #48	; 0x30
100074b2:	791a      	ldrb	r2, [r3, #4]
100074b4:	430a      	orrs	r2, r1
100074b6:	2101      	movs	r1, #1
100074b8:	711a      	strb	r2, [r3, #4]
100074ba:	791a      	ldrb	r2, [r3, #4]
100074bc:	430a      	orrs	r2, r1
100074be:	711a      	strb	r2, [r3, #4]
100074c0:	2f00      	cmp	r7, #0
100074c2:	d100      	bne.n	100074c6 <tud_task_ext+0x606>
100074c4:	e50c      	b.n	10006ee0 <tud_task_ext+0x20>
100074c6:	6978      	ldr	r0, [r7, #20]
100074c8:	f000 fa30 	bl	1000792c <usbd_control_set_complete_callback>
100074cc:	697b      	ldr	r3, [r7, #20]
100074ce:	aa08      	add	r2, sp, #32
100074d0:	2101      	movs	r1, #1
100074d2:	4658      	mov	r0, fp
100074d4:	4798      	blx	r3
100074d6:	2000      	movs	r0, #0
100074d8:	f000 fa28 	bl	1000792c <usbd_control_set_complete_callback>
100074dc:	2335      	movs	r3, #53	; 0x35
100074de:	4a23      	ldr	r2, [pc, #140]	; (1000756c <tud_task_ext+0x6ac>)
100074e0:	5cd3      	ldrb	r3, [r2, r3]
100074e2:	07db      	lsls	r3, r3, #31
100074e4:	d500      	bpl.n	100074e8 <tud_task_ext+0x628>
100074e6:	e4fb      	b.n	10006ee0 <tud_task_ext+0x20>
100074e8:	e6bf      	b.n	1000726a <tud_task_ext+0x3aa>
100074ea:	4b25      	ldr	r3, [pc, #148]	; (10007580 <tud_task_ext+0x6c0>)
100074ec:	7818      	ldrb	r0, [r3, #0]
100074ee:	f7ff fbed 	bl	10006ccc <dcd_edpt_clear_stall>
100074f2:	2102      	movs	r1, #2
100074f4:	4b1d      	ldr	r3, [pc, #116]	; (1000756c <tud_task_ext+0x6ac>)
100074f6:	199b      	adds	r3, r3, r6
100074f8:	4443      	add	r3, r8
100074fa:	3330      	adds	r3, #48	; 0x30
100074fc:	791a      	ldrb	r2, [r3, #4]
100074fe:	438a      	bics	r2, r1
10007500:	4649      	mov	r1, r9
10007502:	711a      	strb	r2, [r3, #4]
10007504:	791a      	ldrb	r2, [r3, #4]
10007506:	438a      	bics	r2, r1
10007508:	711a      	strb	r2, [r3, #4]
1000750a:	e7d9      	b.n	100074c0 <tud_task_ext+0x600>
1000750c:	ab06      	add	r3, sp, #24
1000750e:	1c9a      	adds	r2, r3, #2
10007510:	4658      	mov	r0, fp
10007512:	2301      	movs	r3, #1
10007514:	a908      	add	r1, sp, #32
10007516:	7016      	strb	r6, [r2, #0]
10007518:	f000 f9a0 	bl	1000785c <tud_control_xfer>
1000751c:	e4e0      	b.n	10006ee0 <tud_task_ext+0x20>
1000751e:	f7ff fc3d 	bl	10006d9c <tud_mount_cb>
10007522:	e6a2      	b.n	1000726a <tud_task_ext+0x3aa>
10007524:	003b      	movs	r3, r7
10007526:	464f      	mov	r7, r9
10007528:	4699      	mov	r9, r3
1000752a:	9b00      	ldr	r3, [sp, #0]
1000752c:	2b01      	cmp	r3, #1
1000752e:	d100      	bne.n	10007532 <tud_task_ext+0x672>
10007530:	e089      	b.n	10007646 <tud_task_ext+0x786>
10007532:	9b00      	ldr	r3, [sp, #0]
10007534:	2b00      	cmp	r3, #0
10007536:	d075      	beq.n	10007624 <tud_task_ext+0x764>
10007538:	2300      	movs	r3, #0
1000753a:	464e      	mov	r6, r9
1000753c:	78b9      	ldrb	r1, [r7, #2]
1000753e:	e005      	b.n	1000754c <tud_task_ext+0x68c>
10007540:	7116      	strb	r6, [r2, #4]
10007542:	3301      	adds	r3, #1
10007544:	9a00      	ldr	r2, [sp, #0]
10007546:	b2db      	uxtb	r3, r3
10007548:	4293      	cmp	r3, r2
1000754a:	d26a      	bcs.n	10007622 <tud_task_ext+0x762>
1000754c:	4807      	ldr	r0, [pc, #28]	; (1000756c <tud_task_ext+0x6ac>)
1000754e:	185a      	adds	r2, r3, r1
10007550:	4684      	mov	ip, r0
10007552:	b2d2      	uxtb	r2, r2
10007554:	4462      	add	r2, ip
10007556:	7910      	ldrb	r0, [r2, #4]
10007558:	28ff      	cmp	r0, #255	; 0xff
1000755a:	d0f1      	beq.n	10007540 <tud_task_ext+0x680>
1000755c:	2300      	movs	r3, #0
1000755e:	4a03      	ldr	r2, [pc, #12]	; (1000756c <tud_task_ext+0x6ac>)
10007560:	7053      	strb	r3, [r2, #1]
10007562:	e548      	b.n	10006ff6 <tud_task_ext+0x136>
10007564:	f7ff fc1c 	bl	10006da0 <tud_umount_cb>
10007568:	e67f      	b.n	1000726a <tud_task_ext+0x3aa>
1000756a:	46c0      	nop			; (mov r8, r8)
1000756c:	20001bb4 	.word	0x20001bb4
10007570:	2000406d 	.word	0x2000406d
10007574:	1000b090 	.word	0x1000b090
10007578:	20001a04 	.word	0x20001a04
1000757c:	1000b034 	.word	0x1000b034
10007580:	20001214 	.word	0x20001214
10007584:	2100      	movs	r1, #0
10007586:	4658      	mov	r0, fp
10007588:	f7ff fac8 	bl	10006b1c <dcd_sof_enable>
1000758c:	4658      	mov	r0, fp
1000758e:	f7ff fb6b 	bl	10006c68 <dcd_edpt_close_all>
10007592:	4b45      	ldr	r3, [pc, #276]	; (100076a8 <tud_task_ext+0x7e8>)
10007594:	4e45      	ldr	r6, [pc, #276]	; (100076ac <tud_task_ext+0x7ec>)
10007596:	789b      	ldrb	r3, [r3, #2]
10007598:	4945      	ldr	r1, [pc, #276]	; (100076b0 <tud_task_ext+0x7f0>)
1000759a:	9300      	str	r3, [sp, #0]
1000759c:	4689      	mov	r9, r1
1000759e:	2300      	movs	r3, #0
100075a0:	0031      	movs	r1, r6
100075a2:	7832      	ldrb	r2, [r6, #0]
100075a4:	4688      	mov	r8, r1
100075a6:	001e      	movs	r6, r3
100075a8:	e011      	b.n	100075ce <tud_task_ext+0x70e>
100075aa:	464a      	mov	r2, r9
100075ac:	6812      	ldr	r2, [r2, #0]
100075ae:	0173      	lsls	r3, r6, #5
100075b0:	4694      	mov	ip, r2
100075b2:	4463      	add	r3, ip
100075b4:	2b00      	cmp	r3, #0
100075b6:	d022      	beq.n	100075fe <tud_task_ext+0x73e>
100075b8:	68db      	ldr	r3, [r3, #12]
100075ba:	4658      	mov	r0, fp
100075bc:	4798      	blx	r3
100075be:	4643      	mov	r3, r8
100075c0:	781a      	ldrb	r2, [r3, #0]
100075c2:	3601      	adds	r6, #1
100075c4:	b2f6      	uxtb	r6, r6
100075c6:	1c51      	adds	r1, r2, #1
100075c8:	0033      	movs	r3, r6
100075ca:	428e      	cmp	r6, r1
100075cc:	dc07      	bgt.n	100075de <tud_task_ext+0x71e>
100075ce:	42b2      	cmp	r2, r6
100075d0:	d8eb      	bhi.n	100075aa <tud_task_ext+0x6ea>
100075d2:	1a9b      	subs	r3, r3, r2
100075d4:	4a37      	ldr	r2, [pc, #220]	; (100076b4 <tud_task_ext+0x7f4>)
100075d6:	015b      	lsls	r3, r3, #5
100075d8:	4694      	mov	ip, r2
100075da:	4463      	add	r3, ip
100075dc:	e7ec      	b.n	100075b8 <tud_task_ext+0x6f8>
100075de:	2254      	movs	r2, #84	; 0x54
100075e0:	2100      	movs	r1, #0
100075e2:	4831      	ldr	r0, [pc, #196]	; (100076a8 <tud_task_ext+0x7e8>)
100075e4:	f7fd f8fa 	bl	100047dc <__wrap_memset>
100075e8:	4b2f      	ldr	r3, [pc, #188]	; (100076a8 <tud_task_ext+0x7e8>)
100075ea:	2210      	movs	r2, #16
100075ec:	21ff      	movs	r1, #255	; 0xff
100075ee:	1d18      	adds	r0, r3, #4
100075f0:	f7fd f8f4 	bl	100047dc <__wrap_memset>
100075f4:	2220      	movs	r2, #32
100075f6:	21ff      	movs	r1, #255	; 0xff
100075f8:	482f      	ldr	r0, [pc, #188]	; (100076b8 <tud_task_ext+0x7f8>)
100075fa:	f7fd f8ef 	bl	100047dc <__wrap_memset>
100075fe:	4b2a      	ldr	r3, [pc, #168]	; (100076a8 <tud_task_ext+0x7e8>)
10007600:	9a00      	ldr	r2, [sp, #0]
10007602:	709a      	strb	r2, [r3, #2]
10007604:	e653      	b.n	100072ae <tud_task_ext+0x3ee>
10007606:	f7fe fe9f 	bl	10006348 <tud_descriptor_bos_cb>
1000760a:	1e02      	subs	r2, r0, #0
1000760c:	d100      	bne.n	10007610 <tud_task_ext+0x750>
1000760e:	e4f2      	b.n	10006ff6 <tud_task_ext+0x136>
10007610:	78d3      	ldrb	r3, [r2, #3]
10007612:	7891      	ldrb	r1, [r2, #2]
10007614:	021b      	lsls	r3, r3, #8
10007616:	430b      	orrs	r3, r1
10007618:	4658      	mov	r0, fp
1000761a:	a908      	add	r1, sp, #32
1000761c:	f000 f91e 	bl	1000785c <tud_control_xfer>
10007620:	e5a5      	b.n	1000716e <tud_task_ext+0x2ae>
10007622:	46b1      	mov	r9, r6
10007624:	9e05      	ldr	r6, [sp, #20]
10007626:	464b      	mov	r3, r9
10007628:	0032      	movs	r2, r6
1000762a:	0039      	movs	r1, r7
1000762c:	4822      	ldr	r0, [pc, #136]	; (100076b8 <tud_task_ext+0x7f8>)
1000762e:	f000 fea1 	bl	10008374 <tu_edpt_bind_driver>
10007632:	46b4      	mov	ip, r6
10007634:	4b1d      	ldr	r3, [pc, #116]	; (100076ac <tud_task_ext+0x7ec>)
10007636:	9a01      	ldr	r2, [sp, #4]
10007638:	781b      	ldrb	r3, [r3, #0]
1000763a:	4467      	add	r7, ip
1000763c:	3301      	adds	r3, #1
1000763e:	4293      	cmp	r3, r2
10007640:	db00      	blt.n	10007644 <tud_task_ext+0x784>
10007642:	e661      	b.n	10007308 <tud_task_ext+0x448>
10007644:	e78a      	b.n	1000755c <tud_task_ext+0x69c>
10007646:	4b1d      	ldr	r3, [pc, #116]	; (100076bc <tud_task_ext+0x7fc>)
10007648:	6932      	ldr	r2, [r6, #16]
1000764a:	429a      	cmp	r2, r3
1000764c:	d000      	beq.n	10007650 <tud_task_ext+0x790>
1000764e:	e773      	b.n	10007538 <tud_task_ext+0x678>
10007650:	9b04      	ldr	r3, [sp, #16]
10007652:	9300      	str	r3, [sp, #0]
10007654:	e770      	b.n	10007538 <tud_task_ext+0x678>
10007656:	f7ff fb9d 	bl	10006d94 <tud_descriptor_device_qualifier_cb>
1000765a:	1e02      	subs	r2, r0, #0
1000765c:	d100      	bne.n	10007660 <tud_task_ext+0x7a0>
1000765e:	e4ca      	b.n	10006ff6 <tud_task_ext+0x136>
10007660:	4658      	mov	r0, fp
10007662:	7813      	ldrb	r3, [r2, #0]
10007664:	a908      	add	r1, sp, #32
10007666:	f000 f8f9 	bl	1000785c <tud_control_xfer>
1000766a:	e580      	b.n	1000716e <tud_task_ext+0x2ae>
1000766c:	8921      	ldrh	r1, [r4, #8]
1000766e:	f7ff f8bf 	bl	100067f0 <tud_descriptor_string_cb>
10007672:	1e02      	subs	r2, r0, #0
10007674:	d1f4      	bne.n	10007660 <tud_task_ext+0x7a0>
10007676:	e4be      	b.n	10006ff6 <tud_task_ext+0x136>
10007678:	2b02      	cmp	r3, #2
1000767a:	d00f      	beq.n	1000769c <tud_task_ext+0x7dc>
1000767c:	f7ff fb8c 	bl	10006d98 <tud_descriptor_other_speed_configuration_cb>
10007680:	1e02      	subs	r2, r0, #0
10007682:	d1c5      	bne.n	10007610 <tud_task_ext+0x750>
10007684:	e4b7      	b.n	10006ff6 <tud_task_ext+0x136>
10007686:	f7ff f8ab 	bl	100067e0 <tud_descriptor_device_cb>
1000768a:	1e02      	subs	r2, r0, #0
1000768c:	d100      	bne.n	10007690 <tud_task_ext+0x7d0>
1000768e:	e4b2      	b.n	10006ff6 <tud_task_ext+0x136>
10007690:	2312      	movs	r3, #18
10007692:	4658      	mov	r0, fp
10007694:	a908      	add	r1, sp, #32
10007696:	f000 f8e1 	bl	1000785c <tud_control_xfer>
1000769a:	e568      	b.n	1000716e <tud_task_ext+0x2ae>
1000769c:	f7ff f8a4 	bl	100067e8 <tud_descriptor_configuration_cb>
100076a0:	1e02      	subs	r2, r0, #0
100076a2:	d1b5      	bne.n	10007610 <tud_task_ext+0x750>
100076a4:	e4a7      	b.n	10006ff6 <tud_task_ext+0x136>
100076a6:	46c0      	nop			; (mov r8, r8)
100076a8:	20001bb4 	.word	0x20001bb4
100076ac:	2000406d 	.word	0x2000406d
100076b0:	20001a04 	.word	0x20001a04
100076b4:	1000b090 	.word	0x1000b090
100076b8:	20001bc8 	.word	0x20001bc8
100076bc:	10007d3d 	.word	0x10007d3d

100076c0 <usbd_open_edpt_pair>:
100076c0:	b5f8      	push	{r3, r4, r5, r6, r7, lr}
100076c2:	4657      	mov	r7, sl
100076c4:	464e      	mov	r6, r9
100076c6:	46de      	mov	lr, fp
100076c8:	4645      	mov	r5, r8
100076ca:	000c      	movs	r4, r1
100076cc:	b5e0      	push	{r5, r6, r7, lr}
100076ce:	0016      	movs	r6, r2
100076d0:	001f      	movs	r7, r3
100076d2:	2a00      	cmp	r2, #0
100076d4:	d03c      	beq.n	10007750 <usbd_open_edpt_pair+0x90>
100076d6:	2370      	movs	r3, #112	; 0x70
100076d8:	4698      	mov	r8, r3
100076da:	4b1e      	ldr	r3, [pc, #120]	; (10007754 <usbd_open_edpt_pair+0x94>)
100076dc:	2500      	movs	r5, #0
100076de:	469b      	mov	fp, r3
100076e0:	4b1d      	ldr	r3, [pc, #116]	; (10007758 <usbd_open_edpt_pair+0x98>)
100076e2:	469a      	mov	sl, r3
100076e4:	e01a      	b.n	1000771c <usbd_open_edpt_pair+0x5c>
100076e6:	465b      	mov	r3, fp
100076e8:	781b      	ldrb	r3, [r3, #0]
100076ea:	0020      	movs	r0, r4
100076ec:	4699      	mov	r9, r3
100076ee:	4653      	mov	r3, sl
100076f0:	7899      	ldrb	r1, [r3, #2]
100076f2:	f000 fe03 	bl	100082fc <tu_edpt_validate>
100076f6:	2800      	cmp	r0, #0
100076f8:	d01c      	beq.n	10007734 <usbd_open_edpt_pair+0x74>
100076fa:	0021      	movs	r1, r4
100076fc:	4648      	mov	r0, r9
100076fe:	f7ff fa29 	bl	10006b54 <dcd_edpt_open>
10007702:	2800      	cmp	r0, #0
10007704:	d016      	beq.n	10007734 <usbd_open_edpt_pair+0x74>
10007706:	78a3      	ldrb	r3, [r4, #2]
10007708:	09da      	lsrs	r2, r3, #7
1000770a:	2a01      	cmp	r2, #1
1000770c:	d019      	beq.n	10007742 <usbd_open_edpt_pair+0x82>
1000770e:	9a0a      	ldr	r2, [sp, #40]	; 0x28
10007710:	3501      	adds	r5, #1
10007712:	7013      	strb	r3, [r2, #0]
10007714:	7823      	ldrb	r3, [r4, #0]
10007716:	18e4      	adds	r4, r4, r3
10007718:	42b5      	cmp	r5, r6
1000771a:	da19      	bge.n	10007750 <usbd_open_edpt_pair+0x90>
1000771c:	7863      	ldrb	r3, [r4, #1]
1000771e:	2b05      	cmp	r3, #5
10007720:	d108      	bne.n	10007734 <usbd_open_edpt_pair+0x74>
10007722:	78e3      	ldrb	r3, [r4, #3]
10007724:	079b      	lsls	r3, r3, #30
10007726:	0f9b      	lsrs	r3, r3, #30
10007728:	42bb      	cmp	r3, r7
1000772a:	d103      	bne.n	10007734 <usbd_open_edpt_pair+0x74>
1000772c:	4642      	mov	r2, r8
1000772e:	78a3      	ldrb	r3, [r4, #2]
10007730:	421a      	tst	r2, r3
10007732:	d0d8      	beq.n	100076e6 <usbd_open_edpt_pair+0x26>
10007734:	2000      	movs	r0, #0
10007736:	bcf0      	pop	{r4, r5, r6, r7}
10007738:	46bb      	mov	fp, r7
1000773a:	46b2      	mov	sl, r6
1000773c:	46a9      	mov	r9, r5
1000773e:	46a0      	mov	r8, r4
10007740:	bdf8      	pop	{r3, r4, r5, r6, r7, pc}
10007742:	9a0b      	ldr	r2, [sp, #44]	; 0x2c
10007744:	3501      	adds	r5, #1
10007746:	7013      	strb	r3, [r2, #0]
10007748:	7823      	ldrb	r3, [r4, #0]
1000774a:	18e4      	adds	r4, r4, r3
1000774c:	42b5      	cmp	r5, r6
1000774e:	dbe5      	blt.n	1000771c <usbd_open_edpt_pair+0x5c>
10007750:	2001      	movs	r0, #1
10007752:	e7f0      	b.n	10007736 <usbd_open_edpt_pair+0x76>
10007754:	20001214 	.word	0x20001214
10007758:	20001bb4 	.word	0x20001bb4

1000775c <usbd_edpt_open>:
1000775c:	2270      	movs	r2, #112	; 0x70
1000775e:	b570      	push	{r4, r5, r6, lr}
10007760:	788b      	ldrb	r3, [r1, #2]
10007762:	000c      	movs	r4, r1
10007764:	421a      	tst	r2, r3
10007766:	d001      	beq.n	1000776c <usbd_edpt_open+0x10>
10007768:	2000      	movs	r0, #0
1000776a:	bd70      	pop	{r4, r5, r6, pc}
1000776c:	4b06      	ldr	r3, [pc, #24]	; (10007788 <usbd_edpt_open+0x2c>)
1000776e:	0020      	movs	r0, r4
10007770:	781d      	ldrb	r5, [r3, #0]
10007772:	4b06      	ldr	r3, [pc, #24]	; (1000778c <usbd_edpt_open+0x30>)
10007774:	7899      	ldrb	r1, [r3, #2]
10007776:	f000 fdc1 	bl	100082fc <tu_edpt_validate>
1000777a:	2800      	cmp	r0, #0
1000777c:	d0f4      	beq.n	10007768 <usbd_edpt_open+0xc>
1000777e:	0021      	movs	r1, r4
10007780:	0028      	movs	r0, r5
10007782:	f7ff f9e7 	bl	10006b54 <dcd_edpt_open>
10007786:	e7f0      	b.n	1000776a <usbd_edpt_open+0xe>
10007788:	20001214 	.word	0x20001214
1000778c:	20001bb4 	.word	0x20001bb4

10007790 <usbd_edpt_claim>:
10007790:	4b07      	ldr	r3, [pc, #28]	; (100077b0 <usbd_edpt_claim+0x20>)
10007792:	0008      	movs	r0, r1
10007794:	6819      	ldr	r1, [r3, #0]
10007796:	237f      	movs	r3, #127	; 0x7f
10007798:	b510      	push	{r4, lr}
1000779a:	4003      	ands	r3, r0
1000779c:	09c0      	lsrs	r0, r0, #7
1000779e:	005b      	lsls	r3, r3, #1
100077a0:	3034      	adds	r0, #52	; 0x34
100077a2:	1818      	adds	r0, r3, r0
100077a4:	4b03      	ldr	r3, [pc, #12]	; (100077b4 <usbd_edpt_claim+0x24>)
100077a6:	1818      	adds	r0, r3, r0
100077a8:	f000 fd64 	bl	10008274 <tu_edpt_claim>
100077ac:	bd10      	pop	{r4, pc}
100077ae:	46c0      	nop			; (mov r8, r8)
100077b0:	20001c08 	.word	0x20001c08
100077b4:	20001bb4 	.word	0x20001bb4

100077b8 <usbd_edpt_release>:
100077b8:	4b07      	ldr	r3, [pc, #28]	; (100077d8 <usbd_edpt_release+0x20>)
100077ba:	0008      	movs	r0, r1
100077bc:	6819      	ldr	r1, [r3, #0]
100077be:	237f      	movs	r3, #127	; 0x7f
100077c0:	b510      	push	{r4, lr}
100077c2:	4003      	ands	r3, r0
100077c4:	09c0      	lsrs	r0, r0, #7
100077c6:	005b      	lsls	r3, r3, #1
100077c8:	3034      	adds	r0, #52	; 0x34
100077ca:	1818      	adds	r0, r3, r0
100077cc:	4b03      	ldr	r3, [pc, #12]	; (100077dc <usbd_edpt_release+0x24>)
100077ce:	1818      	adds	r0, r3, r0
100077d0:	f000 fd78 	bl	100082c4 <tu_edpt_release>
100077d4:	bd10      	pop	{r4, pc}
100077d6:	46c0      	nop			; (mov r8, r8)
100077d8:	20001c08 	.word	0x20001c08
100077dc:	20001bb4 	.word	0x20001bb4

100077e0 <usbd_edpt_xfer>:
100077e0:	207f      	movs	r0, #127	; 0x7f
100077e2:	b570      	push	{r4, r5, r6, lr}
100077e4:	4008      	ands	r0, r1
100077e6:	4c0f      	ldr	r4, [pc, #60]	; (10007824 <usbd_edpt_xfer+0x44>)
100077e8:	0040      	lsls	r0, r0, #1
100077ea:	09cd      	lsrs	r5, r1, #7
100077ec:	1824      	adds	r4, r4, r0
100077ee:	1964      	adds	r4, r4, r5
100077f0:	3430      	adds	r4, #48	; 0x30
100077f2:	7925      	ldrb	r5, [r4, #4]
100077f4:	2000      	movs	r0, #0
100077f6:	07ed      	lsls	r5, r5, #31
100077f8:	d500      	bpl.n	100077fc <usbd_edpt_xfer+0x1c>
100077fa:	bd70      	pop	{r4, r5, r6, pc}
100077fc:	2601      	movs	r6, #1
100077fe:	7925      	ldrb	r5, [r4, #4]
10007800:	4809      	ldr	r0, [pc, #36]	; (10007828 <usbd_edpt_xfer+0x48>)
10007802:	4335      	orrs	r5, r6
10007804:	7800      	ldrb	r0, [r0, #0]
10007806:	7125      	strb	r5, [r4, #4]
10007808:	f7ff fa32 	bl	10006c70 <dcd_edpt_xfer>
1000780c:	2800      	cmp	r0, #0
1000780e:	d1f4      	bne.n	100077fa <usbd_edpt_xfer+0x1a>
10007810:	2201      	movs	r2, #1
10007812:	7923      	ldrb	r3, [r4, #4]
10007814:	4393      	bics	r3, r2
10007816:	7123      	strb	r3, [r4, #4]
10007818:	7923      	ldrb	r3, [r4, #4]
1000781a:	3203      	adds	r2, #3
1000781c:	4393      	bics	r3, r2
1000781e:	7123      	strb	r3, [r4, #4]
10007820:	e7eb      	b.n	100077fa <usbd_edpt_xfer+0x1a>
10007822:	46c0      	nop			; (mov r8, r8)
10007824:	20001bb4 	.word	0x20001bb4
10007828:	20001214 	.word	0x20001214

1000782c <tud_control_status>:
1000782c:	b570      	push	{r4, r5, r6, lr}
1000782e:	4e0a      	ldr	r6, [pc, #40]	; (10007858 <tud_control_status+0x2c>)
10007830:	0005      	movs	r5, r0
10007832:	0030      	movs	r0, r6
10007834:	2208      	movs	r2, #8
10007836:	000c      	movs	r4, r1
10007838:	f7fc ffd6 	bl	100047e8 <__wrap___aeabi_memcpy>
1000783c:	2300      	movs	r3, #0
1000783e:	217f      	movs	r1, #127	; 0x7f
10007840:	60f3      	str	r3, [r6, #12]
10007842:	7822      	ldrb	r2, [r4, #0]
10007844:	60b3      	str	r3, [r6, #8]
10007846:	4291      	cmp	r1, r2
10007848:	415b      	adcs	r3, r3
1000784a:	0028      	movs	r0, r5
1000784c:	01d9      	lsls	r1, r3, #7
1000784e:	2200      	movs	r2, #0
10007850:	2300      	movs	r3, #0
10007852:	f7ff ffc5 	bl	100077e0 <usbd_edpt_xfer>
10007856:	bd70      	pop	{r4, r5, r6, pc}
10007858:	20001b94 	.word	0x20001b94

1000785c <tud_control_xfer>:
1000785c:	b5f8      	push	{r3, r4, r5, r6, r7, lr}
1000785e:	46ce      	mov	lr, r9
10007860:	4647      	mov	r7, r8
10007862:	4691      	mov	r9, r2
10007864:	4e2a      	ldr	r6, [pc, #168]	; (10007910 <tud_control_xfer+0xb4>)
10007866:	b580      	push	{r7, lr}
10007868:	2208      	movs	r2, #8
1000786a:	0007      	movs	r7, r0
1000786c:	0030      	movs	r0, r6
1000786e:	000d      	movs	r5, r1
10007870:	4698      	mov	r8, r3
10007872:	f7fc ffb9 	bl	100047e8 <__wrap___aeabi_memcpy>
10007876:	464b      	mov	r3, r9
10007878:	60b3      	str	r3, [r6, #8]
1000787a:	2300      	movs	r3, #0
1000787c:	81f3      	strh	r3, [r6, #14]
1000787e:	79ec      	ldrb	r4, [r5, #7]
10007880:	79a9      	ldrb	r1, [r5, #6]
10007882:	0224      	lsls	r4, r4, #8
10007884:	430c      	orrs	r4, r1
10007886:	1c23      	adds	r3, r4, #0
10007888:	4544      	cmp	r4, r8
1000788a:	d900      	bls.n	1000788e <tud_control_xfer+0x32>
1000788c:	4643      	mov	r3, r8
1000788e:	b29a      	uxth	r2, r3
10007890:	4690      	mov	r8, r2
10007892:	81b3      	strh	r3, [r6, #12]
10007894:	2c00      	cmp	r4, #0
10007896:	d013      	beq.n	100078c0 <tud_control_xfer+0x64>
10007898:	2a00      	cmp	r2, #0
1000789a:	d01f      	beq.n	100078dc <tud_control_xfer+0x80>
1000789c:	464b      	mov	r3, r9
1000789e:	2b00      	cmp	r3, #0
100078a0:	d034      	beq.n	1000790c <tud_control_xfer+0xb0>
100078a2:	1c13      	adds	r3, r2, #0
100078a4:	2a40      	cmp	r2, #64	; 0x40
100078a6:	d81f      	bhi.n	100078e8 <tud_control_xfer+0x8c>
100078a8:	b29b      	uxth	r3, r3
100078aa:	4698      	mov	r8, r3
100078ac:	7833      	ldrb	r3, [r6, #0]
100078ae:	2b7f      	cmp	r3, #127	; 0x7f
100078b0:	d820      	bhi.n	100078f4 <tud_control_xfer+0x98>
100078b2:	2100      	movs	r1, #0
100078b4:	4a17      	ldr	r2, [pc, #92]	; (10007914 <tud_control_xfer+0xb8>)
100078b6:	4643      	mov	r3, r8
100078b8:	0038      	movs	r0, r7
100078ba:	f7ff ff91 	bl	100077e0 <usbd_edpt_xfer>
100078be:	e009      	b.n	100078d4 <tud_control_xfer+0x78>
100078c0:	227f      	movs	r2, #127	; 0x7f
100078c2:	782b      	ldrb	r3, [r5, #0]
100078c4:	0038      	movs	r0, r7
100078c6:	429a      	cmp	r2, r3
100078c8:	4164      	adcs	r4, r4
100078ca:	2300      	movs	r3, #0
100078cc:	2200      	movs	r2, #0
100078ce:	01e1      	lsls	r1, r4, #7
100078d0:	f7ff ff86 	bl	100077e0 <usbd_edpt_xfer>
100078d4:	bcc0      	pop	{r6, r7}
100078d6:	46b9      	mov	r9, r7
100078d8:	46b0      	mov	r8, r6
100078da:	bdf8      	pop	{r3, r4, r5, r6, r7, pc}
100078dc:	7833      	ldrb	r3, [r6, #0]
100078de:	2b7f      	cmp	r3, #127	; 0x7f
100078e0:	d911      	bls.n	10007906 <tud_control_xfer+0xaa>
100078e2:	2180      	movs	r1, #128	; 0x80
100078e4:	2200      	movs	r2, #0
100078e6:	e7e6      	b.n	100078b6 <tud_control_xfer+0x5a>
100078e8:	2340      	movs	r3, #64	; 0x40
100078ea:	b29b      	uxth	r3, r3
100078ec:	4698      	mov	r8, r3
100078ee:	7833      	ldrb	r3, [r6, #0]
100078f0:	2b7f      	cmp	r3, #127	; 0x7f
100078f2:	d9de      	bls.n	100078b2 <tud_control_xfer+0x56>
100078f4:	4c07      	ldr	r4, [pc, #28]	; (10007914 <tud_control_xfer+0xb8>)
100078f6:	4642      	mov	r2, r8
100078f8:	4649      	mov	r1, r9
100078fa:	0020      	movs	r0, r4
100078fc:	f7fc ff74 	bl	100047e8 <__wrap___aeabi_memcpy>
10007900:	2180      	movs	r1, #128	; 0x80
10007902:	0022      	movs	r2, r4
10007904:	e7d7      	b.n	100078b6 <tud_control_xfer+0x5a>
10007906:	2100      	movs	r1, #0
10007908:	2200      	movs	r2, #0
1000790a:	e7d4      	b.n	100078b6 <tud_control_xfer+0x5a>
1000790c:	2000      	movs	r0, #0
1000790e:	e7e1      	b.n	100078d4 <tud_control_xfer+0x78>
10007910:	20001b94 	.word	0x20001b94
10007914:	20001b54 	.word	0x20001b54

10007918 <usbd_control_reset>:
10007918:	b510      	push	{r4, lr}
1000791a:	2214      	movs	r2, #20
1000791c:	2100      	movs	r1, #0
1000791e:	4802      	ldr	r0, [pc, #8]	; (10007928 <usbd_control_reset+0x10>)
10007920:	f7fc ff5c 	bl	100047dc <__wrap_memset>
10007924:	bd10      	pop	{r4, pc}
10007926:	46c0      	nop			; (mov r8, r8)
10007928:	20001b94 	.word	0x20001b94

1000792c <usbd_control_set_complete_callback>:
1000792c:	4b01      	ldr	r3, [pc, #4]	; (10007934 <usbd_control_set_complete_callback+0x8>)
1000792e:	6118      	str	r0, [r3, #16]
10007930:	4770      	bx	lr
10007932:	46c0      	nop			; (mov r8, r8)
10007934:	20001b94 	.word	0x20001b94

10007938 <usbd_control_set_request>:
10007938:	b510      	push	{r4, lr}
1000793a:	4c05      	ldr	r4, [pc, #20]	; (10007950 <usbd_control_set_request+0x18>)
1000793c:	0001      	movs	r1, r0
1000793e:	2208      	movs	r2, #8
10007940:	0020      	movs	r0, r4
10007942:	f7fc ff51 	bl	100047e8 <__wrap___aeabi_memcpy>
10007946:	2300      	movs	r3, #0
10007948:	60a3      	str	r3, [r4, #8]
1000794a:	60e3      	str	r3, [r4, #12]
1000794c:	bd10      	pop	{r4, pc}
1000794e:	46c0      	nop			; (mov r8, r8)
10007950:	20001b94 	.word	0x20001b94

10007954 <usbd_control_xfer_cb>:
10007954:	b5f8      	push	{r3, r4, r5, r6, r7, lr}
10007956:	4c39      	ldr	r4, [pc, #228]	; (10007a3c <usbd_control_xfer_cb+0xe8>)
10007958:	001d      	movs	r5, r3
1000795a:	7823      	ldrb	r3, [r4, #0]
1000795c:	0006      	movs	r6, r0
1000795e:	09da      	lsrs	r2, r3, #7
10007960:	09c9      	lsrs	r1, r1, #7
10007962:	428a      	cmp	r2, r1
10007964:	d010      	beq.n	10007988 <usbd_control_xfer_cb+0x34>
10007966:	2000      	movs	r0, #0
10007968:	2d00      	cmp	r5, #0
1000796a:	d000      	beq.n	1000796e <usbd_control_xfer_cb+0x1a>
1000796c:	bdf8      	pop	{r3, r4, r5, r6, r7, pc}
1000796e:	0021      	movs	r1, r4
10007970:	0030      	movs	r0, r6
10007972:	f7ff f8e1 	bl	10006b38 <dcd_edpt0_status_complete>
10007976:	6923      	ldr	r3, [r4, #16]
10007978:	2b00      	cmp	r3, #0
1000797a:	d042      	beq.n	10007a02 <usbd_control_xfer_cb+0xae>
1000797c:	0022      	movs	r2, r4
1000797e:	2103      	movs	r1, #3
10007980:	0030      	movs	r0, r6
10007982:	4798      	blx	r3
10007984:	2001      	movs	r0, #1
10007986:	e7f1      	b.n	1000796c <usbd_control_xfer_cb+0x18>
10007988:	2b7f      	cmp	r3, #127	; 0x7f
1000798a:	d806      	bhi.n	1000799a <usbd_control_xfer_cb+0x46>
1000798c:	68a0      	ldr	r0, [r4, #8]
1000798e:	2800      	cmp	r0, #0
10007990:	d039      	beq.n	10007a06 <usbd_control_xfer_cb+0xb2>
10007992:	002a      	movs	r2, r5
10007994:	492a      	ldr	r1, [pc, #168]	; (10007a40 <usbd_control_xfer_cb+0xec>)
10007996:	f7fc ff27 	bl	100047e8 <__wrap___aeabi_memcpy>
1000799a:	68a3      	ldr	r3, [r4, #8]
1000799c:	89e2      	ldrh	r2, [r4, #14]
1000799e:	1959      	adds	r1, r3, r5
100079a0:	1952      	adds	r2, r2, r5
100079a2:	88e3      	ldrh	r3, [r4, #6]
100079a4:	b292      	uxth	r2, r2
100079a6:	81e2      	strh	r2, [r4, #14]
100079a8:	60a1      	str	r1, [r4, #8]
100079aa:	4293      	cmp	r3, r2
100079ac:	d014      	beq.n	100079d8 <usbd_control_xfer_cb+0x84>
100079ae:	2d3f      	cmp	r5, #63	; 0x3f
100079b0:	d912      	bls.n	100079d8 <usbd_control_xfer_cb+0x84>
100079b2:	89a5      	ldrh	r5, [r4, #12]
100079b4:	1aa8      	subs	r0, r5, r2
100079b6:	1c07      	adds	r7, r0, #0
100079b8:	b280      	uxth	r0, r0
100079ba:	2840      	cmp	r0, #64	; 0x40
100079bc:	d82f      	bhi.n	10007a1e <usbd_control_xfer_cb+0xca>
100079be:	7823      	ldrb	r3, [r4, #0]
100079c0:	b2bf      	uxth	r7, r7
100079c2:	2b7f      	cmp	r3, #127	; 0x7f
100079c4:	d82d      	bhi.n	10007a22 <usbd_control_xfer_cb+0xce>
100079c6:	2100      	movs	r1, #0
100079c8:	42aa      	cmp	r2, r5
100079ca:	d035      	beq.n	10007a38 <usbd_control_xfer_cb+0xe4>
100079cc:	4a1c      	ldr	r2, [pc, #112]	; (10007a40 <usbd_control_xfer_cb+0xec>)
100079ce:	003b      	movs	r3, r7
100079d0:	0030      	movs	r0, r6
100079d2:	f7ff ff05 	bl	100077e0 <usbd_edpt_xfer>
100079d6:	e7c9      	b.n	1000796c <usbd_control_xfer_cb+0x18>
100079d8:	6923      	ldr	r3, [r4, #16]
100079da:	2b00      	cmp	r3, #0
100079dc:	d005      	beq.n	100079ea <usbd_control_xfer_cb+0x96>
100079de:	0022      	movs	r2, r4
100079e0:	2102      	movs	r1, #2
100079e2:	0030      	movs	r0, r6
100079e4:	4798      	blx	r3
100079e6:	2800      	cmp	r0, #0
100079e8:	d00f      	beq.n	10007a0a <usbd_control_xfer_cb+0xb6>
100079ea:	227f      	movs	r2, #127	; 0x7f
100079ec:	2100      	movs	r1, #0
100079ee:	7823      	ldrb	r3, [r4, #0]
100079f0:	0030      	movs	r0, r6
100079f2:	429a      	cmp	r2, r3
100079f4:	4149      	adcs	r1, r1
100079f6:	2300      	movs	r3, #0
100079f8:	2200      	movs	r2, #0
100079fa:	01c9      	lsls	r1, r1, #7
100079fc:	f7ff fef0 	bl	100077e0 <usbd_edpt_xfer>
10007a00:	e7b4      	b.n	1000796c <usbd_control_xfer_cb+0x18>
10007a02:	2001      	movs	r0, #1
10007a04:	e7b2      	b.n	1000796c <usbd_control_xfer_cb+0x18>
10007a06:	2000      	movs	r0, #0
10007a08:	e7b0      	b.n	1000796c <usbd_control_xfer_cb+0x18>
10007a0a:	2100      	movs	r1, #0
10007a0c:	0030      	movs	r0, r6
10007a0e:	f7ff f941 	bl	10006c94 <dcd_edpt_stall>
10007a12:	0030      	movs	r0, r6
10007a14:	2180      	movs	r1, #128	; 0x80
10007a16:	f7ff f93d 	bl	10006c94 <dcd_edpt_stall>
10007a1a:	2001      	movs	r0, #1
10007a1c:	e7a6      	b.n	1000796c <usbd_control_xfer_cb+0x18>
10007a1e:	2740      	movs	r7, #64	; 0x40
10007a20:	e7cd      	b.n	100079be <usbd_control_xfer_cb+0x6a>
10007a22:	42aa      	cmp	r2, r5
10007a24:	d007      	beq.n	10007a36 <usbd_control_xfer_cb+0xe2>
10007a26:	4c06      	ldr	r4, [pc, #24]	; (10007a40 <usbd_control_xfer_cb+0xec>)
10007a28:	003a      	movs	r2, r7
10007a2a:	0020      	movs	r0, r4
10007a2c:	f7fc fedc 	bl	100047e8 <__wrap___aeabi_memcpy>
10007a30:	2180      	movs	r1, #128	; 0x80
10007a32:	0022      	movs	r2, r4
10007a34:	e7cb      	b.n	100079ce <usbd_control_xfer_cb+0x7a>
10007a36:	2180      	movs	r1, #128	; 0x80
10007a38:	2200      	movs	r2, #0
10007a3a:	e7c8      	b.n	100079ce <usbd_control_xfer_cb+0x7a>
10007a3c:	20001b94 	.word	0x20001b94
10007a40:	20001b54 	.word	0x20001b54

10007a44 <_prep_out_transaction.isra.0>:
10007a44:	b570      	push	{r4, r5, r6, lr}
10007a46:	0005      	movs	r5, r0
10007a48:	f7ff f9b0 	bl	10006dac <tud_mounted>
10007a4c:	2800      	cmp	r0, #0
10007a4e:	d100      	bne.n	10007a52 <_prep_out_transaction.isra.0+0xe>
10007a50:	bd70      	pop	{r4, r5, r6, pc}
10007a52:	f7ff f9b3 	bl	10006dbc <tud_suspended>
10007a56:	2800      	cmp	r0, #0
10007a58:	d1fa      	bne.n	10007a50 <_prep_out_transaction.isra.0+0xc>
10007a5a:	23c8      	movs	r3, #200	; 0xc8
10007a5c:	436b      	muls	r3, r5
10007a5e:	4a12      	ldr	r2, [pc, #72]	; (10007aa8 <_prep_out_transaction.isra.0+0x64>)
10007a60:	18d6      	adds	r6, r2, r3
10007a62:	78f1      	ldrb	r1, [r6, #3]
10007a64:	2900      	cmp	r1, #0
10007a66:	d0f3      	beq.n	10007a50 <_prep_out_transaction.isra.0+0xc>
10007a68:	3310      	adds	r3, #16
10007a6a:	189c      	adds	r4, r3, r2
10007a6c:	0020      	movs	r0, r4
10007a6e:	f000 fdf5 	bl	1000865c <tu_fifo_remaining>
10007a72:	283f      	cmp	r0, #63	; 0x3f
10007a74:	d9ec      	bls.n	10007a50 <_prep_out_transaction.isra.0+0xc>
10007a76:	2000      	movs	r0, #0
10007a78:	78f1      	ldrb	r1, [r6, #3]
10007a7a:	f7ff fe89 	bl	10007790 <usbd_edpt_claim>
10007a7e:	2800      	cmp	r0, #0
10007a80:	d0e6      	beq.n	10007a50 <_prep_out_transaction.isra.0+0xc>
10007a82:	0020      	movs	r0, r4
10007a84:	f000 fdea 	bl	1000865c <tu_fifo_remaining>
10007a88:	283f      	cmp	r0, #63	; 0x3f
10007a8a:	d908      	bls.n	10007a9e <_prep_out_transaction.isra.0+0x5a>
10007a8c:	01ea      	lsls	r2, r5, #7
10007a8e:	4d07      	ldr	r5, [pc, #28]	; (10007aac <_prep_out_transaction.isra.0+0x68>)
10007a90:	2340      	movs	r3, #64	; 0x40
10007a92:	78f1      	ldrb	r1, [r6, #3]
10007a94:	1952      	adds	r2, r2, r5
10007a96:	2000      	movs	r0, #0
10007a98:	f7ff fea2 	bl	100077e0 <usbd_edpt_xfer>
10007a9c:	e7d8      	b.n	10007a50 <_prep_out_transaction.isra.0+0xc>
10007a9e:	78f1      	ldrb	r1, [r6, #3]
10007aa0:	2000      	movs	r0, #0
10007aa2:	f7ff fe89 	bl	100077b8 <usbd_edpt_release>
10007aa6:	e7d3      	b.n	10007a50 <_prep_out_transaction.isra.0+0xc>
10007aa8:	20001a8c 	.word	0x20001a8c
10007aac:	20001a08 	.word	0x20001a08

10007ab0 <tud_cdc_n_connected>:
10007ab0:	b510      	push	{r4, lr}
10007ab2:	0004      	movs	r4, r0
10007ab4:	f7ff f97a 	bl	10006dac <tud_mounted>
10007ab8:	2800      	cmp	r0, #0
10007aba:	d101      	bne.n	10007ac0 <tud_cdc_n_connected+0x10>
10007abc:	2000      	movs	r0, #0
10007abe:	bd10      	pop	{r4, pc}
10007ac0:	f7ff f97c 	bl	10006dbc <tud_suspended>
10007ac4:	2800      	cmp	r0, #0
10007ac6:	d1f9      	bne.n	10007abc <tud_cdc_n_connected+0xc>
10007ac8:	30c8      	adds	r0, #200	; 0xc8
10007aca:	4344      	muls	r4, r0
10007acc:	4802      	ldr	r0, [pc, #8]	; (10007ad8 <tud_cdc_n_connected+0x28>)
10007ace:	1900      	adds	r0, r0, r4
10007ad0:	7903      	ldrb	r3, [r0, #4]
10007ad2:	2001      	movs	r0, #1
10007ad4:	4018      	ands	r0, r3
10007ad6:	e7f2      	b.n	10007abe <tud_cdc_n_connected+0xe>
10007ad8:	20001a8c 	.word	0x20001a8c

10007adc <tud_cdc_n_available>:
10007adc:	23c8      	movs	r3, #200	; 0xc8
10007ade:	4358      	muls	r0, r3
10007ae0:	b510      	push	{r4, lr}
10007ae2:	4b03      	ldr	r3, [pc, #12]	; (10007af0 <tud_cdc_n_available+0x14>)
10007ae4:	3010      	adds	r0, #16
10007ae6:	18c0      	adds	r0, r0, r3
10007ae8:	f000 fd9a 	bl	10008620 <tu_fifo_count>
10007aec:	bd10      	pop	{r4, pc}
10007aee:	46c0      	nop			; (mov r8, r8)
10007af0:	20001a8c 	.word	0x20001a8c

10007af4 <tud_cdc_n_read>:
10007af4:	b5f0      	push	{r4, r5, r6, r7, lr}
10007af6:	24c8      	movs	r4, #200	; 0xc8
10007af8:	46c6      	mov	lr, r8
10007afa:	4344      	muls	r4, r0
10007afc:	4f1e      	ldr	r7, [pc, #120]	; (10007b78 <tud_cdc_n_read+0x84>)
10007afe:	4b1f      	ldr	r3, [pc, #124]	; (10007b7c <tud_cdc_n_read+0x88>)
10007b00:	3410      	adds	r4, #16
10007b02:	0005      	movs	r5, r0
10007b04:	b500      	push	{lr}
10007b06:	193c      	adds	r4, r7, r4
10007b08:	429a      	cmp	r2, r3
10007b0a:	d900      	bls.n	10007b0e <tud_cdc_n_read+0x1a>
10007b0c:	4a1c      	ldr	r2, [pc, #112]	; (10007b80 <tud_cdc_n_read+0x8c>)
10007b0e:	0020      	movs	r0, r4
10007b10:	b292      	uxth	r2, r2
10007b12:	f000 fe09 	bl	10008728 <tu_fifo_read_n>
10007b16:	4680      	mov	r8, r0
10007b18:	f7ff f948 	bl	10006dac <tud_mounted>
10007b1c:	2800      	cmp	r0, #0
10007b1e:	d103      	bne.n	10007b28 <tud_cdc_n_read+0x34>
10007b20:	4640      	mov	r0, r8
10007b22:	bc80      	pop	{r7}
10007b24:	46b8      	mov	r8, r7
10007b26:	bdf0      	pop	{r4, r5, r6, r7, pc}
10007b28:	f7ff f948 	bl	10006dbc <tud_suspended>
10007b2c:	2800      	cmp	r0, #0
10007b2e:	d1f7      	bne.n	10007b20 <tud_cdc_n_read+0x2c>
10007b30:	26c8      	movs	r6, #200	; 0xc8
10007b32:	436e      	muls	r6, r5
10007b34:	19be      	adds	r6, r7, r6
10007b36:	78f3      	ldrb	r3, [r6, #3]
10007b38:	2b00      	cmp	r3, #0
10007b3a:	d0f1      	beq.n	10007b20 <tud_cdc_n_read+0x2c>
10007b3c:	0020      	movs	r0, r4
10007b3e:	f000 fd8d 	bl	1000865c <tu_fifo_remaining>
10007b42:	283f      	cmp	r0, #63	; 0x3f
10007b44:	d9ec      	bls.n	10007b20 <tud_cdc_n_read+0x2c>
10007b46:	2000      	movs	r0, #0
10007b48:	78f1      	ldrb	r1, [r6, #3]
10007b4a:	f7ff fe21 	bl	10007790 <usbd_edpt_claim>
10007b4e:	2800      	cmp	r0, #0
10007b50:	d0e6      	beq.n	10007b20 <tud_cdc_n_read+0x2c>
10007b52:	0020      	movs	r0, r4
10007b54:	f000 fd82 	bl	1000865c <tu_fifo_remaining>
10007b58:	283f      	cmp	r0, #63	; 0x3f
10007b5a:	d908      	bls.n	10007b6e <tud_cdc_n_read+0x7a>
10007b5c:	01ea      	lsls	r2, r5, #7
10007b5e:	4d09      	ldr	r5, [pc, #36]	; (10007b84 <tud_cdc_n_read+0x90>)
10007b60:	2340      	movs	r3, #64	; 0x40
10007b62:	78f1      	ldrb	r1, [r6, #3]
10007b64:	1952      	adds	r2, r2, r5
10007b66:	2000      	movs	r0, #0
10007b68:	f7ff fe3a 	bl	100077e0 <usbd_edpt_xfer>
10007b6c:	e7d8      	b.n	10007b20 <tud_cdc_n_read+0x2c>
10007b6e:	78f1      	ldrb	r1, [r6, #3]
10007b70:	2000      	movs	r0, #0
10007b72:	f7ff fe21 	bl	100077b8 <usbd_edpt_release>
10007b76:	e7d3      	b.n	10007b20 <tud_cdc_n_read+0x2c>
10007b78:	20001a8c 	.word	0x20001a8c
10007b7c:	0000fffe 	.word	0x0000fffe
10007b80:	0000ffff 	.word	0x0000ffff
10007b84:	20001a08 	.word	0x20001a08

10007b88 <tud_cdc_n_write_flush>:
10007b88:	b5f8      	push	{r3, r4, r5, r6, r7, lr}
10007b8a:	0006      	movs	r6, r0
10007b8c:	f7ff f90e 	bl	10006dac <tud_mounted>
10007b90:	2800      	cmp	r0, #0
10007b92:	d101      	bne.n	10007b98 <tud_cdc_n_write_flush+0x10>
10007b94:	2000      	movs	r0, #0
10007b96:	bdf8      	pop	{r3, r4, r5, r6, r7, pc}
10007b98:	f7ff f910 	bl	10006dbc <tud_suspended>
10007b9c:	2800      	cmp	r0, #0
10007b9e:	d1f9      	bne.n	10007b94 <tud_cdc_n_write_flush+0xc>
10007ba0:	24c8      	movs	r4, #200	; 0xc8
10007ba2:	4374      	muls	r4, r6
10007ba4:	0025      	movs	r5, r4
10007ba6:	4f14      	ldr	r7, [pc, #80]	; (10007bf8 <tud_cdc_n_write_flush+0x70>)
10007ba8:	3524      	adds	r5, #36	; 0x24
10007baa:	19ed      	adds	r5, r5, r7
10007bac:	0028      	movs	r0, r5
10007bae:	f000 fd37 	bl	10008620 <tu_fifo_count>
10007bb2:	2800      	cmp	r0, #0
10007bb4:	d0ee      	beq.n	10007b94 <tud_cdc_n_write_flush+0xc>
10007bb6:	193f      	adds	r7, r7, r4
10007bb8:	2000      	movs	r0, #0
10007bba:	78b9      	ldrb	r1, [r7, #2]
10007bbc:	f7ff fde8 	bl	10007790 <usbd_edpt_claim>
10007bc0:	2800      	cmp	r0, #0
10007bc2:	d0e7      	beq.n	10007b94 <tud_cdc_n_write_flush+0xc>
10007bc4:	480d      	ldr	r0, [pc, #52]	; (10007bfc <tud_cdc_n_write_flush+0x74>)
10007bc6:	01f6      	lsls	r6, r6, #7
10007bc8:	3640      	adds	r6, #64	; 0x40
10007bca:	1836      	adds	r6, r6, r0
10007bcc:	0031      	movs	r1, r6
10007bce:	2240      	movs	r2, #64	; 0x40
10007bd0:	0028      	movs	r0, r5
10007bd2:	f000 fda9 	bl	10008728 <tu_fifo_read_n>
10007bd6:	78b9      	ldrb	r1, [r7, #2]
10007bd8:	1e04      	subs	r4, r0, #0
10007bda:	d008      	beq.n	10007bee <tud_cdc_n_write_flush+0x66>
10007bdc:	0003      	movs	r3, r0
10007bde:	0032      	movs	r2, r6
10007be0:	2000      	movs	r0, #0
10007be2:	f7ff fdfd 	bl	100077e0 <usbd_edpt_xfer>
10007be6:	2800      	cmp	r0, #0
10007be8:	d0d4      	beq.n	10007b94 <tud_cdc_n_write_flush+0xc>
10007bea:	0020      	movs	r0, r4
10007bec:	e7d3      	b.n	10007b96 <tud_cdc_n_write_flush+0xe>
10007bee:	2000      	movs	r0, #0
10007bf0:	f7ff fde2 	bl	100077b8 <usbd_edpt_release>
10007bf4:	e7ce      	b.n	10007b94 <tud_cdc_n_write_flush+0xc>
10007bf6:	46c0      	nop			; (mov r8, r8)
10007bf8:	20001a8c 	.word	0x20001a8c
10007bfc:	20001a08 	.word	0x20001a08

10007c00 <tud_cdc_n_write>:
10007c00:	b570      	push	{r4, r5, r6, lr}
10007c02:	24c8      	movs	r4, #200	; 0xc8
10007c04:	4344      	muls	r4, r0
10007c06:	4b0c      	ldr	r3, [pc, #48]	; (10007c38 <tud_cdc_n_write+0x38>)
10007c08:	3424      	adds	r4, #36	; 0x24
10007c0a:	18e4      	adds	r4, r4, r3
10007c0c:	4b0b      	ldr	r3, [pc, #44]	; (10007c3c <tud_cdc_n_write+0x3c>)
10007c0e:	0005      	movs	r5, r0
10007c10:	429a      	cmp	r2, r3
10007c12:	d900      	bls.n	10007c16 <tud_cdc_n_write+0x16>
10007c14:	4a0a      	ldr	r2, [pc, #40]	; (10007c40 <tud_cdc_n_write+0x40>)
10007c16:	0020      	movs	r0, r4
10007c18:	b292      	uxth	r2, r2
10007c1a:	f000 fe3f 	bl	1000889c <tu_fifo_write_n>
10007c1e:	0006      	movs	r6, r0
10007c20:	0020      	movs	r0, r4
10007c22:	f000 fcfd 	bl	10008620 <tu_fifo_count>
10007c26:	283f      	cmp	r0, #63	; 0x3f
10007c28:	d801      	bhi.n	10007c2e <tud_cdc_n_write+0x2e>
10007c2a:	0030      	movs	r0, r6
10007c2c:	bd70      	pop	{r4, r5, r6, pc}
10007c2e:	0028      	movs	r0, r5
10007c30:	f7ff ffaa 	bl	10007b88 <tud_cdc_n_write_flush>
10007c34:	e7f9      	b.n	10007c2a <tud_cdc_n_write+0x2a>
10007c36:	46c0      	nop			; (mov r8, r8)
10007c38:	20001a8c 	.word	0x20001a8c
10007c3c:	0000fffe 	.word	0x0000fffe
10007c40:	0000ffff 	.word	0x0000ffff

10007c44 <tud_cdc_n_write_available>:
10007c44:	23c8      	movs	r3, #200	; 0xc8
10007c46:	4358      	muls	r0, r3
10007c48:	b510      	push	{r4, lr}
10007c4a:	4b03      	ldr	r3, [pc, #12]	; (10007c58 <tud_cdc_n_write_available+0x14>)
10007c4c:	3024      	adds	r0, #36	; 0x24
10007c4e:	18c0      	adds	r0, r0, r3
10007c50:	f000 fd04 	bl	1000865c <tu_fifo_remaining>
10007c54:	bd10      	pop	{r4, pc}
10007c56:	46c0      	nop			; (mov r8, r8)
10007c58:	20001a8c 	.word	0x20001a8c

10007c5c <cdcd_init>:
10007c5c:	b5f0      	push	{r4, r5, r6, r7, lr}
10007c5e:	2500      	movs	r5, #0
10007c60:	4c18      	ldr	r4, [pc, #96]	; (10007cc4 <cdcd_init+0x68>)
10007c62:	b083      	sub	sp, #12
10007c64:	22c8      	movs	r2, #200	; 0xc8
10007c66:	2100      	movs	r1, #0
10007c68:	0020      	movs	r0, r4
10007c6a:	f7fc fdb7 	bl	100047dc <__wrap_memset>
10007c6e:	4b16      	ldr	r3, [pc, #88]	; (10007cc8 <cdcd_init+0x6c>)
10007c70:	0021      	movs	r1, r4
10007c72:	701d      	strb	r5, [r3, #0]
10007c74:	23ff      	movs	r3, #255	; 0xff
10007c76:	7163      	strb	r3, [r4, #5]
10007c78:	23e1      	movs	r3, #225	; 0xe1
10007c7a:	025b      	lsls	r3, r3, #9
10007c7c:	60a3      	str	r3, [r4, #8]
10007c7e:	0020      	movs	r0, r4
10007c80:	2308      	movs	r3, #8
10007c82:	2240      	movs	r2, #64	; 0x40
10007c84:	73a3      	strb	r3, [r4, #14]
10007c86:	3138      	adds	r1, #56	; 0x38
10007c88:	9500      	str	r5, [sp, #0]
10007c8a:	3b07      	subs	r3, #7
10007c8c:	3010      	adds	r0, #16
10007c8e:	f000 fc8f 	bl	100085b0 <tu_fifo_config>
10007c92:	0027      	movs	r7, r4
10007c94:	2301      	movs	r3, #1
10007c96:	0021      	movs	r1, r4
10007c98:	0020      	movs	r0, r4
10007c9a:	0026      	movs	r6, r4
10007c9c:	2240      	movs	r2, #64	; 0x40
10007c9e:	3178      	adds	r1, #120	; 0x78
10007ca0:	9300      	str	r3, [sp, #0]
10007ca2:	37b8      	adds	r7, #184	; 0xb8
10007ca4:	3024      	adds	r0, #36	; 0x24
10007ca6:	f000 fc83 	bl	100085b0 <tu_fifo_config>
10007caa:	36c0      	adds	r6, #192	; 0xc0
10007cac:	0038      	movs	r0, r7
10007cae:	f7fa fc8f 	bl	100025d0 <mutex_init>
10007cb2:	0030      	movs	r0, r6
10007cb4:	f7fa fc8c 	bl	100025d0 <mutex_init>
10007cb8:	61e5      	str	r5, [r4, #28]
10007cba:	6227      	str	r7, [r4, #32]
10007cbc:	6326      	str	r6, [r4, #48]	; 0x30
10007cbe:	6365      	str	r5, [r4, #52]	; 0x34
10007cc0:	b003      	add	sp, #12
10007cc2:	bdf0      	pop	{r4, r5, r6, r7, pc}
10007cc4:	20001a8c 	.word	0x20001a8c
10007cc8:	20001a88 	.word	0x20001a88

10007ccc <cdcd_deinit>:
10007ccc:	4b07      	ldr	r3, [pc, #28]	; (10007cec <cdcd_deinit+0x20>)
10007cce:	6a1a      	ldr	r2, [r3, #32]
10007cd0:	6b19      	ldr	r1, [r3, #48]	; 0x30
10007cd2:	2a00      	cmp	r2, #0
10007cd4:	d002      	beq.n	10007cdc <cdcd_deinit+0x10>
10007cd6:	2200      	movs	r2, #0
10007cd8:	61da      	str	r2, [r3, #28]
10007cda:	621a      	str	r2, [r3, #32]
10007cdc:	2900      	cmp	r1, #0
10007cde:	d002      	beq.n	10007ce6 <cdcd_deinit+0x1a>
10007ce0:	2200      	movs	r2, #0
10007ce2:	631a      	str	r2, [r3, #48]	; 0x30
10007ce4:	635a      	str	r2, [r3, #52]	; 0x34
10007ce6:	2001      	movs	r0, #1
10007ce8:	4770      	bx	lr
10007cea:	46c0      	nop			; (mov r8, r8)
10007cec:	20001a8c 	.word	0x20001a8c

10007cf0 <cdcd_reset>:
10007cf0:	b570      	push	{r4, r5, r6, lr}
10007cf2:	4c0f      	ldr	r4, [pc, #60]	; (10007d30 <cdcd_reset+0x40>)
10007cf4:	2205      	movs	r2, #5
10007cf6:	2100      	movs	r1, #0
10007cf8:	0020      	movs	r0, r4
10007cfa:	f7fc fd6f 	bl	100047dc <__wrap_memset>
10007cfe:	4d0d      	ldr	r5, [pc, #52]	; (10007d34 <cdcd_reset+0x44>)
10007d00:	782b      	ldrb	r3, [r5, #0]
10007d02:	07da      	lsls	r2, r3, #31
10007d04:	d507      	bpl.n	10007d16 <cdcd_reset+0x26>
10007d06:	4c0c      	ldr	r4, [pc, #48]	; (10007d38 <cdcd_reset+0x48>)
10007d08:	079b      	lsls	r3, r3, #30
10007d0a:	d50c      	bpl.n	10007d26 <cdcd_reset+0x36>
10007d0c:	2101      	movs	r1, #1
10007d0e:	0020      	movs	r0, r4
10007d10:	f000 fe98 	bl	10008a44 <tu_fifo_set_overwritable>
10007d14:	bd70      	pop	{r4, r5, r6, pc}
10007d16:	0020      	movs	r0, r4
10007d18:	3010      	adds	r0, #16
10007d1a:	f000 fe73 	bl	10008a04 <tu_fifo_clear>
10007d1e:	782b      	ldrb	r3, [r5, #0]
10007d20:	4c05      	ldr	r4, [pc, #20]	; (10007d38 <cdcd_reset+0x48>)
10007d22:	079b      	lsls	r3, r3, #30
10007d24:	d4f2      	bmi.n	10007d0c <cdcd_reset+0x1c>
10007d26:	0020      	movs	r0, r4
10007d28:	f000 fe6c 	bl	10008a04 <tu_fifo_clear>
10007d2c:	e7ee      	b.n	10007d0c <cdcd_reset+0x1c>
10007d2e:	46c0      	nop			; (mov r8, r8)
10007d30:	20001a8c 	.word	0x20001a8c
10007d34:	20001a88 	.word	0x20001a88
10007d38:	20001ab0 	.word	0x20001ab0

10007d3c <cdcd_open>:
10007d3c:	b5f0      	push	{r4, r5, r6, r7, lr}
10007d3e:	794b      	ldrb	r3, [r1, #5]
10007d40:	0006      	movs	r6, r0
10007d42:	b083      	sub	sp, #12
10007d44:	2b02      	cmp	r3, #2
10007d46:	d102      	bne.n	10007d4e <cdcd_open+0x12>
10007d48:	798b      	ldrb	r3, [r1, #6]
10007d4a:	2b02      	cmp	r3, #2
10007d4c:	d003      	beq.n	10007d56 <cdcd_open+0x1a>
10007d4e:	2500      	movs	r5, #0
10007d50:	0028      	movs	r0, r5
10007d52:	b003      	add	sp, #12
10007d54:	bdf0      	pop	{r4, r5, r6, r7, pc}
10007d56:	4f21      	ldr	r7, [pc, #132]	; (10007ddc <cdcd_open+0xa0>)
10007d58:	78bb      	ldrb	r3, [r7, #2]
10007d5a:	2b00      	cmp	r3, #0
10007d5c:	d1f7      	bne.n	10007d4e <cdcd_open+0x12>
10007d5e:	788b      	ldrb	r3, [r1, #2]
10007d60:	2509      	movs	r5, #9
10007d62:	703b      	strb	r3, [r7, #0]
10007d64:	780c      	ldrb	r4, [r1, #0]
10007d66:	190c      	adds	r4, r1, r4
10007d68:	7863      	ldrb	r3, [r4, #1]
10007d6a:	2b24      	cmp	r3, #36	; 0x24
10007d6c:	d10b      	bne.n	10007d86 <cdcd_open+0x4a>
10007d6e:	2a08      	cmp	r2, #8
10007d70:	d802      	bhi.n	10007d78 <cdcd_open+0x3c>
10007d72:	e00f      	b.n	10007d94 <cdcd_open+0x58>
10007d74:	42aa      	cmp	r2, r5
10007d76:	d30d      	bcc.n	10007d94 <cdcd_open+0x58>
10007d78:	7823      	ldrb	r3, [r4, #0]
10007d7a:	18e4      	adds	r4, r4, r3
10007d7c:	18ed      	adds	r5, r5, r3
10007d7e:	7863      	ldrb	r3, [r4, #1]
10007d80:	b2ad      	uxth	r5, r5
10007d82:	2b24      	cmp	r3, #36	; 0x24
10007d84:	d0f6      	beq.n	10007d74 <cdcd_open+0x38>
10007d86:	2b05      	cmp	r3, #5
10007d88:	d008      	beq.n	10007d9c <cdcd_open+0x60>
10007d8a:	2b04      	cmp	r3, #4
10007d8c:	d102      	bne.n	10007d94 <cdcd_open+0x58>
10007d8e:	7963      	ldrb	r3, [r4, #5]
10007d90:	2b0a      	cmp	r3, #10
10007d92:	d011      	beq.n	10007db8 <cdcd_open+0x7c>
10007d94:	2000      	movs	r0, #0
10007d96:	f7ff fe55 	bl	10007a44 <_prep_out_transaction.isra.0>
10007d9a:	e7d9      	b.n	10007d50 <cdcd_open+0x14>
10007d9c:	0021      	movs	r1, r4
10007d9e:	0030      	movs	r0, r6
10007da0:	f7ff fcdc 	bl	1000775c <usbd_edpt_open>
10007da4:	2800      	cmp	r0, #0
10007da6:	d0d2      	beq.n	10007d4e <cdcd_open+0x12>
10007da8:	78a3      	ldrb	r3, [r4, #2]
10007daa:	707b      	strb	r3, [r7, #1]
10007dac:	7823      	ldrb	r3, [r4, #0]
10007dae:	18ed      	adds	r5, r5, r3
10007db0:	18e4      	adds	r4, r4, r3
10007db2:	7863      	ldrb	r3, [r4, #1]
10007db4:	b2ad      	uxth	r5, r5
10007db6:	e7e8      	b.n	10007d8a <cdcd_open+0x4e>
10007db8:	4b09      	ldr	r3, [pc, #36]	; (10007de0 <cdcd_open+0xa4>)
10007dba:	7827      	ldrb	r7, [r4, #0]
10007dbc:	9301      	str	r3, [sp, #4]
10007dbe:	3301      	adds	r3, #1
10007dc0:	9300      	str	r3, [sp, #0]
10007dc2:	2202      	movs	r2, #2
10007dc4:	2302      	movs	r3, #2
10007dc6:	0030      	movs	r0, r6
10007dc8:	19e1      	adds	r1, r4, r7
10007dca:	f7ff fc79 	bl	100076c0 <usbd_open_edpt_pair>
10007dce:	2800      	cmp	r0, #0
10007dd0:	d0bd      	beq.n	10007d4e <cdcd_open+0x12>
10007dd2:	350e      	adds	r5, #14
10007dd4:	19ed      	adds	r5, r5, r7
10007dd6:	b2ad      	uxth	r5, r5
10007dd8:	e7dc      	b.n	10007d94 <cdcd_open+0x58>
10007dda:	46c0      	nop			; (mov r8, r8)
10007ddc:	20001a8c 	.word	0x20001a8c
10007de0:	20001a8e 	.word	0x20001a8e

10007de4 <cdcd_control_xfer_cb>:
10007de4:	b5f8      	push	{r3, r4, r5, r6, r7, lr}
10007de6:	2360      	movs	r3, #96	; 0x60
10007de8:	0014      	movs	r4, r2
10007dea:	7812      	ldrb	r2, [r2, #0]
10007dec:	0005      	movs	r5, r0
10007dee:	4013      	ands	r3, r2
10007df0:	2000      	movs	r0, #0
10007df2:	2b20      	cmp	r3, #32
10007df4:	d107      	bne.n	10007e06 <cdcd_control_xfer_cb+0x22>
10007df6:	4a30      	ldr	r2, [pc, #192]	; (10007eb8 <cdcd_control_xfer_cb+0xd4>)
10007df8:	7963      	ldrb	r3, [r4, #5]
10007dfa:	7927      	ldrb	r7, [r4, #4]
10007dfc:	7816      	ldrb	r6, [r2, #0]
10007dfe:	021b      	lsls	r3, r3, #8
10007e00:	433b      	orrs	r3, r7
10007e02:	429e      	cmp	r6, r3
10007e04:	d000      	beq.n	10007e08 <cdcd_control_xfer_cb+0x24>
10007e06:	bdf8      	pop	{r3, r4, r5, r6, r7, pc}
10007e08:	7863      	ldrb	r3, [r4, #1]
10007e0a:	2b22      	cmp	r3, #34	; 0x22
10007e0c:	d028      	beq.n	10007e60 <cdcd_control_xfer_cb+0x7c>
10007e0e:	d807      	bhi.n	10007e20 <cdcd_control_xfer_cb+0x3c>
10007e10:	2b20      	cmp	r3, #32
10007e12:	d017      	beq.n	10007e44 <cdcd_control_xfer_cb+0x60>
10007e14:	2b21      	cmp	r3, #33	; 0x21
10007e16:	d1f6      	bne.n	10007e06 <cdcd_control_xfer_cb+0x22>
10007e18:	2901      	cmp	r1, #1
10007e1a:	d03e      	beq.n	10007e9a <cdcd_control_xfer_cb+0xb6>
10007e1c:	2001      	movs	r0, #1
10007e1e:	e7f2      	b.n	10007e06 <cdcd_control_xfer_cb+0x22>
10007e20:	2b23      	cmp	r3, #35	; 0x23
10007e22:	d1f0      	bne.n	10007e06 <cdcd_control_xfer_cb+0x22>
10007e24:	2901      	cmp	r1, #1
10007e26:	d040      	beq.n	10007eaa <cdcd_control_xfer_cb+0xc6>
10007e28:	2903      	cmp	r1, #3
10007e2a:	d1f7      	bne.n	10007e1c <cdcd_control_xfer_cb+0x38>
10007e2c:	4b23      	ldr	r3, [pc, #140]	; (10007ebc <cdcd_control_xfer_cb+0xd8>)
10007e2e:	2b00      	cmp	r3, #0
10007e30:	d0f4      	beq.n	10007e1c <cdcd_control_xfer_cb+0x38>
10007e32:	78e1      	ldrb	r1, [r4, #3]
10007e34:	78a3      	ldrb	r3, [r4, #2]
10007e36:	0209      	lsls	r1, r1, #8
10007e38:	2000      	movs	r0, #0
10007e3a:	4319      	orrs	r1, r3
10007e3c:	e000      	b.n	10007e40 <cdcd_control_xfer_cb+0x5c>
10007e3e:	bf00      	nop
10007e40:	2001      	movs	r0, #1
10007e42:	e7e0      	b.n	10007e06 <cdcd_control_xfer_cb+0x22>
10007e44:	2901      	cmp	r1, #1
10007e46:	d028      	beq.n	10007e9a <cdcd_control_xfer_cb+0xb6>
10007e48:	2903      	cmp	r1, #3
10007e4a:	d1e7      	bne.n	10007e1c <cdcd_control_xfer_cb+0x38>
10007e4c:	4b1c      	ldr	r3, [pc, #112]	; (10007ec0 <cdcd_control_xfer_cb+0xdc>)
10007e4e:	2b00      	cmp	r3, #0
10007e50:	d0e4      	beq.n	10007e1c <cdcd_control_xfer_cb+0x38>
10007e52:	3208      	adds	r2, #8
10007e54:	2000      	movs	r0, #0
10007e56:	0011      	movs	r1, r2
10007e58:	f7fe fa9a 	bl	10006390 <tud_cdc_line_coding_cb>
10007e5c:	2001      	movs	r0, #1
10007e5e:	e7d2      	b.n	10007e06 <cdcd_control_xfer_cb+0x22>
10007e60:	2901      	cmp	r1, #1
10007e62:	d022      	beq.n	10007eaa <cdcd_control_xfer_cb+0xc6>
10007e64:	2903      	cmp	r1, #3
10007e66:	d1d9      	bne.n	10007e1c <cdcd_control_xfer_cb+0x38>
10007e68:	2501      	movs	r5, #1
10007e6a:	78a1      	ldrb	r1, [r4, #2]
10007e6c:	78e4      	ldrb	r4, [r4, #3]
10007e6e:	002e      	movs	r6, r5
10007e70:	0224      	lsls	r4, r4, #8
10007e72:	430c      	orrs	r4, r1
10007e74:	2101      	movs	r1, #1
10007e76:	7114      	strb	r4, [r2, #4]
10007e78:	4026      	ands	r6, r4
10007e7a:	3224      	adds	r2, #36	; 0x24
10007e7c:	0010      	movs	r0, r2
10007e7e:	4071      	eors	r1, r6
10007e80:	f000 fde0 	bl	10008a44 <tu_fifo_set_overwritable>
10007e84:	4b0f      	ldr	r3, [pc, #60]	; (10007ec4 <cdcd_control_xfer_cb+0xe0>)
10007e86:	2b00      	cmp	r3, #0
10007e88:	d0c8      	beq.n	10007e1c <cdcd_control_xfer_cb+0x38>
10007e8a:	0862      	lsrs	r2, r4, #1
10007e8c:	2000      	movs	r0, #0
10007e8e:	0031      	movs	r1, r6
10007e90:	402a      	ands	r2, r5
10007e92:	e000      	b.n	10007e96 <cdcd_control_xfer_cb+0xb2>
10007e94:	bf00      	nop
10007e96:	2001      	movs	r0, #1
10007e98:	e7b5      	b.n	10007e06 <cdcd_control_xfer_cb+0x22>
10007e9a:	2307      	movs	r3, #7
10007e9c:	0021      	movs	r1, r4
10007e9e:	0028      	movs	r0, r5
10007ea0:	4a09      	ldr	r2, [pc, #36]	; (10007ec8 <cdcd_control_xfer_cb+0xe4>)
10007ea2:	f7ff fcdb 	bl	1000785c <tud_control_xfer>
10007ea6:	2001      	movs	r0, #1
10007ea8:	e7ad      	b.n	10007e06 <cdcd_control_xfer_cb+0x22>
10007eaa:	0021      	movs	r1, r4
10007eac:	0028      	movs	r0, r5
10007eae:	f7ff fcbd 	bl	1000782c <tud_control_status>
10007eb2:	2001      	movs	r0, #1
10007eb4:	e7a7      	b.n	10007e06 <cdcd_control_xfer_cb+0x22>
10007eb6:	46c0      	nop			; (mov r8, r8)
10007eb8:	20001a8c 	.word	0x20001a8c
10007ebc:	00000000 	.word	0x00000000
10007ec0:	10006391 	.word	0x10006391
10007ec4:	00000000 	.word	0x00000000
10007ec8:	20001a94 	.word	0x20001a94

10007ecc <cdcd_xfer_cb>:
10007ecc:	b5f0      	push	{r4, r5, r6, r7, lr}
10007ece:	464f      	mov	r7, r9
10007ed0:	4646      	mov	r6, r8
10007ed2:	46d6      	mov	lr, sl
10007ed4:	b5c0      	push	{r6, r7, lr}
10007ed6:	4d35      	ldr	r5, [pc, #212]	; (10007fac <cdcd_xfer_cb+0xe0>)
10007ed8:	4680      	mov	r8, r0
10007eda:	78ea      	ldrb	r2, [r5, #3]
10007edc:	000c      	movs	r4, r1
10007ede:	001f      	movs	r7, r3
10007ee0:	428a      	cmp	r2, r1
10007ee2:	d15b      	bne.n	10007f9c <cdcd_xfer_cb+0xd0>
10007ee4:	b29a      	uxth	r2, r3
10007ee6:	2310      	movs	r3, #16
10007ee8:	469a      	mov	sl, r3
10007eea:	4e31      	ldr	r6, [pc, #196]	; (10007fb0 <cdcd_xfer_cb+0xe4>)
10007eec:	44aa      	add	sl, r5
10007eee:	0031      	movs	r1, r6
10007ef0:	4650      	mov	r0, sl
10007ef2:	f000 fcd3 	bl	1000889c <tu_fifo_write_n>
10007ef6:	4b2f      	ldr	r3, [pc, #188]	; (10007fb4 <cdcd_xfer_cb+0xe8>)
10007ef8:	2b00      	cmp	r3, #0
10007efa:	d017      	beq.n	10007f2c <cdcd_xfer_cb+0x60>
10007efc:	796b      	ldrb	r3, [r5, #5]
10007efe:	2bff      	cmp	r3, #255	; 0xff
10007f00:	d014      	beq.n	10007f2c <cdcd_xfer_cb+0x60>
10007f02:	2f00      	cmp	r7, #0
10007f04:	d012      	beq.n	10007f2c <cdcd_xfer_cb+0x60>
10007f06:	19f2      	adds	r2, r6, r7
10007f08:	4691      	mov	r9, r2
10007f0a:	e003      	b.n	10007f14 <cdcd_xfer_cb+0x48>
10007f0c:	3601      	adds	r6, #1
10007f0e:	454e      	cmp	r6, r9
10007f10:	d00c      	beq.n	10007f2c <cdcd_xfer_cb+0x60>
10007f12:	796b      	ldrb	r3, [r5, #5]
10007f14:	7832      	ldrb	r2, [r6, #0]
10007f16:	429a      	cmp	r2, r3
10007f18:	d1f8      	bne.n	10007f0c <cdcd_xfer_cb+0x40>
10007f1a:	4650      	mov	r0, sl
10007f1c:	f000 fb96 	bl	1000864c <tu_fifo_empty>
10007f20:	2800      	cmp	r0, #0
10007f22:	d1f3      	bne.n	10007f0c <cdcd_xfer_cb+0x40>
10007f24:	7969      	ldrb	r1, [r5, #5]
10007f26:	e000      	b.n	10007f2a <cdcd_xfer_cb+0x5e>
10007f28:	bf00      	nop
10007f2a:	e7ef      	b.n	10007f0c <cdcd_xfer_cb+0x40>
10007f2c:	4b22      	ldr	r3, [pc, #136]	; (10007fb8 <cdcd_xfer_cb+0xec>)
10007f2e:	2b00      	cmp	r3, #0
10007f30:	d004      	beq.n	10007f3c <cdcd_xfer_cb+0x70>
10007f32:	4822      	ldr	r0, [pc, #136]	; (10007fbc <cdcd_xfer_cb+0xf0>)
10007f34:	f000 fb8a 	bl	1000864c <tu_fifo_empty>
10007f38:	2800      	cmp	r0, #0
10007f3a:	d034      	beq.n	10007fa6 <cdcd_xfer_cb+0xda>
10007f3c:	2000      	movs	r0, #0
10007f3e:	f7ff fd81 	bl	10007a44 <_prep_out_transaction.isra.0>
10007f42:	78ab      	ldrb	r3, [r5, #2]
10007f44:	42a3      	cmp	r3, r4
10007f46:	d006      	beq.n	10007f56 <cdcd_xfer_cb+0x8a>
10007f48:	2401      	movs	r4, #1
10007f4a:	0020      	movs	r0, r4
10007f4c:	bce0      	pop	{r5, r6, r7}
10007f4e:	46ba      	mov	sl, r7
10007f50:	46b1      	mov	r9, r6
10007f52:	46a8      	mov	r8, r5
10007f54:	bdf0      	pop	{r4, r5, r6, r7, pc}
10007f56:	4b1a      	ldr	r3, [pc, #104]	; (10007fc0 <cdcd_xfer_cb+0xf4>)
10007f58:	2b00      	cmp	r3, #0
10007f5a:	d002      	beq.n	10007f62 <cdcd_xfer_cb+0x96>
10007f5c:	2000      	movs	r0, #0
10007f5e:	e000      	b.n	10007f62 <cdcd_xfer_cb+0x96>
10007f60:	bf00      	nop
10007f62:	2000      	movs	r0, #0
10007f64:	f7ff fe10 	bl	10007b88 <tud_cdc_n_write_flush>
10007f68:	2800      	cmp	r0, #0
10007f6a:	d1ed      	bne.n	10007f48 <cdcd_xfer_cb+0x7c>
10007f6c:	4d15      	ldr	r5, [pc, #84]	; (10007fc4 <cdcd_xfer_cb+0xf8>)
10007f6e:	0028      	movs	r0, r5
10007f70:	f000 fb56 	bl	10008620 <tu_fifo_count>
10007f74:	2800      	cmp	r0, #0
10007f76:	d1e7      	bne.n	10007f48 <cdcd_xfer_cb+0x7c>
10007f78:	2f00      	cmp	r7, #0
10007f7a:	d0e5      	beq.n	10007f48 <cdcd_xfer_cb+0x7c>
10007f7c:	06bb      	lsls	r3, r7, #26
10007f7e:	d1e3      	bne.n	10007f48 <cdcd_xfer_cb+0x7c>
10007f80:	3d24      	subs	r5, #36	; 0x24
10007f82:	4640      	mov	r0, r8
10007f84:	78a9      	ldrb	r1, [r5, #2]
10007f86:	f7ff fc03 	bl	10007790 <usbd_edpt_claim>
10007f8a:	1e04      	subs	r4, r0, #0
10007f8c:	d0dc      	beq.n	10007f48 <cdcd_xfer_cb+0x7c>
10007f8e:	2300      	movs	r3, #0
10007f90:	2200      	movs	r2, #0
10007f92:	4640      	mov	r0, r8
10007f94:	78a9      	ldrb	r1, [r5, #2]
10007f96:	f7ff fc23 	bl	100077e0 <usbd_edpt_xfer>
10007f9a:	e7d6      	b.n	10007f4a <cdcd_xfer_cb+0x7e>
10007f9c:	78ab      	ldrb	r3, [r5, #2]
10007f9e:	428b      	cmp	r3, r1
10007fa0:	d0d9      	beq.n	10007f56 <cdcd_xfer_cb+0x8a>
10007fa2:	2400      	movs	r4, #0
10007fa4:	e7d1      	b.n	10007f4a <cdcd_xfer_cb+0x7e>
10007fa6:	e000      	b.n	10007faa <cdcd_xfer_cb+0xde>
10007fa8:	bf00      	nop
10007faa:	e7c7      	b.n	10007f3c <cdcd_xfer_cb+0x70>
10007fac:	20001a8c 	.word	0x20001a8c
10007fb0:	20001a08 	.word	0x20001a08
	...
10007fbc:	20001a9c 	.word	0x20001a9c
10007fc0:	00000000 	.word	0x00000000
10007fc4:	20001ab0 	.word	0x20001ab0

10007fc8 <vendord_init>:
10007fc8:	2293      	movs	r2, #147	; 0x93
10007fca:	b5f0      	push	{r4, r5, r6, r7, lr}
10007fcc:	4c13      	ldr	r4, [pc, #76]	; (1000801c <vendord_init+0x54>)
10007fce:	b085      	sub	sp, #20
10007fd0:	2100      	movs	r1, #0
10007fd2:	0020      	movs	r0, r4
10007fd4:	0092      	lsls	r2, r2, #2
10007fd6:	f7fc fc01 	bl	100047dc <__wrap_memset>
10007fda:	0023      	movs	r3, r4
10007fdc:	0020      	movs	r0, r4
10007fde:	2680      	movs	r6, #128	; 0x80
10007fe0:	2740      	movs	r7, #64	; 0x40
10007fe2:	4d0f      	ldr	r5, [pc, #60]	; (10008020 <vendord_init+0x58>)
10007fe4:	334d      	adds	r3, #77	; 0x4d
10007fe6:	0076      	lsls	r6, r6, #1
10007fe8:	33ff      	adds	r3, #255	; 0xff
10007fea:	3029      	adds	r0, #41	; 0x29
10007fec:	9502      	str	r5, [sp, #8]
10007fee:	9300      	str	r3, [sp, #0]
10007ff0:	2200      	movs	r2, #0
10007ff2:	2300      	movs	r3, #0
10007ff4:	2100      	movs	r1, #0
10007ff6:	9703      	str	r7, [sp, #12]
10007ff8:	9601      	str	r6, [sp, #4]
10007ffa:	30ff      	adds	r0, #255	; 0xff
10007ffc:	f000 f9d4 	bl	100083a8 <tu_edpt_stream_init>
10008000:	3540      	adds	r5, #64	; 0x40
10008002:	1d20      	adds	r0, r4, #4
10008004:	3428      	adds	r4, #40	; 0x28
10008006:	2300      	movs	r3, #0
10008008:	2201      	movs	r2, #1
1000800a:	2100      	movs	r1, #0
1000800c:	9703      	str	r7, [sp, #12]
1000800e:	9502      	str	r5, [sp, #8]
10008010:	9601      	str	r6, [sp, #4]
10008012:	9400      	str	r4, [sp, #0]
10008014:	f000 f9c8 	bl	100083a8 <tu_edpt_stream_init>
10008018:	b005      	add	sp, #20
1000801a:	bdf0      	pop	{r4, r5, r6, r7, pc}
1000801c:	20001d50 	.word	0x20001d50
10008020:	20001cd0 	.word	0x20001cd0

10008024 <vendord_deinit>:
10008024:	b510      	push	{r4, lr}
10008026:	4c05      	ldr	r4, [pc, #20]	; (1000803c <vendord_deinit+0x18>)
10008028:	0020      	movs	r0, r4
1000802a:	f000 f9f3 	bl	10008414 <tu_edpt_stream_deinit>
1000802e:	0020      	movs	r0, r4
10008030:	3825      	subs	r0, #37	; 0x25
10008032:	38ff      	subs	r0, #255	; 0xff
10008034:	f000 f9ee 	bl	10008414 <tu_edpt_stream_deinit>
10008038:	2001      	movs	r0, #1
1000803a:	bd10      	pop	{r4, pc}
1000803c:	20001e78 	.word	0x20001e78

10008040 <vendord_reset>:
10008040:	b570      	push	{r4, r5, r6, lr}
10008042:	4c08      	ldr	r4, [pc, #32]	; (10008064 <vendord_reset+0x24>)
10008044:	2500      	movs	r5, #0
10008046:	0020      	movs	r0, r4
10008048:	3031      	adds	r0, #49	; 0x31
1000804a:	7025      	strb	r5, [r4, #0]
1000804c:	30ff      	adds	r0, #255	; 0xff
1000804e:	f000 fcd9 	bl	10008a04 <tu_fifo_clear>
10008052:	0020      	movs	r0, r4
10008054:	300c      	adds	r0, #12
10008056:	f000 fcd5 	bl	10008a04 <tu_fifo_clear>
1000805a:	232a      	movs	r3, #42	; 0x2a
1000805c:	33ff      	adds	r3, #255	; 0xff
1000805e:	54e5      	strb	r5, [r4, r3]
10008060:	7165      	strb	r5, [r4, #5]
10008062:	bd70      	pop	{r4, r5, r6, pc}
10008064:	20001d50 	.word	0x20001d50

10008068 <vendord_open>:
10008068:	b5f8      	push	{r3, r4, r5, r6, r7, lr}
1000806a:	464e      	mov	r6, r9
1000806c:	4645      	mov	r5, r8
1000806e:	46de      	mov	lr, fp
10008070:	4657      	mov	r7, sl
10008072:	b5e0      	push	{r5, r6, r7, lr}
10008074:	794b      	ldrb	r3, [r1, #5]
10008076:	4681      	mov	r9, r0
10008078:	4688      	mov	r8, r1
1000807a:	2bff      	cmp	r3, #255	; 0xff
1000807c:	d125      	bne.n	100080ca <vendord_open+0x62>
1000807e:	232a      	movs	r3, #42	; 0x2a
10008080:	4f41      	ldr	r7, [pc, #260]	; (10008188 <vendord_open+0x120>)
10008082:	33ff      	adds	r3, #255	; 0xff
10008084:	780c      	ldrb	r4, [r1, #0]
10008086:	5cfe      	ldrb	r6, [r7, r3]
10008088:	797b      	ldrb	r3, [r7, #5]
1000808a:	4444      	add	r4, r8
1000808c:	18a5      	adds	r5, r4, r2
1000808e:	431e      	orrs	r6, r3
10008090:	d11b      	bne.n	100080ca <vendord_open+0x62>
10008092:	2298      	movs	r2, #152	; 0x98
10008094:	0052      	lsls	r2, r2, #1
10008096:	4692      	mov	sl, r2
10008098:	3a25      	subs	r2, #37	; 0x25
1000809a:	3aff      	subs	r2, #255	; 0xff
1000809c:	4693      	mov	fp, r2
1000809e:	788b      	ldrb	r3, [r1, #2]
100080a0:	44ba      	add	sl, r7
100080a2:	703b      	strb	r3, [r7, #0]
100080a4:	790b      	ldrb	r3, [r1, #4]
100080a6:	44bb      	add	fp, r7
100080a8:	2b00      	cmp	r3, #0
100080aa:	d00a      	beq.n	100080c2 <vendord_open+0x5a>
100080ac:	7863      	ldrb	r3, [r4, #1]
100080ae:	2b05      	cmp	r3, #5
100080b0:	d105      	bne.n	100080be <vendord_open+0x56>
100080b2:	e011      	b.n	100080d8 <vendord_open+0x70>
100080b4:	7823      	ldrb	r3, [r4, #0]
100080b6:	18e4      	adds	r4, r4, r3
100080b8:	7863      	ldrb	r3, [r4, #1]
100080ba:	2b05      	cmp	r3, #5
100080bc:	d00c      	beq.n	100080d8 <vendord_open+0x70>
100080be:	42a5      	cmp	r5, r4
100080c0:	d8f8      	bhi.n	100080b4 <vendord_open+0x4c>
100080c2:	4643      	mov	r3, r8
100080c4:	1ae0      	subs	r0, r4, r3
100080c6:	b280      	uxth	r0, r0
100080c8:	e000      	b.n	100080cc <vendord_open+0x64>
100080ca:	2000      	movs	r0, #0
100080cc:	bcf0      	pop	{r4, r5, r6, r7}
100080ce:	46bb      	mov	fp, r7
100080d0:	46b2      	mov	sl, r6
100080d2:	46a9      	mov	r9, r5
100080d4:	46a0      	mov	r8, r4
100080d6:	bdf8      	pop	{r3, r4, r5, r6, r7, pc}
100080d8:	42a5      	cmp	r5, r4
100080da:	d9f2      	bls.n	100080c2 <vendord_open+0x5a>
100080dc:	0021      	movs	r1, r4
100080de:	4648      	mov	r0, r9
100080e0:	f7ff fb3c 	bl	1000775c <usbd_edpt_open>
100080e4:	2800      	cmp	r0, #0
100080e6:	d0f0      	beq.n	100080ca <vendord_open+0x62>
100080e8:	78a3      	ldrb	r3, [r4, #2]
100080ea:	3601      	adds	r6, #1
100080ec:	b2f6      	uxtb	r6, r6
100080ee:	09db      	lsrs	r3, r3, #7
100080f0:	2b01      	cmp	r3, #1
100080f2:	d02a      	beq.n	1000814a <vendord_open+0xe2>
100080f4:	4650      	mov	r0, sl
100080f6:	f000 fc85 	bl	10008a04 <tu_fifo_clear>
100080fa:	232a      	movs	r3, #42	; 0x2a
100080fc:	78a2      	ldrb	r2, [r4, #2]
100080fe:	33ff      	adds	r3, #255	; 0xff
10008100:	54fa      	strb	r2, [r7, r3]
10008102:	4a22      	ldr	r2, [pc, #136]	; (1000818c <vendord_open+0x124>)
10008104:	7963      	ldrb	r3, [r4, #5]
10008106:	4694      	mov	ip, r2
10008108:	7921      	ldrb	r1, [r4, #4]
1000810a:	021b      	lsls	r3, r3, #8
1000810c:	430b      	orrs	r3, r1
1000810e:	055b      	lsls	r3, r3, #21
10008110:	2194      	movs	r1, #148	; 0x94
10008112:	0d5b      	lsrs	r3, r3, #21
10008114:	4463      	add	r3, ip
10008116:	425a      	negs	r2, r3
10008118:	4153      	adcs	r3, r2
1000811a:	2002      	movs	r0, #2
1000811c:	0049      	lsls	r1, r1, #1
1000811e:	5c7a      	ldrb	r2, [r7, r1]
10008120:	005b      	lsls	r3, r3, #1
10008122:	4382      	bics	r2, r0
10008124:	4313      	orrs	r3, r2
10008126:	547b      	strb	r3, [r7, r1]
10008128:	4651      	mov	r1, sl
1000812a:	4648      	mov	r0, r9
1000812c:	3908      	subs	r1, #8
1000812e:	f000 f9d1 	bl	100084d4 <tu_edpt_stream_read_xfer>
10008132:	2800      	cmp	r0, #0
10008134:	d0c9      	beq.n	100080ca <vendord_open+0x62>
10008136:	7823      	ldrb	r3, [r4, #0]
10008138:	18e4      	adds	r4, r4, r3
1000813a:	4643      	mov	r3, r8
1000813c:	791b      	ldrb	r3, [r3, #4]
1000813e:	42b3      	cmp	r3, r6
10008140:	d8b4      	bhi.n	100080ac <vendord_open+0x44>
10008142:	4643      	mov	r3, r8
10008144:	1ae0      	subs	r0, r4, r3
10008146:	b280      	uxth	r0, r0
10008148:	e7c0      	b.n	100080cc <vendord_open+0x64>
1000814a:	4658      	mov	r0, fp
1000814c:	f000 fc5a 	bl	10008a04 <tu_fifo_clear>
10008150:	465a      	mov	r2, fp
10008152:	490e      	ldr	r1, [pc, #56]	; (1000818c <vendord_open+0x124>)
10008154:	78a3      	ldrb	r3, [r4, #2]
10008156:	468c      	mov	ip, r1
10008158:	3a0c      	subs	r2, #12
1000815a:	7153      	strb	r3, [r2, #5]
1000815c:	7963      	ldrb	r3, [r4, #5]
1000815e:	7920      	ldrb	r0, [r4, #4]
10008160:	021b      	lsls	r3, r3, #8
10008162:	4303      	orrs	r3, r0
10008164:	055b      	lsls	r3, r3, #21
10008166:	0d5b      	lsrs	r3, r3, #21
10008168:	4463      	add	r3, ip
1000816a:	4259      	negs	r1, r3
1000816c:	414b      	adcs	r3, r1
1000816e:	2002      	movs	r0, #2
10008170:	7911      	ldrb	r1, [r2, #4]
10008172:	005b      	lsls	r3, r3, #1
10008174:	4381      	bics	r1, r0
10008176:	430b      	orrs	r3, r1
10008178:	4659      	mov	r1, fp
1000817a:	7113      	strb	r3, [r2, #4]
1000817c:	3908      	subs	r1, #8
1000817e:	2000      	movs	r0, #0
10008180:	f000 f976 	bl	10008470 <tu_edpt_stream_write_xfer>
10008184:	e7d7      	b.n	10008136 <vendord_open+0xce>
10008186:	46c0      	nop			; (mov r8, r8)
10008188:	20001d50 	.word	0x20001d50
1000818c:	fffffe00 	.word	0xfffffe00

10008190 <vendord_xfer_cb>:
10008190:	b5f8      	push	{r3, r4, r5, r6, r7, lr}
10008192:	252a      	movs	r5, #42	; 0x2a
10008194:	4c1f      	ldr	r4, [pc, #124]	; (10008214 <vendord_xfer_cb+0x84>)
10008196:	35ff      	adds	r5, #255	; 0xff
10008198:	5d65      	ldrb	r5, [r4, r5]
1000819a:	0006      	movs	r6, r0
1000819c:	001f      	movs	r7, r3
1000819e:	428d      	cmp	r5, r1
100081a0:	d11d      	bne.n	100081de <vendord_xfer_cb+0x4e>
100081a2:	239a      	movs	r3, #154	; 0x9a
100081a4:	005b      	lsls	r3, r3, #1
100081a6:	5ae3      	ldrh	r3, [r4, r3]
100081a8:	2b00      	cmp	r3, #0
100081aa:	d10e      	bne.n	100081ca <vendord_xfer_cb+0x3a>
100081ac:	4b1a      	ldr	r3, [pc, #104]	; (10008218 <vendord_xfer_cb+0x88>)
100081ae:	2b00      	cmp	r3, #0
100081b0:	d004      	beq.n	100081bc <vendord_xfer_cb+0x2c>
100081b2:	2000      	movs	r0, #0
100081b4:	4919      	ldr	r1, [pc, #100]	; (1000821c <vendord_xfer_cb+0x8c>)
100081b6:	b2ba      	uxth	r2, r7
100081b8:	e000      	b.n	100081bc <vendord_xfer_cb+0x2c>
100081ba:	bf00      	nop
100081bc:	0030      	movs	r0, r6
100081be:	4918      	ldr	r1, [pc, #96]	; (10008220 <vendord_xfer_cb+0x90>)
100081c0:	f000 f988 	bl	100084d4 <tu_edpt_stream_read_xfer>
100081c4:	2401      	movs	r4, #1
100081c6:	0020      	movs	r0, r4
100081c8:	bdf8      	pop	{r3, r4, r5, r6, r7, pc}
100081ca:	0020      	movs	r0, r4
100081cc:	2396      	movs	r3, #150	; 0x96
100081ce:	3031      	adds	r0, #49	; 0x31
100081d0:	005b      	lsls	r3, r3, #1
100081d2:	58e1      	ldr	r1, [r4, r3]
100081d4:	b2ba      	uxth	r2, r7
100081d6:	30ff      	adds	r0, #255	; 0xff
100081d8:	f000 fb60 	bl	1000889c <tu_fifo_write_n>
100081dc:	e7e6      	b.n	100081ac <vendord_xfer_cb+0x1c>
100081de:	7963      	ldrb	r3, [r4, #5]
100081e0:	428b      	cmp	r3, r1
100081e2:	d001      	beq.n	100081e8 <vendord_xfer_cb+0x58>
100081e4:	2400      	movs	r4, #0
100081e6:	e7ee      	b.n	100081c6 <vendord_xfer_cb+0x36>
100081e8:	4b0e      	ldr	r3, [pc, #56]	; (10008224 <vendord_xfer_cb+0x94>)
100081ea:	2b00      	cmp	r3, #0
100081ec:	d004      	beq.n	100081f8 <vendord_xfer_cb+0x68>
100081ee:	0439      	lsls	r1, r7, #16
100081f0:	2000      	movs	r0, #0
100081f2:	0c09      	lsrs	r1, r1, #16
100081f4:	e000      	b.n	100081f8 <vendord_xfer_cb+0x68>
100081f6:	bf00      	nop
100081f8:	4d0b      	ldr	r5, [pc, #44]	; (10008228 <vendord_xfer_cb+0x98>)
100081fa:	0030      	movs	r0, r6
100081fc:	0029      	movs	r1, r5
100081fe:	f000 f937 	bl	10008470 <tu_edpt_stream_write_xfer>
10008202:	2401      	movs	r4, #1
10008204:	2800      	cmp	r0, #0
10008206:	d1de      	bne.n	100081c6 <vendord_xfer_cb+0x36>
10008208:	003a      	movs	r2, r7
1000820a:	0029      	movs	r1, r5
1000820c:	0030      	movs	r0, r6
1000820e:	f000 f903 	bl	10008418 <tu_edpt_stream_write_zlp_if_needed>
10008212:	e7d8      	b.n	100081c6 <vendord_xfer_cb+0x36>
10008214:	20001d50 	.word	0x20001d50
10008218:	00000000 	.word	0x00000000
1000821c:	20001cd0 	.word	0x20001cd0
10008220:	20001e78 	.word	0x20001e78
10008224:	00000000 	.word	0x00000000
10008228:	20001d54 	.word	0x20001d54

1000822c <tusb_rhport_init>:
1000822c:	b500      	push	{lr}
1000822e:	0003      	movs	r3, r0
10008230:	b083      	sub	sp, #12
10008232:	2900      	cmp	r1, #0
10008234:	d010      	beq.n	10008258 <tusb_rhport_init+0x2c>
10008236:	2000      	movs	r0, #0
10008238:	2b01      	cmp	r3, #1
1000823a:	d807      	bhi.n	1000824c <tusb_rhport_init+0x20>
1000823c:	780a      	ldrb	r2, [r1, #0]
1000823e:	2a00      	cmp	r2, #0
10008240:	d004      	beq.n	1000824c <tusb_rhport_init+0x20>
10008242:	480b      	ldr	r0, [pc, #44]	; (10008270 <tusb_rhport_init+0x44>)
10008244:	54c2      	strb	r2, [r0, r3]
10008246:	2001      	movs	r0, #1
10008248:	2a01      	cmp	r2, #1
1000824a:	d001      	beq.n	10008250 <tusb_rhport_init+0x24>
1000824c:	b003      	add	sp, #12
1000824e:	bd00      	pop	{pc}
10008250:	0018      	movs	r0, r3
10008252:	f7fe fdbb 	bl	10006dcc <tud_rhport_init>
10008256:	e7f9      	b.n	1000824c <tusb_rhport_init+0x20>
10008258:	2301      	movs	r3, #1
1000825a:	a901      	add	r1, sp, #4
1000825c:	2000      	movs	r0, #0
1000825e:	800b      	strh	r3, [r1, #0]
10008260:	f7fe fdb4 	bl	10006dcc <tud_rhport_init>
10008264:	2800      	cmp	r0, #0
10008266:	d0f1      	beq.n	1000824c <tusb_rhport_init+0x20>
10008268:	2201      	movs	r2, #1
1000826a:	4b01      	ldr	r3, [pc, #4]	; (10008270 <tusb_rhport_init+0x44>)
1000826c:	701a      	strb	r2, [r3, #0]
1000826e:	e7ed      	b.n	1000824c <tusb_rhport_init+0x20>
10008270:	20001ba8 	.word	0x20001ba8

10008274 <tu_edpt_claim>:
10008274:	7803      	ldrb	r3, [r0, #0]
10008276:	b570      	push	{r4, r5, r6, lr}
10008278:	07db      	lsls	r3, r3, #31
1000827a:	0004      	movs	r4, r0
1000827c:	000e      	movs	r6, r1
1000827e:	0fdd      	lsrs	r5, r3, #31
10008280:	2b00      	cmp	r3, #0
10008282:	d117      	bne.n	100082b4 <tu_edpt_claim+0x40>
10008284:	7803      	ldrb	r3, [r0, #0]
10008286:	075b      	lsls	r3, r3, #29
10008288:	d501      	bpl.n	1000828e <tu_edpt_claim+0x1a>
1000828a:	0028      	movs	r0, r5
1000828c:	bd70      	pop	{r4, r5, r6, pc}
1000828e:	2101      	movs	r1, #1
10008290:	0030      	movs	r0, r6
10008292:	4249      	negs	r1, r1
10008294:	f001 f95c 	bl	10009550 <__mutex_enter_timeout_ms_veneer>
10008298:	7823      	ldrb	r3, [r4, #0]
1000829a:	07db      	lsls	r3, r3, #31
1000829c:	0fdd      	lsrs	r5, r3, #31
1000829e:	2b00      	cmp	r3, #0
100082a0:	d10a      	bne.n	100082b8 <tu_edpt_claim+0x44>
100082a2:	7823      	ldrb	r3, [r4, #0]
100082a4:	075b      	lsls	r3, r3, #29
100082a6:	d408      	bmi.n	100082ba <tu_edpt_claim+0x46>
100082a8:	2204      	movs	r2, #4
100082aa:	7823      	ldrb	r3, [r4, #0]
100082ac:	2501      	movs	r5, #1
100082ae:	4313      	orrs	r3, r2
100082b0:	7023      	strb	r3, [r4, #0]
100082b2:	e002      	b.n	100082ba <tu_edpt_claim+0x46>
100082b4:	2500      	movs	r5, #0
100082b6:	e7e8      	b.n	1000828a <tu_edpt_claim+0x16>
100082b8:	2500      	movs	r5, #0
100082ba:	0030      	movs	r0, r6
100082bc:	f001 f908 	bl	100094d0 <__mutex_exit_veneer>
100082c0:	e7e3      	b.n	1000828a <tu_edpt_claim+0x16>
100082c2:	46c0      	nop			; (mov r8, r8)

100082c4 <tu_edpt_release>:
100082c4:	b570      	push	{r4, r5, r6, lr}
100082c6:	000d      	movs	r5, r1
100082c8:	2101      	movs	r1, #1
100082ca:	0004      	movs	r4, r0
100082cc:	4249      	negs	r1, r1
100082ce:	0028      	movs	r0, r5
100082d0:	f001 f93e 	bl	10009550 <__mutex_enter_timeout_ms_veneer>
100082d4:	7823      	ldrb	r3, [r4, #0]
100082d6:	075b      	lsls	r3, r3, #29
100082d8:	0fde      	lsrs	r6, r3, #31
100082da:	2b00      	cmp	r3, #0
100082dc:	db04      	blt.n	100082e8 <tu_edpt_release+0x24>
100082de:	0028      	movs	r0, r5
100082e0:	f001 f8f6 	bl	100094d0 <__mutex_exit_veneer>
100082e4:	0030      	movs	r0, r6
100082e6:	bd70      	pop	{r4, r5, r6, pc}
100082e8:	7823      	ldrb	r3, [r4, #0]
100082ea:	07db      	lsls	r3, r3, #31
100082ec:	d404      	bmi.n	100082f8 <tu_edpt_release+0x34>
100082ee:	2204      	movs	r2, #4
100082f0:	7823      	ldrb	r3, [r4, #0]
100082f2:	4393      	bics	r3, r2
100082f4:	7023      	strb	r3, [r4, #0]
100082f6:	e7f2      	b.n	100082de <tu_edpt_release+0x1a>
100082f8:	2600      	movs	r6, #0
100082fa:	e7f0      	b.n	100082de <tu_edpt_release+0x1a>

100082fc <tu_edpt_validate>:
100082fc:	b510      	push	{r4, lr}
100082fe:	7943      	ldrb	r3, [r0, #5]
10008300:	7904      	ldrb	r4, [r0, #4]
10008302:	021b      	lsls	r3, r3, #8
10008304:	4323      	orrs	r3, r4
10008306:	055b      	lsls	r3, r3, #21
10008308:	0d5a      	lsrs	r2, r3, #21
1000830a:	78c3      	ldrb	r3, [r0, #3]
1000830c:	079b      	lsls	r3, r3, #30
1000830e:	0f9b      	lsrs	r3, r3, #30
10008310:	2b02      	cmp	r3, #2
10008312:	d005      	beq.n	10008320 <tu_edpt_validate+0x24>
10008314:	2b03      	cmp	r3, #3
10008316:	d015      	beq.n	10008344 <tu_edpt_validate+0x48>
10008318:	2000      	movs	r0, #0
1000831a:	2b01      	cmp	r3, #1
1000831c:	d008      	beq.n	10008330 <tu_edpt_validate+0x34>
1000831e:	bd10      	pop	{r4, pc}
10008320:	2902      	cmp	r1, #2
10008322:	d01c      	beq.n	1000835e <tu_edpt_validate+0x62>
10008324:	2000      	movs	r0, #0
10008326:	2340      	movs	r3, #64	; 0x40
10008328:	4293      	cmp	r3, r2
1000832a:	4140      	adcs	r0, r0
1000832c:	b2c0      	uxtb	r0, r0
1000832e:	e7f6      	b.n	1000831e <tu_edpt_validate+0x22>
10008330:	3902      	subs	r1, #2
10008332:	424b      	negs	r3, r1
10008334:	4159      	adcs	r1, r3
10008336:	4b0d      	ldr	r3, [pc, #52]	; (1000836c <tu_edpt_validate+0x70>)
10008338:	469c      	mov	ip, r3
1000833a:	4461      	add	r1, ip
1000833c:	4291      	cmp	r1, r2
1000833e:	4140      	adcs	r0, r0
10008340:	b2c0      	uxtb	r0, r0
10008342:	e7ec      	b.n	1000831e <tu_edpt_validate+0x22>
10008344:	3902      	subs	r1, #2
10008346:	424b      	negs	r3, r1
10008348:	4159      	adcs	r1, r3
1000834a:	23f0      	movs	r3, #240	; 0xf0
1000834c:	2000      	movs	r0, #0
1000834e:	4249      	negs	r1, r1
10008350:	009b      	lsls	r3, r3, #2
10008352:	4019      	ands	r1, r3
10008354:	3140      	adds	r1, #64	; 0x40
10008356:	4291      	cmp	r1, r2
10008358:	4140      	adcs	r0, r0
1000835a:	b2c0      	uxtb	r0, r0
1000835c:	e7df      	b.n	1000831e <tu_edpt_validate+0x22>
1000835e:	4b04      	ldr	r3, [pc, #16]	; (10008370 <tu_edpt_validate+0x74>)
10008360:	18d3      	adds	r3, r2, r3
10008362:	425a      	negs	r2, r3
10008364:	4153      	adcs	r3, r2
10008366:	b2d8      	uxtb	r0, r3
10008368:	e7d9      	b.n	1000831e <tu_edpt_validate+0x22>
1000836a:	46c0      	nop			; (mov r8, r8)
1000836c:	000003ff 	.word	0x000003ff
10008370:	fffffe00 	.word	0xfffffe00

10008374 <tu_edpt_bind_driver>:
10008374:	188a      	adds	r2, r1, r2
10008376:	b570      	push	{r4, r5, r6, lr}
10008378:	4291      	cmp	r1, r2
1000837a:	d207      	bcs.n	1000838c <tu_edpt_bind_driver+0x18>
1000837c:	267f      	movs	r6, #127	; 0x7f
1000837e:	784c      	ldrb	r4, [r1, #1]
10008380:	2c05      	cmp	r4, #5
10008382:	d004      	beq.n	1000838e <tu_edpt_bind_driver+0x1a>
10008384:	780c      	ldrb	r4, [r1, #0]
10008386:	1909      	adds	r1, r1, r4
10008388:	428a      	cmp	r2, r1
1000838a:	d8f8      	bhi.n	1000837e <tu_edpt_bind_driver+0xa>
1000838c:	bd70      	pop	{r4, r5, r6, pc}
1000838e:	0034      	movs	r4, r6
10008390:	788d      	ldrb	r5, [r1, #2]
10008392:	402c      	ands	r4, r5
10008394:	0064      	lsls	r4, r4, #1
10008396:	1904      	adds	r4, r0, r4
10008398:	09ed      	lsrs	r5, r5, #7
1000839a:	5563      	strb	r3, [r4, r5]
1000839c:	780c      	ldrb	r4, [r1, #0]
1000839e:	1909      	adds	r1, r1, r4
100083a0:	428a      	cmp	r2, r1
100083a2:	d8ec      	bhi.n	1000837e <tu_edpt_bind_driver+0xa>
100083a4:	e7f2      	b.n	1000838c <tu_edpt_bind_driver+0x18>
100083a6:	46c0      	nop			; (mov r8, r8)

100083a8 <tu_edpt_stream_init>:
100083a8:	b5f0      	push	{r4, r5, r6, r7, lr}
100083aa:	46c6      	mov	lr, r8
100083ac:	b500      	push	{lr}
100083ae:	b082      	sub	sp, #8
100083b0:	0015      	movs	r5, r2
100083b2:	aa08      	add	r2, sp, #32
100083b4:	ca40      	ldmia	r2!, {r6}
100083b6:	0004      	movs	r4, r0
100083b8:	8817      	ldrh	r7, [r2, #0]
100083ba:	aa0b      	add	r2, sp, #44	; 0x2c
100083bc:	8812      	ldrh	r2, [r2, #0]
100083be:	2001      	movs	r0, #1
100083c0:	4690      	mov	r8, r2
100083c2:	000a      	movs	r2, r1
100083c4:	7821      	ldrb	r1, [r4, #0]
100083c6:	4002      	ands	r2, r0
100083c8:	4381      	bics	r1, r0
100083ca:	0020      	movs	r0, r4
100083cc:	4311      	orrs	r1, r2
100083ce:	7021      	strb	r1, [r4, #0]
100083d0:	9300      	str	r3, [sp, #0]
100083d2:	003a      	movs	r2, r7
100083d4:	2301      	movs	r3, #1
100083d6:	0031      	movs	r1, r6
100083d8:	3008      	adds	r0, #8
100083da:	f000 f8e9 	bl	100085b0 <tu_fifo_config>
100083de:	2e00      	cmp	r6, #0
100083e0:	d001      	beq.n	100083e6 <tu_edpt_stream_init+0x3e>
100083e2:	2f00      	cmp	r7, #0
100083e4:	d108      	bne.n	100083f8 <tu_edpt_stream_init+0x50>
100083e6:	9b0a      	ldr	r3, [sp, #40]	; 0x28
100083e8:	2001      	movs	r0, #1
100083ea:	6063      	str	r3, [r4, #4]
100083ec:	4643      	mov	r3, r8
100083ee:	8063      	strh	r3, [r4, #2]
100083f0:	b002      	add	sp, #8
100083f2:	bc80      	pop	{r7}
100083f4:	46b8      	mov	r8, r7
100083f6:	bdf0      	pop	{r4, r5, r6, r7, pc}
100083f8:	0026      	movs	r6, r4
100083fa:	361c      	adds	r6, #28
100083fc:	0030      	movs	r0, r6
100083fe:	f7fa f8e7 	bl	100025d0 <mutex_init>
10008402:	2300      	movs	r3, #0
10008404:	2d00      	cmp	r5, #0
10008406:	d001      	beq.n	1000840c <tu_edpt_stream_init+0x64>
10008408:	0033      	movs	r3, r6
1000840a:	2600      	movs	r6, #0
1000840c:	6163      	str	r3, [r4, #20]
1000840e:	61a6      	str	r6, [r4, #24]
10008410:	e7e9      	b.n	100083e6 <tu_edpt_stream_init+0x3e>
10008412:	46c0      	nop			; (mov r8, r8)

10008414 <tu_edpt_stream_deinit>:
10008414:	2001      	movs	r0, #1
10008416:	4770      	bx	lr

10008418 <tu_edpt_stream_write_zlp_if_needed>:
10008418:	b5f8      	push	{r3, r4, r5, r6, r7, lr}
1000841a:	23e0      	movs	r3, #224	; 0xe0
1000841c:	0007      	movs	r7, r0
1000841e:	0008      	movs	r0, r1
10008420:	780c      	ldrb	r4, [r1, #0]
10008422:	005b      	lsls	r3, r3, #1
10008424:	07a4      	lsls	r4, r4, #30
10008426:	17e4      	asrs	r4, r4, #31
10008428:	401c      	ands	r4, r3
1000842a:	3008      	adds	r0, #8
1000842c:	000d      	movs	r5, r1
1000842e:	0016      	movs	r6, r2
10008430:	343f      	adds	r4, #63	; 0x3f
10008432:	f000 f8f5 	bl	10008620 <tu_fifo_count>
10008436:	2800      	cmp	r0, #0
10008438:	d107      	bne.n	1000844a <tu_edpt_stream_write_zlp_if_needed+0x32>
1000843a:	2e00      	cmp	r6, #0
1000843c:	d005      	beq.n	1000844a <tu_edpt_stream_write_zlp_if_needed+0x32>
1000843e:	4234      	tst	r4, r6
10008440:	d103      	bne.n	1000844a <tu_edpt_stream_write_zlp_if_needed+0x32>
10008442:	2401      	movs	r4, #1
10008444:	782b      	ldrb	r3, [r5, #0]
10008446:	421c      	tst	r4, r3
10008448:	d001      	beq.n	1000844e <tu_edpt_stream_write_zlp_if_needed+0x36>
1000844a:	2000      	movs	r0, #0
1000844c:	bdf8      	pop	{r3, r4, r5, r6, r7, pc}
1000844e:	0038      	movs	r0, r7
10008450:	7869      	ldrb	r1, [r5, #1]
10008452:	f7ff f99d 	bl	10007790 <usbd_edpt_claim>
10008456:	2800      	cmp	r0, #0
10008458:	d0f7      	beq.n	1000844a <tu_edpt_stream_write_zlp_if_needed+0x32>
1000845a:	782b      	ldrb	r3, [r5, #0]
1000845c:	421c      	tst	r4, r3
1000845e:	d1f4      	bne.n	1000844a <tu_edpt_stream_write_zlp_if_needed+0x32>
10008460:	2300      	movs	r3, #0
10008462:	2200      	movs	r2, #0
10008464:	0038      	movs	r0, r7
10008466:	7869      	ldrb	r1, [r5, #1]
10008468:	f7ff f9ba 	bl	100077e0 <usbd_edpt_xfer>
1000846c:	e7ee      	b.n	1000844c <tu_edpt_stream_write_zlp_if_needed+0x34>
1000846e:	46c0      	nop			; (mov r8, r8)

10008470 <tu_edpt_stream_write_xfer>:
10008470:	b5f8      	push	{r3, r4, r5, r6, r7, lr}
10008472:	000d      	movs	r5, r1
10008474:	3508      	adds	r5, #8
10008476:	0006      	movs	r6, r0
10008478:	0028      	movs	r0, r5
1000847a:	000c      	movs	r4, r1
1000847c:	f000 f8d0 	bl	10008620 <tu_fifo_count>
10008480:	2800      	cmp	r0, #0
10008482:	d003      	beq.n	1000848c <tu_edpt_stream_write_xfer+0x1c>
10008484:	2701      	movs	r7, #1
10008486:	7823      	ldrb	r3, [r4, #0]
10008488:	421f      	tst	r7, r3
1000848a:	d001      	beq.n	10008490 <tu_edpt_stream_write_xfer+0x20>
1000848c:	2000      	movs	r0, #0
1000848e:	bdf8      	pop	{r3, r4, r5, r6, r7, pc}
10008490:	0030      	movs	r0, r6
10008492:	7861      	ldrb	r1, [r4, #1]
10008494:	f7ff f97c 	bl	10007790 <usbd_edpt_claim>
10008498:	2800      	cmp	r0, #0
1000849a:	d0f7      	beq.n	1000848c <tu_edpt_stream_write_xfer+0x1c>
1000849c:	0028      	movs	r0, r5
1000849e:	8862      	ldrh	r2, [r4, #2]
100084a0:	6861      	ldr	r1, [r4, #4]
100084a2:	f000 f941 	bl	10008728 <tu_fifo_read_n>
100084a6:	7823      	ldrb	r3, [r4, #0]
100084a8:	1e05      	subs	r5, r0, #0
100084aa:	d00b      	beq.n	100084c4 <tu_edpt_stream_write_xfer+0x54>
100084ac:	421f      	tst	r7, r3
100084ae:	d1ed      	bne.n	1000848c <tu_edpt_stream_write_xfer+0x1c>
100084b0:	0003      	movs	r3, r0
100084b2:	6862      	ldr	r2, [r4, #4]
100084b4:	0030      	movs	r0, r6
100084b6:	7861      	ldrb	r1, [r4, #1]
100084b8:	f7ff f992 	bl	100077e0 <usbd_edpt_xfer>
100084bc:	2800      	cmp	r0, #0
100084be:	d0e5      	beq.n	1000848c <tu_edpt_stream_write_xfer+0x1c>
100084c0:	0028      	movs	r0, r5
100084c2:	e7e4      	b.n	1000848e <tu_edpt_stream_write_xfer+0x1e>
100084c4:	421f      	tst	r7, r3
100084c6:	d1e1      	bne.n	1000848c <tu_edpt_stream_write_xfer+0x1c>
100084c8:	0030      	movs	r0, r6
100084ca:	7861      	ldrb	r1, [r4, #1]
100084cc:	f7ff f974 	bl	100077b8 <usbd_edpt_release>
100084d0:	e7dc      	b.n	1000848c <tu_edpt_stream_write_xfer+0x1c>
100084d2:	46c0      	nop			; (mov r8, r8)

100084d4 <tu_edpt_stream_read_xfer>:
100084d4:	b5f8      	push	{r3, r4, r5, r6, r7, lr}
100084d6:	46ce      	mov	lr, r9
100084d8:	4647      	mov	r7, r8
100084da:	b580      	push	{r7, lr}
100084dc:	898b      	ldrh	r3, [r1, #12]
100084de:	0006      	movs	r6, r0
100084e0:	000c      	movs	r4, r1
100084e2:	2b00      	cmp	r3, #0
100084e4:	d108      	bne.n	100084f8 <tu_edpt_stream_read_xfer+0x24>
100084e6:	2501      	movs	r5, #1
100084e8:	780b      	ldrb	r3, [r1, #0]
100084ea:	421d      	tst	r5, r3
100084ec:	d041      	beq.n	10008572 <tu_edpt_stream_read_xfer+0x9e>
100084ee:	2000      	movs	r0, #0
100084f0:	bcc0      	pop	{r6, r7}
100084f2:	46b9      	mov	r9, r7
100084f4:	46b0      	mov	r8, r6
100084f6:	bdf8      	pop	{r3, r4, r5, r6, r7, pc}
100084f8:	780b      	ldrb	r3, [r1, #0]
100084fa:	079b      	lsls	r3, r3, #30
100084fc:	d434      	bmi.n	10008568 <tu_edpt_stream_read_xfer+0x94>
100084fe:	2340      	movs	r3, #64	; 0x40
10008500:	425b      	negs	r3, r3
10008502:	4699      	mov	r9, r3
10008504:	2540      	movs	r5, #64	; 0x40
10008506:	0027      	movs	r7, r4
10008508:	3708      	adds	r7, #8
1000850a:	0038      	movs	r0, r7
1000850c:	f000 f8a6 	bl	1000865c <tu_fifo_remaining>
10008510:	42a8      	cmp	r0, r5
10008512:	d3ec      	bcc.n	100084ee <tu_edpt_stream_read_xfer+0x1a>
10008514:	2201      	movs	r2, #1
10008516:	7823      	ldrb	r3, [r4, #0]
10008518:	4690      	mov	r8, r2
1000851a:	421a      	tst	r2, r3
1000851c:	d1e7      	bne.n	100084ee <tu_edpt_stream_read_xfer+0x1a>
1000851e:	0030      	movs	r0, r6
10008520:	7861      	ldrb	r1, [r4, #1]
10008522:	f7ff f935 	bl	10007790 <usbd_edpt_claim>
10008526:	2800      	cmp	r0, #0
10008528:	d0e1      	beq.n	100084ee <tu_edpt_stream_read_xfer+0x1a>
1000852a:	0038      	movs	r0, r7
1000852c:	f000 f896 	bl	1000865c <tu_fifo_remaining>
10008530:	4642      	mov	r2, r8
10008532:	7823      	ldrb	r3, [r4, #0]
10008534:	4285      	cmp	r5, r0
10008536:	d831      	bhi.n	1000859c <tu_edpt_stream_read_xfer+0xc8>
10008538:	421a      	tst	r2, r3
1000853a:	d1d8      	bne.n	100084ee <tu_edpt_stream_read_xfer+0x1a>
1000853c:	464b      	mov	r3, r9
1000853e:	8862      	ldrh	r2, [r4, #2]
10008540:	4018      	ands	r0, r3
10008542:	1c05      	adds	r5, r0, #0
10008544:	b280      	uxth	r0, r0
10008546:	4290      	cmp	r0, r2
10008548:	d900      	bls.n	1000854c <tu_edpt_stream_read_xfer+0x78>
1000854a:	1c15      	adds	r5, r2, #0
1000854c:	b2ad      	uxth	r5, r5
1000854e:	2200      	movs	r2, #0
10008550:	7861      	ldrb	r1, [r4, #1]
10008552:	2d00      	cmp	r5, #0
10008554:	d000      	beq.n	10008558 <tu_edpt_stream_read_xfer+0x84>
10008556:	6862      	ldr	r2, [r4, #4]
10008558:	002b      	movs	r3, r5
1000855a:	0030      	movs	r0, r6
1000855c:	f7ff f940 	bl	100077e0 <usbd_edpt_xfer>
10008560:	2800      	cmp	r0, #0
10008562:	d0c4      	beq.n	100084ee <tu_edpt_stream_read_xfer+0x1a>
10008564:	0028      	movs	r0, r5
10008566:	e7c3      	b.n	100084f0 <tu_edpt_stream_read_xfer+0x1c>
10008568:	2580      	movs	r5, #128	; 0x80
1000856a:	4b10      	ldr	r3, [pc, #64]	; (100085ac <tu_edpt_stream_read_xfer+0xd8>)
1000856c:	00ad      	lsls	r5, r5, #2
1000856e:	4699      	mov	r9, r3
10008570:	e7c9      	b.n	10008506 <tu_edpt_stream_read_xfer+0x32>
10008572:	7849      	ldrb	r1, [r1, #1]
10008574:	f7ff f90c 	bl	10007790 <usbd_edpt_claim>
10008578:	2800      	cmp	r0, #0
1000857a:	d0b8      	beq.n	100084ee <tu_edpt_stream_read_xfer+0x1a>
1000857c:	7823      	ldrb	r3, [r4, #0]
1000857e:	421d      	tst	r5, r3
10008580:	d1b5      	bne.n	100084ee <tu_edpt_stream_read_xfer+0x1a>
10008582:	8863      	ldrh	r3, [r4, #2]
10008584:	2200      	movs	r2, #0
10008586:	7861      	ldrb	r1, [r4, #1]
10008588:	2b00      	cmp	r3, #0
1000858a:	d000      	beq.n	1000858e <tu_edpt_stream_read_xfer+0xba>
1000858c:	6862      	ldr	r2, [r4, #4]
1000858e:	0030      	movs	r0, r6
10008590:	f7ff f926 	bl	100077e0 <usbd_edpt_xfer>
10008594:	2800      	cmp	r0, #0
10008596:	d0aa      	beq.n	100084ee <tu_edpt_stream_read_xfer+0x1a>
10008598:	8860      	ldrh	r0, [r4, #2]
1000859a:	e7a9      	b.n	100084f0 <tu_edpt_stream_read_xfer+0x1c>
1000859c:	421a      	tst	r2, r3
1000859e:	d1a6      	bne.n	100084ee <tu_edpt_stream_read_xfer+0x1a>
100085a0:	0030      	movs	r0, r6
100085a2:	7861      	ldrb	r1, [r4, #1]
100085a4:	f7ff f908 	bl	100077b8 <usbd_edpt_release>
100085a8:	e7a1      	b.n	100084ee <tu_edpt_stream_read_xfer+0x1a>
100085aa:	46c0      	nop			; (mov r8, r8)
100085ac:	fffffe00 	.word	0xfffffe00

100085b0 <tu_fifo_config>:
100085b0:	b5f0      	push	{r4, r5, r6, r7, lr}
100085b2:	46c6      	mov	lr, r8
100085b4:	b500      	push	{lr}
100085b6:	0004      	movs	r4, r0
100085b8:	a806      	add	r0, sp, #24
100085ba:	7805      	ldrb	r5, [r0, #0]
100085bc:	2080      	movs	r0, #128	; 0x80
100085be:	4688      	mov	r8, r1
100085c0:	0017      	movs	r7, r2
100085c2:	001e      	movs	r6, r3
100085c4:	0200      	lsls	r0, r0, #8
100085c6:	4282      	cmp	r2, r0
100085c8:	d827      	bhi.n	1000861a <tu_fifo_config+0x6a>
100085ca:	68e0      	ldr	r0, [r4, #12]
100085cc:	2800      	cmp	r0, #0
100085ce:	d003      	beq.n	100085d8 <tu_fifo_config+0x28>
100085d0:	2101      	movs	r1, #1
100085d2:	4249      	negs	r1, r1
100085d4:	f000 ffbc 	bl	10009550 <__mutex_enter_timeout_ms_veneer>
100085d8:	6920      	ldr	r0, [r4, #16]
100085da:	2800      	cmp	r0, #0
100085dc:	d003      	beq.n	100085e6 <tu_fifo_config+0x36>
100085de:	2101      	movs	r1, #1
100085e0:	4249      	negs	r1, r1
100085e2:	f000 ffb5 	bl	10009550 <__mutex_enter_timeout_ms_veneer>
100085e6:	4643      	mov	r3, r8
100085e8:	6023      	str	r3, [r4, #0]
100085ea:	0473      	lsls	r3, r6, #17
100085ec:	0c5b      	lsrs	r3, r3, #17
100085ee:	03ed      	lsls	r5, r5, #15
100085f0:	431d      	orrs	r5, r3
100085f2:	2300      	movs	r3, #0
100085f4:	68e0      	ldr	r0, [r4, #12]
100085f6:	8163      	strh	r3, [r4, #10]
100085f8:	80a7      	strh	r7, [r4, #4]
100085fa:	80e5      	strh	r5, [r4, #6]
100085fc:	8123      	strh	r3, [r4, #8]
100085fe:	2800      	cmp	r0, #0
10008600:	d001      	beq.n	10008606 <tu_fifo_config+0x56>
10008602:	f000 ff65 	bl	100094d0 <__mutex_exit_veneer>
10008606:	6920      	ldr	r0, [r4, #16]
10008608:	2401      	movs	r4, #1
1000860a:	2800      	cmp	r0, #0
1000860c:	d001      	beq.n	10008612 <tu_fifo_config+0x62>
1000860e:	f000 ff5f 	bl	100094d0 <__mutex_exit_veneer>
10008612:	0020      	movs	r0, r4
10008614:	bc80      	pop	{r7}
10008616:	46b8      	mov	r8, r7
10008618:	bdf0      	pop	{r4, r5, r6, r7, pc}
1000861a:	2400      	movs	r4, #0
1000861c:	e7f9      	b.n	10008612 <tu_fifo_config+0x62>
1000861e:	46c0      	nop			; (mov r8, r8)

10008620 <tu_fifo_count>:
10008620:	b510      	push	{r4, lr}
10008622:	8904      	ldrh	r4, [r0, #8]
10008624:	8941      	ldrh	r1, [r0, #10]
10008626:	8882      	ldrh	r2, [r0, #4]
10008628:	b2a3      	uxth	r3, r4
1000862a:	b288      	uxth	r0, r1
1000862c:	428c      	cmp	r4, r1
1000862e:	d307      	bcc.n	10008640 <tu_fifo_count+0x20>
10008630:	1a1b      	subs	r3, r3, r0
10008632:	b29b      	uxth	r3, r3
10008634:	1c10      	adds	r0, r2, #0
10008636:	429a      	cmp	r2, r3
10008638:	d900      	bls.n	1000863c <tu_fifo_count+0x1c>
1000863a:	1c18      	adds	r0, r3, #0
1000863c:	b280      	uxth	r0, r0
1000863e:	bd10      	pop	{r4, pc}
10008640:	0051      	lsls	r1, r2, #1
10008642:	1a09      	subs	r1, r1, r0
10008644:	185b      	adds	r3, r3, r1
10008646:	b29b      	uxth	r3, r3
10008648:	e7f4      	b.n	10008634 <tu_fifo_count+0x14>
1000864a:	46c0      	nop			; (mov r8, r8)

1000864c <tu_fifo_empty>:
1000864c:	0003      	movs	r3, r0
1000864e:	8900      	ldrh	r0, [r0, #8]
10008650:	895b      	ldrh	r3, [r3, #10]
10008652:	1ac0      	subs	r0, r0, r3
10008654:	4243      	negs	r3, r0
10008656:	4158      	adcs	r0, r3
10008658:	b2c0      	uxtb	r0, r0
1000865a:	4770      	bx	lr

1000865c <tu_fifo_remaining>:
1000865c:	b510      	push	{r4, lr}
1000865e:	8904      	ldrh	r4, [r0, #8]
10008660:	8941      	ldrh	r1, [r0, #10]
10008662:	8882      	ldrh	r2, [r0, #4]
10008664:	b2a3      	uxth	r3, r4
10008666:	b288      	uxth	r0, r1
10008668:	428c      	cmp	r4, r1
1000866a:	d307      	bcc.n	1000867c <tu_fifo_remaining+0x20>
1000866c:	1a1b      	subs	r3, r3, r0
1000866e:	b29b      	uxth	r3, r3
10008670:	2000      	movs	r0, #0
10008672:	429a      	cmp	r2, r3
10008674:	d901      	bls.n	1000867a <tu_fifo_remaining+0x1e>
10008676:	1ad3      	subs	r3, r2, r3
10008678:	b298      	uxth	r0, r3
1000867a:	bd10      	pop	{r4, pc}
1000867c:	0051      	lsls	r1, r2, #1
1000867e:	1a09      	subs	r1, r1, r0
10008680:	185b      	adds	r3, r3, r1
10008682:	b29b      	uxth	r3, r3
10008684:	e7f4      	b.n	10008670 <tu_fifo_remaining+0x14>
10008686:	46c0      	nop			; (mov r8, r8)

10008688 <tu_fifo_read>:
10008688:	b570      	push	{r4, r5, r6, lr}
1000868a:	0004      	movs	r4, r0
1000868c:	6900      	ldr	r0, [r0, #16]
1000868e:	000e      	movs	r6, r1
10008690:	2800      	cmp	r0, #0
10008692:	d003      	beq.n	1000869c <tu_fifo_read+0x14>
10008694:	2101      	movs	r1, #1
10008696:	4249      	negs	r1, r1
10008698:	f000 ff5a 	bl	10009550 <__mutex_enter_timeout_ms_veneer>
1000869c:	8925      	ldrh	r5, [r4, #8]
1000869e:	8960      	ldrh	r0, [r4, #10]
100086a0:	88a2      	ldrh	r2, [r4, #4]
100086a2:	b2a9      	uxth	r1, r5
100086a4:	b283      	uxth	r3, r0
100086a6:	4285      	cmp	r5, r0
100086a8:	d32c      	bcc.n	10008704 <tu_fifo_read+0x7c>
100086aa:	1acd      	subs	r5, r1, r3
100086ac:	b2ad      	uxth	r5, r5
100086ae:	2d00      	cmp	r5, #0
100086b0:	d02e      	beq.n	10008710 <tu_fifo_read+0x88>
100086b2:	42aa      	cmp	r2, r5
100086b4:	d208      	bcs.n	100086c8 <tu_fifo_read+0x40>
100086b6:	4291      	cmp	r1, r2
100086b8:	d331      	bcc.n	1000871e <tu_fifo_read+0x96>
100086ba:	1a8b      	subs	r3, r1, r2
100086bc:	b29b      	uxth	r3, r3
100086be:	8163      	strh	r3, [r4, #10]
100086c0:	429a      	cmp	r2, r3
100086c2:	d803      	bhi.n	100086cc <tu_fifo_read+0x44>
100086c4:	1a9b      	subs	r3, r3, r2
100086c6:	b29b      	uxth	r3, r3
100086c8:	429a      	cmp	r2, r3
100086ca:	d9fb      	bls.n	100086c4 <tu_fifo_read+0x3c>
100086cc:	88e2      	ldrh	r2, [r4, #6]
100086ce:	6821      	ldr	r1, [r4, #0]
100086d0:	0452      	lsls	r2, r2, #17
100086d2:	0c52      	lsrs	r2, r2, #17
100086d4:	4353      	muls	r3, r2
100086d6:	0030      	movs	r0, r6
100086d8:	18c9      	adds	r1, r1, r3
100086da:	f7fc f885 	bl	100047e8 <__wrap___aeabi_memcpy>
100086de:	8961      	ldrh	r1, [r4, #10]
100086e0:	2501      	movs	r5, #1
100086e2:	1c4b      	adds	r3, r1, #1
100086e4:	b29b      	uxth	r3, r3
100086e6:	88a2      	ldrh	r2, [r4, #4]
100086e8:	4299      	cmp	r1, r3
100086ea:	d914      	bls.n	10008716 <tu_fifo_read+0x8e>
100086ec:	2300      	movs	r3, #0
100086ee:	0052      	lsls	r2, r2, #1
100086f0:	1a9b      	subs	r3, r3, r2
100086f2:	b29b      	uxth	r3, r3
100086f4:	6920      	ldr	r0, [r4, #16]
100086f6:	8163      	strh	r3, [r4, #10]
100086f8:	2800      	cmp	r0, #0
100086fa:	d001      	beq.n	10008700 <tu_fifo_read+0x78>
100086fc:	f000 fee8 	bl	100094d0 <__mutex_exit_veneer>
10008700:	0028      	movs	r0, r5
10008702:	bd70      	pop	{r4, r5, r6, pc}
10008704:	0055      	lsls	r5, r2, #1
10008706:	1aed      	subs	r5, r5, r3
10008708:	194d      	adds	r5, r1, r5
1000870a:	b2ad      	uxth	r5, r5
1000870c:	2d00      	cmp	r5, #0
1000870e:	d1d0      	bne.n	100086b2 <tu_fifo_read+0x2a>
10008710:	2500      	movs	r5, #0
10008712:	8963      	ldrh	r3, [r4, #10]
10008714:	b29b      	uxth	r3, r3
10008716:	0052      	lsls	r2, r2, #1
10008718:	4293      	cmp	r3, r2
1000871a:	dbeb      	blt.n	100086f4 <tu_fifo_read+0x6c>
1000871c:	e7e8      	b.n	100086f0 <tu_fifo_read+0x68>
1000871e:	1889      	adds	r1, r1, r2
10008720:	b28b      	uxth	r3, r1
10008722:	8163      	strh	r3, [r4, #10]
10008724:	e7cc      	b.n	100086c0 <tu_fifo_read+0x38>
10008726:	46c0      	nop			; (mov r8, r8)

10008728 <tu_fifo_read_n>:
10008728:	b5f0      	push	{r4, r5, r6, r7, lr}
1000872a:	4646      	mov	r6, r8
1000872c:	464f      	mov	r7, r9
1000872e:	46d6      	mov	lr, sl
10008730:	b5c0      	push	{r6, r7, lr}
10008732:	0006      	movs	r6, r0
10008734:	6900      	ldr	r0, [r0, #16]
10008736:	4689      	mov	r9, r1
10008738:	4690      	mov	r8, r2
1000873a:	2800      	cmp	r0, #0
1000873c:	d003      	beq.n	10008746 <tu_fifo_read_n+0x1e>
1000873e:	2101      	movs	r1, #1
10008740:	4249      	negs	r1, r1
10008742:	f000 ff05 	bl	10009550 <__mutex_enter_timeout_ms_veneer>
10008746:	8931      	ldrh	r1, [r6, #8]
10008748:	8972      	ldrh	r2, [r6, #10]
1000874a:	88b5      	ldrh	r5, [r6, #4]
1000874c:	b28b      	uxth	r3, r1
1000874e:	b294      	uxth	r4, r2
10008750:	4291      	cmp	r1, r2
10008752:	d357      	bcc.n	10008804 <tu_fifo_read_n+0xdc>
10008754:	1b1f      	subs	r7, r3, r4
10008756:	b2bf      	uxth	r7, r7
10008758:	2f00      	cmp	r7, #0
1000875a:	d04d      	beq.n	100087f8 <tu_fifo_read_n+0xd0>
1000875c:	42bd      	cmp	r5, r7
1000875e:	d205      	bcs.n	1000876c <tu_fifo_read_n+0x44>
10008760:	42ab      	cmp	r3, r5
10008762:	d254      	bcs.n	1000880e <tu_fifo_read_n+0xe6>
10008764:	195b      	adds	r3, r3, r5
10008766:	b29c      	uxth	r4, r3
10008768:	002f      	movs	r7, r5
1000876a:	8174      	strh	r4, [r6, #10]
1000876c:	4643      	mov	r3, r8
1000876e:	45b8      	cmp	r8, r7
10008770:	d840      	bhi.n	100087f4 <tu_fifo_read_n+0xcc>
10008772:	b29f      	uxth	r7, r3
10008774:	42a5      	cmp	r5, r4
10008776:	d803      	bhi.n	10008780 <tu_fifo_read_n+0x58>
10008778:	1b64      	subs	r4, r4, r5
1000877a:	b2a4      	uxth	r4, r4
1000877c:	42a5      	cmp	r5, r4
1000877e:	d9fb      	bls.n	10008778 <tu_fifo_read_n+0x50>
10008780:	88f2      	ldrh	r2, [r6, #6]
10008782:	1b28      	subs	r0, r5, r4
10008784:	0452      	lsls	r2, r2, #17
10008786:	0c53      	lsrs	r3, r2, #17
10008788:	0019      	movs	r1, r3
1000878a:	4698      	mov	r8, r3
1000878c:	6833      	ldr	r3, [r6, #0]
1000878e:	4361      	muls	r1, r4
10008790:	469c      	mov	ip, r3
10008792:	b280      	uxth	r0, r0
10008794:	4461      	add	r1, ip
10008796:	4287      	cmp	r7, r0
10008798:	d926      	bls.n	100087e8 <tu_fifo_read_n+0xc0>
1000879a:	4643      	mov	r3, r8
1000879c:	4358      	muls	r0, r3
1000879e:	b283      	uxth	r3, r0
100087a0:	001a      	movs	r2, r3
100087a2:	4648      	mov	r0, r9
100087a4:	469a      	mov	sl, r3
100087a6:	f7fc f81f 	bl	100047e8 <__wrap___aeabi_memcpy>
100087aa:	4643      	mov	r3, r8
100087ac:	4648      	mov	r0, r9
100087ae:	1b7d      	subs	r5, r7, r5
100087b0:	1964      	adds	r4, r4, r5
100087b2:	435c      	muls	r4, r3
100087b4:	6831      	ldr	r1, [r6, #0]
100087b6:	4450      	add	r0, sl
100087b8:	b2a2      	uxth	r2, r4
100087ba:	f7fc f815 	bl	100047e8 <__wrap___aeabi_memcpy>
100087be:	8971      	ldrh	r1, [r6, #10]
100087c0:	88b5      	ldrh	r5, [r6, #4]
100087c2:	19cb      	adds	r3, r1, r7
100087c4:	b29b      	uxth	r3, r3
100087c6:	006a      	lsls	r2, r5, #1
100087c8:	4299      	cmp	r1, r3
100087ca:	d917      	bls.n	100087fc <tu_fifo_read_n+0xd4>
100087cc:	1a9b      	subs	r3, r3, r2
100087ce:	b29b      	uxth	r3, r3
100087d0:	6930      	ldr	r0, [r6, #16]
100087d2:	8173      	strh	r3, [r6, #10]
100087d4:	2800      	cmp	r0, #0
100087d6:	d001      	beq.n	100087dc <tu_fifo_read_n+0xb4>
100087d8:	f000 fe7a 	bl	100094d0 <__mutex_exit_veneer>
100087dc:	0038      	movs	r0, r7
100087de:	bce0      	pop	{r5, r6, r7}
100087e0:	46ba      	mov	sl, r7
100087e2:	46b1      	mov	r9, r6
100087e4:	46a8      	mov	r8, r5
100087e6:	bdf0      	pop	{r4, r5, r6, r7, pc}
100087e8:	4642      	mov	r2, r8
100087ea:	4648      	mov	r0, r9
100087ec:	437a      	muls	r2, r7
100087ee:	f7fb fffb 	bl	100047e8 <__wrap___aeabi_memcpy>
100087f2:	e7e4      	b.n	100087be <tu_fifo_read_n+0x96>
100087f4:	1c3b      	adds	r3, r7, #0
100087f6:	e7bc      	b.n	10008772 <tu_fifo_read_n+0x4a>
100087f8:	8973      	ldrh	r3, [r6, #10]
100087fa:	b29b      	uxth	r3, r3
100087fc:	006a      	lsls	r2, r5, #1
100087fe:	4293      	cmp	r3, r2
10008800:	dbe6      	blt.n	100087d0 <tu_fifo_read_n+0xa8>
10008802:	e7e3      	b.n	100087cc <tu_fifo_read_n+0xa4>
10008804:	006f      	lsls	r7, r5, #1
10008806:	1b3f      	subs	r7, r7, r4
10008808:	19df      	adds	r7, r3, r7
1000880a:	b2bf      	uxth	r7, r7
1000880c:	e7a4      	b.n	10008758 <tu_fifo_read_n+0x30>
1000880e:	1b5b      	subs	r3, r3, r5
10008810:	b29c      	uxth	r4, r3
10008812:	e7a9      	b.n	10008768 <tu_fifo_read_n+0x40>

10008814 <tu_fifo_write>:
10008814:	b5f8      	push	{r3, r4, r5, r6, r7, lr}
10008816:	0004      	movs	r4, r0
10008818:	68c0      	ldr	r0, [r0, #12]
1000881a:	000e      	movs	r6, r1
1000881c:	2800      	cmp	r0, #0
1000881e:	d003      	beq.n	10008828 <tu_fifo_write+0x14>
10008820:	2101      	movs	r1, #1
10008822:	4249      	negs	r1, r1
10008824:	f000 fe94 	bl	10009550 <__mutex_enter_timeout_ms_veneer>
10008828:	8925      	ldrh	r5, [r4, #8]
1000882a:	8920      	ldrh	r0, [r4, #8]
1000882c:	8961      	ldrh	r1, [r4, #10]
1000882e:	88a2      	ldrh	r2, [r4, #4]
10008830:	b2ad      	uxth	r5, r5
10008832:	b283      	uxth	r3, r0
10008834:	b28f      	uxth	r7, r1
10008836:	4288      	cmp	r0, r1
10008838:	d328      	bcc.n	1000888c <tu_fifo_write+0x78>
1000883a:	1bdb      	subs	r3, r3, r7
1000883c:	b29b      	uxth	r3, r3
1000883e:	429a      	cmp	r2, r3
10008840:	d809      	bhi.n	10008856 <tu_fifo_write+0x42>
10008842:	79e7      	ldrb	r7, [r4, #7]
10008844:	09ff      	lsrs	r7, r7, #7
10008846:	d106      	bne.n	10008856 <tu_fifo_write+0x42>
10008848:	68e0      	ldr	r0, [r4, #12]
1000884a:	2800      	cmp	r0, #0
1000884c:	d001      	beq.n	10008852 <tu_fifo_write+0x3e>
1000884e:	f000 fe3f 	bl	100094d0 <__mutex_exit_veneer>
10008852:	0038      	movs	r0, r7
10008854:	bdf8      	pop	{r3, r4, r5, r6, r7, pc}
10008856:	002b      	movs	r3, r5
10008858:	4295      	cmp	r5, r2
1000885a:	d303      	bcc.n	10008864 <tu_fifo_write+0x50>
1000885c:	1a9b      	subs	r3, r3, r2
1000885e:	b29b      	uxth	r3, r3
10008860:	4293      	cmp	r3, r2
10008862:	d2fb      	bcs.n	1000885c <tu_fifo_write+0x48>
10008864:	88e2      	ldrh	r2, [r4, #6]
10008866:	6821      	ldr	r1, [r4, #0]
10008868:	0452      	lsls	r2, r2, #17
1000886a:	0c52      	lsrs	r2, r2, #17
1000886c:	4353      	muls	r3, r2
1000886e:	18c8      	adds	r0, r1, r3
10008870:	0031      	movs	r1, r6
10008872:	f7fb ffb9 	bl	100047e8 <__wrap___aeabi_memcpy>
10008876:	88a2      	ldrh	r2, [r4, #4]
10008878:	1c6b      	adds	r3, r5, #1
1000887a:	b29b      	uxth	r3, r3
1000887c:	0052      	lsls	r2, r2, #1
1000887e:	429d      	cmp	r5, r3
10008880:	d909      	bls.n	10008896 <tu_fifo_write+0x82>
10008882:	1a9b      	subs	r3, r3, r2
10008884:	b29b      	uxth	r3, r3
10008886:	2701      	movs	r7, #1
10008888:	8123      	strh	r3, [r4, #8]
1000888a:	e7dd      	b.n	10008848 <tu_fifo_write+0x34>
1000888c:	0051      	lsls	r1, r2, #1
1000888e:	1bc9      	subs	r1, r1, r7
10008890:	185b      	adds	r3, r3, r1
10008892:	b29b      	uxth	r3, r3
10008894:	e7d3      	b.n	1000883e <tu_fifo_write+0x2a>
10008896:	4293      	cmp	r3, r2
10008898:	dbf5      	blt.n	10008886 <tu_fifo_write+0x72>
1000889a:	e7f2      	b.n	10008882 <tu_fifo_write+0x6e>

1000889c <tu_fifo_write_n>:
1000889c:	b5f0      	push	{r4, r5, r6, r7, lr}
1000889e:	464e      	mov	r6, r9
100088a0:	4645      	mov	r5, r8
100088a2:	46de      	mov	lr, fp
100088a4:	4657      	mov	r7, sl
100088a6:	b5e0      	push	{r5, r6, r7, lr}
100088a8:	4689      	mov	r9, r1
100088aa:	0005      	movs	r5, r0
100088ac:	0014      	movs	r4, r2
100088ae:	b083      	sub	sp, #12
100088b0:	2a00      	cmp	r2, #0
100088b2:	d06e      	beq.n	10008992 <tu_fifo_write_n+0xf6>
100088b4:	68c0      	ldr	r0, [r0, #12]
100088b6:	2800      	cmp	r0, #0
100088b8:	d003      	beq.n	100088c2 <tu_fifo_write_n+0x26>
100088ba:	2101      	movs	r1, #1
100088bc:	4249      	negs	r1, r1
100088be:	f000 fe47 	bl	10009550 <__mutex_enter_timeout_ms_veneer>
100088c2:	892f      	ldrh	r7, [r5, #8]
100088c4:	79ea      	ldrb	r2, [r5, #7]
100088c6:	896b      	ldrh	r3, [r5, #10]
100088c8:	b2bf      	uxth	r7, r7
100088ca:	b29b      	uxth	r3, r3
100088cc:	09d2      	lsrs	r2, r2, #7
100088ce:	d142      	bne.n	10008956 <tu_fifo_write_n+0xba>
100088d0:	88ae      	ldrh	r6, [r5, #4]
100088d2:	429f      	cmp	r7, r3
100088d4:	d267      	bcs.n	100089a6 <tu_fifo_write_n+0x10a>
100088d6:	0072      	lsls	r2, r6, #1
100088d8:	1ad3      	subs	r3, r2, r3
100088da:	18fb      	adds	r3, r7, r3
100088dc:	b29b      	uxth	r3, r3
100088de:	2200      	movs	r2, #0
100088e0:	4690      	mov	r8, r2
100088e2:	429e      	cmp	r6, r3
100088e4:	d931      	bls.n	1000894a <tu_fifo_write_n+0xae>
100088e6:	1af3      	subs	r3, r6, r3
100088e8:	1c1a      	adds	r2, r3, #0
100088ea:	b29b      	uxth	r3, r3
100088ec:	42a3      	cmp	r3, r4
100088ee:	d900      	bls.n	100088f2 <tu_fifo_write_n+0x56>
100088f0:	1c22      	adds	r2, r4, #0
100088f2:	b293      	uxth	r3, r2
100088f4:	4698      	mov	r8, r3
100088f6:	88e8      	ldrh	r0, [r5, #6]
100088f8:	4643      	mov	r3, r8
100088fa:	19db      	adds	r3, r3, r7
100088fc:	b29b      	uxth	r3, r3
100088fe:	469b      	mov	fp, r3
10008900:	003c      	movs	r4, r7
10008902:	42be      	cmp	r6, r7
10008904:	d803      	bhi.n	1000890e <tu_fifo_write_n+0x72>
10008906:	1ba4      	subs	r4, r4, r6
10008908:	b2a4      	uxth	r4, r4
1000890a:	42b4      	cmp	r4, r6
1000890c:	d2fb      	bcs.n	10008906 <tu_fifo_write_n+0x6a>
1000890e:	0440      	lsls	r0, r0, #17
10008910:	0c43      	lsrs	r3, r0, #17
10008912:	0018      	movs	r0, r3
10008914:	469a      	mov	sl, r3
10008916:	682b      	ldr	r3, [r5, #0]
10008918:	4360      	muls	r0, r4
1000891a:	469c      	mov	ip, r3
1000891c:	1b31      	subs	r1, r6, r4
1000891e:	b289      	uxth	r1, r1
10008920:	4460      	add	r0, ip
10008922:	4541      	cmp	r1, r8
10008924:	d34e      	bcc.n	100089c4 <tu_fifo_write_n+0x128>
10008926:	4652      	mov	r2, sl
10008928:	4643      	mov	r3, r8
1000892a:	4649      	mov	r1, r9
1000892c:	435a      	muls	r2, r3
1000892e:	f7fb ff5b 	bl	100047e8 <__wrap___aeabi_memcpy>
10008932:	88ab      	ldrh	r3, [r5, #4]
10008934:	005b      	lsls	r3, r3, #1
10008936:	45bb      	cmp	fp, r7
10008938:	d301      	bcc.n	1000893e <tu_fifo_write_n+0xa2>
1000893a:	459b      	cmp	fp, r3
1000893c:	db03      	blt.n	10008946 <tu_fifo_write_n+0xaa>
1000893e:	465a      	mov	r2, fp
10008940:	1ad3      	subs	r3, r2, r3
10008942:	b29b      	uxth	r3, r3
10008944:	469b      	mov	fp, r3
10008946:	465b      	mov	r3, fp
10008948:	812b      	strh	r3, [r5, #8]
1000894a:	68e8      	ldr	r0, [r5, #12]
1000894c:	2800      	cmp	r0, #0
1000894e:	d022      	beq.n	10008996 <tu_fifo_write_n+0xfa>
10008950:	f000 fdbe 	bl	100094d0 <__mutex_exit_veneer>
10008954:	e01f      	b.n	10008996 <tu_fifo_write_n+0xfa>
10008956:	88aa      	ldrh	r2, [r5, #4]
10008958:	4690      	mov	r8, r2
1000895a:	4294      	cmp	r4, r2
1000895c:	d226      	bcs.n	100089ac <tu_fifo_write_n+0x110>
1000895e:	429f      	cmp	r7, r3
10008960:	d344      	bcc.n	100089ec <tu_fifo_write_n+0x150>
10008962:	4641      	mov	r1, r8
10008964:	1afa      	subs	r2, r7, r3
10008966:	b292      	uxth	r2, r2
10008968:	0049      	lsls	r1, r1, #1
1000896a:	1912      	adds	r2, r2, r4
1000896c:	428a      	cmp	r2, r1
1000896e:	db09      	blt.n	10008984 <tu_fifo_write_n+0xe8>
10008970:	4642      	mov	r2, r8
10008972:	189a      	adds	r2, r3, r2
10008974:	b292      	uxth	r2, r2
10008976:	1b17      	subs	r7, r2, r4
10008978:	b2bf      	uxth	r7, r7
1000897a:	4693      	mov	fp, r2
1000897c:	42bb      	cmp	r3, r7
1000897e:	d93a      	bls.n	100089f6 <tu_fifo_write_n+0x15a>
10008980:	1a7f      	subs	r7, r7, r1
10008982:	b2bf      	uxth	r7, r7
10008984:	19e3      	adds	r3, r4, r7
10008986:	b29b      	uxth	r3, r3
10008988:	4646      	mov	r6, r8
1000898a:	469b      	mov	fp, r3
1000898c:	46a0      	mov	r8, r4
1000898e:	88e8      	ldrh	r0, [r5, #6]
10008990:	e7b6      	b.n	10008900 <tu_fifo_write_n+0x64>
10008992:	2300      	movs	r3, #0
10008994:	4698      	mov	r8, r3
10008996:	4640      	mov	r0, r8
10008998:	b003      	add	sp, #12
1000899a:	bcf0      	pop	{r4, r5, r6, r7}
1000899c:	46bb      	mov	fp, r7
1000899e:	46b2      	mov	sl, r6
100089a0:	46a9      	mov	r9, r5
100089a2:	46a0      	mov	r8, r4
100089a4:	bdf0      	pop	{r4, r5, r6, r7, pc}
100089a6:	1afb      	subs	r3, r7, r3
100089a8:	b29b      	uxth	r3, r3
100089aa:	e798      	b.n	100088de <tu_fifo_write_n+0x42>
100089ac:	88e8      	ldrh	r0, [r5, #6]
100089ae:	1aa2      	subs	r2, r4, r2
100089b0:	0444      	lsls	r4, r0, #17
100089b2:	0c64      	lsrs	r4, r4, #17
100089b4:	4354      	muls	r4, r2
100089b6:	4642      	mov	r2, r8
100089b8:	44a1      	add	r9, r4
100089ba:	2a00      	cmp	r2, #0
100089bc:	d0c5      	beq.n	1000894a <tu_fifo_write_n+0xae>
100089be:	4646      	mov	r6, r8
100089c0:	001f      	movs	r7, r3
100089c2:	e799      	b.n	100088f8 <tu_fifo_write_n+0x5c>
100089c4:	4653      	mov	r3, sl
100089c6:	4359      	muls	r1, r3
100089c8:	b289      	uxth	r1, r1
100089ca:	000a      	movs	r2, r1
100089cc:	9101      	str	r1, [sp, #4]
100089ce:	4649      	mov	r1, r9
100089d0:	f7fb ff0a 	bl	100047e8 <__wrap___aeabi_memcpy>
100089d4:	4643      	mov	r3, r8
100089d6:	1b9a      	subs	r2, r3, r6
100089d8:	4653      	mov	r3, sl
100089da:	18a2      	adds	r2, r4, r2
100089dc:	435a      	muls	r2, r3
100089de:	9901      	ldr	r1, [sp, #4]
100089e0:	6828      	ldr	r0, [r5, #0]
100089e2:	b292      	uxth	r2, r2
100089e4:	4449      	add	r1, r9
100089e6:	f7fb feff 	bl	100047e8 <__wrap___aeabi_memcpy>
100089ea:	e7a2      	b.n	10008932 <tu_fifo_write_n+0x96>
100089ec:	0051      	lsls	r1, r2, #1
100089ee:	1aca      	subs	r2, r1, r3
100089f0:	18ba      	adds	r2, r7, r2
100089f2:	b292      	uxth	r2, r2
100089f4:	e7b9      	b.n	1000896a <tu_fifo_write_n+0xce>
100089f6:	42b9      	cmp	r1, r7
100089f8:	ddc2      	ble.n	10008980 <tu_fifo_write_n+0xe4>
100089fa:	4646      	mov	r6, r8
100089fc:	88e8      	ldrh	r0, [r5, #6]
100089fe:	46a0      	mov	r8, r4
10008a00:	e77e      	b.n	10008900 <tu_fifo_write_n+0x64>
10008a02:	46c0      	nop			; (mov r8, r8)

10008a04 <tu_fifo_clear>:
10008a04:	b510      	push	{r4, lr}
10008a06:	0004      	movs	r4, r0
10008a08:	68c0      	ldr	r0, [r0, #12]
10008a0a:	2800      	cmp	r0, #0
10008a0c:	d003      	beq.n	10008a16 <tu_fifo_clear+0x12>
10008a0e:	2101      	movs	r1, #1
10008a10:	4249      	negs	r1, r1
10008a12:	f000 fd9d 	bl	10009550 <__mutex_enter_timeout_ms_veneer>
10008a16:	6920      	ldr	r0, [r4, #16]
10008a18:	2800      	cmp	r0, #0
10008a1a:	d003      	beq.n	10008a24 <tu_fifo_clear+0x20>
10008a1c:	2101      	movs	r1, #1
10008a1e:	4249      	negs	r1, r1
10008a20:	f000 fd96 	bl	10009550 <__mutex_enter_timeout_ms_veneer>
10008a24:	2300      	movs	r3, #0
10008a26:	68e0      	ldr	r0, [r4, #12]
10008a28:	8163      	strh	r3, [r4, #10]
10008a2a:	8123      	strh	r3, [r4, #8]
10008a2c:	2800      	cmp	r0, #0
10008a2e:	d001      	beq.n	10008a34 <tu_fifo_clear+0x30>
10008a30:	f000 fd4e 	bl	100094d0 <__mutex_exit_veneer>
10008a34:	6920      	ldr	r0, [r4, #16]
10008a36:	2800      	cmp	r0, #0
10008a38:	d001      	beq.n	10008a3e <tu_fifo_clear+0x3a>
10008a3a:	f000 fd49 	bl	100094d0 <__mutex_exit_veneer>
10008a3e:	2001      	movs	r0, #1
10008a40:	bd10      	pop	{r4, pc}
10008a42:	46c0      	nop			; (mov r8, r8)

10008a44 <tu_fifo_set_overwritable>:
10008a44:	b570      	push	{r4, r5, r6, lr}
10008a46:	0004      	movs	r4, r0
10008a48:	68c0      	ldr	r0, [r0, #12]
10008a4a:	000d      	movs	r5, r1
10008a4c:	2800      	cmp	r0, #0
10008a4e:	d003      	beq.n	10008a58 <tu_fifo_set_overwritable+0x14>
10008a50:	2101      	movs	r1, #1
10008a52:	4249      	negs	r1, r1
10008a54:	f000 fd7c 	bl	10009550 <__mutex_enter_timeout_ms_veneer>
10008a58:	6920      	ldr	r0, [r4, #16]
10008a5a:	2800      	cmp	r0, #0
10008a5c:	d003      	beq.n	10008a66 <tu_fifo_set_overwritable+0x22>
10008a5e:	2101      	movs	r1, #1
10008a60:	4249      	negs	r1, r1
10008a62:	f000 fd75 	bl	10009550 <__mutex_enter_timeout_ms_veneer>
10008a66:	217f      	movs	r1, #127	; 0x7f
10008a68:	79e3      	ldrb	r3, [r4, #7]
10008a6a:	01ed      	lsls	r5, r5, #7
10008a6c:	4019      	ands	r1, r3
10008a6e:	68e0      	ldr	r0, [r4, #12]
10008a70:	4329      	orrs	r1, r5
10008a72:	71e1      	strb	r1, [r4, #7]
10008a74:	2800      	cmp	r0, #0
10008a76:	d001      	beq.n	10008a7c <tu_fifo_set_overwritable+0x38>
10008a78:	f000 fd2a 	bl	100094d0 <__mutex_exit_veneer>
10008a7c:	6920      	ldr	r0, [r4, #16]
10008a7e:	2800      	cmp	r0, #0
10008a80:	d001      	beq.n	10008a86 <tu_fifo_set_overwritable+0x42>
10008a82:	f000 fd25 	bl	100094d0 <__mutex_exit_veneer>
10008a86:	2001      	movs	r0, #1
10008a88:	bd70      	pop	{r4, r5, r6, pc}
10008a8a:	46c0      	nop			; (mov r8, r8)

10008a8c <core1_trampoline>:
10008a8c:	bd03      	pop	{r0, r1, pc}
10008a8e:	46c0      	nop			; (mov r8, r8)

10008a90 <core1_wrapper>:
10008a90:	b510      	push	{r4, lr}
10008a92:	0004      	movs	r4, r0
10008a94:	f7fa fe56 	bl	10003744 <runtime_run_per_core_initializers>
10008a98:	47a0      	blx	r4
10008a9a:	bd10      	pop	{r4, pc}

10008a9c <multicore_launch_core1_raw>:
10008a9c:	b5f0      	push	{r4, r5, r6, r7, lr}
10008a9e:	0004      	movs	r4, r0
10008aa0:	b087      	sub	sp, #28
10008aa2:	200f      	movs	r0, #15
10008aa4:	000e      	movs	r6, r1
10008aa6:	0017      	movs	r7, r2
10008aa8:	f7f9 fbac 	bl	10002204 <irq_is_enabled>
10008aac:	2100      	movs	r1, #0
10008aae:	0005      	movs	r5, r0
10008ab0:	200f      	movs	r0, #15
10008ab2:	f7f9 fb95 	bl	100021e0 <irq_set_enabled>
10008ab6:	2300      	movs	r3, #0
10008ab8:	2200      	movs	r2, #0
10008aba:	9200      	str	r2, [sp, #0]
10008abc:	9301      	str	r3, [sp, #4]
10008abe:	2301      	movs	r3, #1
10008ac0:	9302      	str	r3, [sp, #8]
10008ac2:	23d0      	movs	r3, #208	; 0xd0
10008ac4:	9604      	str	r6, [sp, #16]
10008ac6:	9405      	str	r4, [sp, #20]
10008ac8:	2600      	movs	r6, #0
10008aca:	2400      	movs	r4, #0
10008acc:	2101      	movs	r1, #1
10008ace:	2002      	movs	r0, #2
10008ad0:	9703      	str	r7, [sp, #12]
10008ad2:	061b      	lsls	r3, r3, #24
10008ad4:	2c00      	cmp	r4, #0
10008ad6:	d014      	beq.n	10008b02 <multicore_launch_core1_raw+0x66>
10008ad8:	6d1a      	ldr	r2, [r3, #80]	; 0x50
10008ada:	4210      	tst	r0, r2
10008adc:	d0fc      	beq.n	10008ad8 <multicore_launch_core1_raw+0x3c>
10008ade:	655c      	str	r4, [r3, #84]	; 0x54
10008ae0:	bf40      	sev
10008ae2:	6d1a      	ldr	r2, [r3, #80]	; 0x50
10008ae4:	4211      	tst	r1, r2
10008ae6:	d103      	bne.n	10008af0 <multicore_launch_core1_raw+0x54>
10008ae8:	bf20      	wfe
10008aea:	6d1a      	ldr	r2, [r3, #80]	; 0x50
10008aec:	4211      	tst	r1, r2
10008aee:	d0fb      	beq.n	10008ae8 <multicore_launch_core1_raw+0x4c>
10008af0:	6d9a      	ldr	r2, [r3, #88]	; 0x58
10008af2:	42a2      	cmp	r2, r4
10008af4:	d00a      	beq.n	10008b0c <multicore_launch_core1_raw+0x70>
10008af6:	2600      	movs	r6, #0
10008af8:	466c      	mov	r4, sp
10008afa:	00b2      	lsls	r2, r6, #2
10008afc:	58a4      	ldr	r4, [r4, r2]
10008afe:	e7e9      	b.n	10008ad4 <multicore_launch_core1_raw+0x38>
10008b00:	6d9a      	ldr	r2, [r3, #88]	; 0x58
10008b02:	6d1a      	ldr	r2, [r3, #80]	; 0x50
10008b04:	4211      	tst	r1, r2
10008b06:	d1fb      	bne.n	10008b00 <multicore_launch_core1_raw+0x64>
10008b08:	bf40      	sev
10008b0a:	e7e5      	b.n	10008ad8 <multicore_launch_core1_raw+0x3c>
10008b0c:	3601      	adds	r6, #1
10008b0e:	2e05      	cmp	r6, #5
10008b10:	d9f2      	bls.n	10008af8 <multicore_launch_core1_raw+0x5c>
10008b12:	0029      	movs	r1, r5
10008b14:	200f      	movs	r0, #15
10008b16:	f7f9 fb63 	bl	100021e0 <irq_set_enabled>
10008b1a:	b007      	add	sp, #28
10008b1c:	bdf0      	pop	{r4, r5, r6, r7, pc}
10008b1e:	46c0      	nop			; (mov r8, r8)

10008b20 <multicore_launch_core1>:
10008b20:	4b0b      	ldr	r3, [pc, #44]	; (10008b50 <multicore_launch_core1+0x30>)
10008b22:	4a0c      	ldr	r2, [pc, #48]	; (10008b54 <multicore_launch_core1+0x34>)
10008b24:	b510      	push	{r4, lr}
10008b26:	4293      	cmp	r3, r2
10008b28:	d201      	bcs.n	10008b2e <multicore_launch_core1+0xe>
10008b2a:	2301      	movs	r3, #1
10008b2c:	425b      	negs	r3, r3
10008b2e:	4c0a      	ldr	r4, [pc, #40]	; (10008b58 <multicore_launch_core1+0x38>)
10008b30:	4a0a      	ldr	r2, [pc, #40]	; (10008b5c <multicore_launch_core1+0x3c>)
10008b32:	0019      	movs	r1, r3
10008b34:	6892      	ldr	r2, [r2, #8]
10008b36:	5118      	str	r0, [r3, r4]
10008b38:	20ff      	movs	r0, #255	; 0xff
10008b3a:	46a4      	mov	ip, r4
10008b3c:	00c0      	lsls	r0, r0, #3
10008b3e:	501b      	str	r3, [r3, r0]
10008b40:	4b07      	ldr	r3, [pc, #28]	; (10008b60 <multicore_launch_core1+0x40>)
10008b42:	4808      	ldr	r0, [pc, #32]	; (10008b64 <multicore_launch_core1+0x44>)
10008b44:	50c8      	str	r0, [r1, r3]
10008b46:	4808      	ldr	r0, [pc, #32]	; (10008b68 <multicore_launch_core1+0x48>)
10008b48:	4461      	add	r1, ip
10008b4a:	f7ff ffa7 	bl	10008a9c <multicore_launch_core1_raw>
10008b4e:	bd10      	pop	{r4, pc}
10008b50:	20040800 	.word	0x20040800
10008b54:	20040000 	.word	0x20040000
10008b58:	000007f4 	.word	0x000007f4
10008b5c:	e000ed00 	.word	0xe000ed00
10008b60:	000007fc 	.word	0x000007fc
10008b64:	10008a91 	.word	0x10008a91
10008b68:	10008a8d 	.word	0x10008a8d

10008b6c <adc_init>:
10008b6c:	2301      	movs	r3, #1
10008b6e:	2101      	movs	r1, #1
10008b70:	4a08      	ldr	r2, [pc, #32]	; (10008b94 <adc_init+0x28>)
10008b72:	6013      	str	r3, [r2, #0]
10008b74:	4a08      	ldr	r2, [pc, #32]	; (10008b98 <adc_init+0x2c>)
10008b76:	6013      	str	r3, [r2, #0]
10008b78:	4a08      	ldr	r2, [pc, #32]	; (10008b9c <adc_init+0x30>)
10008b7a:	0008      	movs	r0, r1
10008b7c:	6813      	ldr	r3, [r2, #0]
10008b7e:	4398      	bics	r0, r3
10008b80:	d1fb      	bne.n	10008b7a <adc_init+0xe>
10008b82:	4a07      	ldr	r2, [pc, #28]	; (10008ba0 <adc_init+0x34>)
10008b84:	6011      	str	r1, [r2, #0]
10008b86:	2180      	movs	r1, #128	; 0x80
10008b88:	0049      	lsls	r1, r1, #1
10008b8a:	6813      	ldr	r3, [r2, #0]
10008b8c:	420b      	tst	r3, r1
10008b8e:	d0fc      	beq.n	10008b8a <adc_init+0x1e>
10008b90:	4770      	bx	lr
10008b92:	46c0      	nop			; (mov r8, r8)
10008b94:	4000e000 	.word	0x4000e000
10008b98:	4000f000 	.word	0x4000f000
10008b9c:	4000c008 	.word	0x4000c008
10008ba0:	4004c000 	.word	0x4004c000

10008ba4 <i2c_write_blocking_internal>:
10008ba4:	b5f0      	push	{r4, r5, r6, r7, lr}
10008ba6:	4657      	mov	r7, sl
10008ba8:	464e      	mov	r6, r9
10008baa:	4645      	mov	r5, r8
10008bac:	46de      	mov	lr, fp
10008bae:	b5e0      	push	{r5, r6, r7, lr}
10008bb0:	b087      	sub	sp, #28
10008bb2:	0007      	movs	r7, r0
10008bb4:	9201      	str	r2, [sp, #4]
10008bb6:	9a12      	ldr	r2, [sp, #72]	; 0x48
10008bb8:	001c      	movs	r4, r3
10008bba:	4690      	mov	r8, r2
10008bbc:	2200      	movs	r2, #0
10008bbe:	9302      	str	r3, [sp, #8]
10008bc0:	ab10      	add	r3, sp, #64	; 0x40
10008bc2:	7818      	ldrb	r0, [r3, #0]
10008bc4:	683b      	ldr	r3, [r7, #0]
10008bc6:	9e11      	ldr	r6, [sp, #68]	; 0x44
10008bc8:	66da      	str	r2, [r3, #108]	; 0x6c
10008bca:	3201      	adds	r2, #1
10008bcc:	6059      	str	r1, [r3, #4]
10008bce:	9005      	str	r0, [sp, #20]
10008bd0:	66da      	str	r2, [r3, #108]	; 0x6c
10008bd2:	1e23      	subs	r3, r4, #0
10008bd4:	dc00      	bgt.n	10008bd8 <i2c_write_blocking_internal+0x34>
10008bd6:	e097      	b.n	10008d08 <i2c_write_blocking_internal+0x164>
10008bd8:	3b01      	subs	r3, #1
10008bda:	9300      	str	r3, [sp, #0]
10008bdc:	2301      	movs	r3, #1
10008bde:	4043      	eors	r3, r0
10008be0:	025b      	lsls	r3, r3, #9
10008be2:	9304      	str	r3, [sp, #16]
10008be4:	2300      	movs	r3, #0
10008be6:	469a      	mov	sl, r3
10008be8:	9303      	str	r3, [sp, #12]
10008bea:	3310      	adds	r3, #16
10008bec:	2400      	movs	r4, #0
10008bee:	4699      	mov	r9, r3
10008bf0:	2e00      	cmp	r6, #0
10008bf2:	d002      	beq.n	10008bfa <i2c_write_blocking_internal+0x56>
10008bf4:	2101      	movs	r1, #1
10008bf6:	4640      	mov	r0, r8
10008bf8:	47b0      	blx	r6
10008bfa:	4653      	mov	r3, sl
10008bfc:	2100      	movs	r1, #0
10008bfe:	2b00      	cmp	r3, #0
10008c00:	d103      	bne.n	10008c0a <i2c_write_blocking_internal+0x66>
10008c02:	793a      	ldrb	r2, [r7, #4]
10008c04:	1e53      	subs	r3, r2, #1
10008c06:	419a      	sbcs	r2, r3
10008c08:	0291      	lsls	r1, r2, #10
10008c0a:	9b00      	ldr	r3, [sp, #0]
10008c0c:	2000      	movs	r0, #0
10008c0e:	4553      	cmp	r3, sl
10008c10:	d05b      	beq.n	10008cca <i2c_write_blocking_internal+0x126>
10008c12:	4655      	mov	r5, sl
10008c14:	9a01      	ldr	r2, [sp, #4]
10008c16:	683b      	ldr	r3, [r7, #0]
10008c18:	5d52      	ldrb	r2, [r2, r5]
10008c1a:	2500      	movs	r5, #0
10008c1c:	430a      	orrs	r2, r1
10008c1e:	4302      	orrs	r2, r0
10008c20:	611a      	str	r2, [r3, #16]
10008c22:	2e00      	cmp	r6, #0
10008c24:	d030      	beq.n	10008c88 <i2c_write_blocking_internal+0xe4>
10008c26:	4644      	mov	r4, r8
10008c28:	e004      	b.n	10008c34 <i2c_write_blocking_internal+0x90>
10008c2a:	4649      	mov	r1, r9
10008c2c:	683b      	ldr	r3, [r7, #0]
10008c2e:	6b5a      	ldr	r2, [r3, #52]	; 0x34
10008c30:	4211      	tst	r1, r2
10008c32:	d11a      	bne.n	10008c6a <i2c_write_blocking_internal+0xc6>
10008c34:	2100      	movs	r1, #0
10008c36:	0020      	movs	r0, r4
10008c38:	47b0      	blx	r6
10008c3a:	4305      	orrs	r5, r0
10008c3c:	b2ed      	uxtb	r5, r5
10008c3e:	2800      	cmp	r0, #0
10008c40:	d0f3      	beq.n	10008c2a <i2c_write_blocking_internal+0x86>
10008c42:	46a0      	mov	r8, r4
10008c44:	0004      	movs	r4, r0
10008c46:	2d00      	cmp	r5, #0
10008c48:	d146      	bne.n	10008cd8 <i2c_write_blocking_internal+0x134>
10008c4a:	2301      	movs	r3, #1
10008c4c:	469c      	mov	ip, r3
10008c4e:	9b02      	ldr	r3, [sp, #8]
10008c50:	44e2      	add	sl, ip
10008c52:	4553      	cmp	r3, sl
10008c54:	d1cc      	bne.n	10008bf0 <i2c_write_blocking_internal+0x4c>
10008c56:	4650      	mov	r0, sl
10008c58:	9b05      	ldr	r3, [sp, #20]
10008c5a:	713b      	strb	r3, [r7, #4]
10008c5c:	b007      	add	sp, #28
10008c5e:	bcf0      	pop	{r4, r5, r6, r7}
10008c60:	46bb      	mov	fp, r7
10008c62:	46b2      	mov	sl, r6
10008c64:	46a9      	mov	r9, r5
10008c66:	46a0      	mov	r8, r4
10008c68:	bdf0      	pop	{r4, r5, r6, r7, pc}
10008c6a:	2280      	movs	r2, #128	; 0x80
10008c6c:	589a      	ldr	r2, [r3, r2]
10008c6e:	46a0      	mov	r8, r4
10008c70:	9203      	str	r2, [sp, #12]
10008c72:	2a00      	cmp	r2, #0
10008c74:	d113      	bne.n	10008c9e <i2c_write_blocking_internal+0xfa>
10008c76:	2d00      	cmp	r5, #0
10008c78:	d113      	bne.n	10008ca2 <i2c_write_blocking_internal+0xfe>
10008c7a:	9a00      	ldr	r2, [sp, #0]
10008c7c:	4552      	cmp	r2, sl
10008c7e:	d03e      	beq.n	10008cfe <i2c_write_blocking_internal+0x15a>
10008c80:	2300      	movs	r3, #0
10008c82:	2400      	movs	r4, #0
10008c84:	9303      	str	r3, [sp, #12]
10008c86:	e7e0      	b.n	10008c4a <i2c_write_blocking_internal+0xa6>
10008c88:	2c00      	cmp	r4, #0
10008c8a:	d1de      	bne.n	10008c4a <i2c_write_blocking_internal+0xa6>
10008c8c:	4649      	mov	r1, r9
10008c8e:	6b5a      	ldr	r2, [r3, #52]	; 0x34
10008c90:	4211      	tst	r1, r2
10008c92:	d0fb      	beq.n	10008c8c <i2c_write_blocking_internal+0xe8>
10008c94:	2280      	movs	r2, #128	; 0x80
10008c96:	589a      	ldr	r2, [r3, r2]
10008c98:	9203      	str	r2, [sp, #12]
10008c9a:	2a00      	cmp	r2, #0
10008c9c:	d0ed      	beq.n	10008c7a <i2c_write_blocking_internal+0xd6>
10008c9e:	2501      	movs	r5, #1
10008ca0:	6d5a      	ldr	r2, [r3, #84]	; 0x54
10008ca2:	2e00      	cmp	r6, #0
10008ca4:	d025      	beq.n	10008cf2 <i2c_write_blocking_internal+0x14e>
10008ca6:	2380      	movs	r3, #128	; 0x80
10008ca8:	009b      	lsls	r3, r3, #2
10008caa:	469b      	mov	fp, r3
10008cac:	4644      	mov	r4, r8
10008cae:	e004      	b.n	10008cba <i2c_write_blocking_internal+0x116>
10008cb0:	4659      	mov	r1, fp
10008cb2:	683b      	ldr	r3, [r7, #0]
10008cb4:	6b5a      	ldr	r2, [r3, #52]	; 0x34
10008cb6:	420a      	tst	r2, r1
10008cb8:	d109      	bne.n	10008cce <i2c_write_blocking_internal+0x12a>
10008cba:	2100      	movs	r1, #0
10008cbc:	0020      	movs	r0, r4
10008cbe:	47b0      	blx	r6
10008cc0:	4305      	orrs	r5, r0
10008cc2:	b2ed      	uxtb	r5, r5
10008cc4:	2800      	cmp	r0, #0
10008cc6:	d0f3      	beq.n	10008cb0 <i2c_write_blocking_internal+0x10c>
10008cc8:	e7bb      	b.n	10008c42 <i2c_write_blocking_internal+0x9e>
10008cca:	9804      	ldr	r0, [sp, #16]
10008ccc:	e7a1      	b.n	10008c12 <i2c_write_blocking_internal+0x6e>
10008cce:	46a0      	mov	r8, r4
10008cd0:	2400      	movs	r4, #0
10008cd2:	6e1b      	ldr	r3, [r3, #96]	; 0x60
10008cd4:	2d00      	cmp	r5, #0
10008cd6:	d0b8      	beq.n	10008c4a <i2c_write_blocking_internal+0xa6>
10008cd8:	2c00      	cmp	r4, #0
10008cda:	d118      	bne.n	10008d0e <i2c_write_blocking_internal+0x16a>
10008cdc:	9b03      	ldr	r3, [sp, #12]
10008cde:	2b00      	cmp	r3, #0
10008ce0:	d003      	beq.n	10008cea <i2c_write_blocking_internal+0x146>
10008ce2:	07da      	lsls	r2, r3, #31
10008ce4:	d401      	bmi.n	10008cea <i2c_write_blocking_internal+0x146>
10008ce6:	071b      	lsls	r3, r3, #28
10008ce8:	d4b5      	bmi.n	10008c56 <i2c_write_blocking_internal+0xb2>
10008cea:	2301      	movs	r3, #1
10008cec:	425b      	negs	r3, r3
10008cee:	469a      	mov	sl, r3
10008cf0:	e7b1      	b.n	10008c56 <i2c_write_blocking_internal+0xb2>
10008cf2:	2180      	movs	r1, #128	; 0x80
10008cf4:	0089      	lsls	r1, r1, #2
10008cf6:	6b5a      	ldr	r2, [r3, #52]	; 0x34
10008cf8:	420a      	tst	r2, r1
10008cfa:	d0fc      	beq.n	10008cf6 <i2c_write_blocking_internal+0x152>
10008cfc:	e7e8      	b.n	10008cd0 <i2c_write_blocking_internal+0x12c>
10008cfe:	9a05      	ldr	r2, [sp, #20]
10008d00:	2a00      	cmp	r2, #0
10008d02:	d1bd      	bne.n	10008c80 <i2c_write_blocking_internal+0xdc>
10008d04:	2500      	movs	r5, #0
10008d06:	e7cc      	b.n	10008ca2 <i2c_write_blocking_internal+0xfe>
10008d08:	2300      	movs	r3, #0
10008d0a:	469a      	mov	sl, r3
10008d0c:	e7a3      	b.n	10008c56 <i2c_write_blocking_internal+0xb2>
10008d0e:	2302      	movs	r3, #2
10008d10:	425b      	negs	r3, r3
10008d12:	469a      	mov	sl, r3
10008d14:	e79f      	b.n	10008c56 <i2c_write_blocking_internal+0xb2>
10008d16:	46c0      	nop			; (mov r8, r8)

10008d18 <i2c_read_blocking_internal>:
10008d18:	b5f0      	push	{r4, r5, r6, r7, lr}
10008d1a:	4657      	mov	r7, sl
10008d1c:	464e      	mov	r6, r9
10008d1e:	4645      	mov	r5, r8
10008d20:	46de      	mov	lr, fp
10008d22:	b5e0      	push	{r5, r6, r7, lr}
10008d24:	0006      	movs	r6, r0
10008d26:	b085      	sub	sp, #20
10008d28:	9201      	str	r2, [sp, #4]
10008d2a:	2200      	movs	r2, #0
10008d2c:	469a      	mov	sl, r3
10008d2e:	ab0e      	add	r3, sp, #56	; 0x38
10008d30:	7818      	ldrb	r0, [r3, #0]
10008d32:	6833      	ldr	r3, [r6, #0]
10008d34:	9c0f      	ldr	r4, [sp, #60]	; 0x3c
10008d36:	66da      	str	r2, [r3, #108]	; 0x6c
10008d38:	3201      	adds	r2, #1
10008d3a:	6059      	str	r1, [r3, #4]
10008d3c:	66da      	str	r2, [r3, #108]	; 0x6c
10008d3e:	4653      	mov	r3, sl
10008d40:	9d10      	ldr	r5, [sp, #64]	; 0x40
10008d42:	9003      	str	r0, [sp, #12]
10008d44:	2b00      	cmp	r3, #0
10008d46:	dd68      	ble.n	10008e1a <i2c_read_blocking_internal+0x102>
10008d48:	2301      	movs	r3, #1
10008d4a:	2700      	movs	r7, #0
10008d4c:	425b      	negs	r3, r3
10008d4e:	4453      	add	r3, sl
10008d50:	469b      	mov	fp, r3
10008d52:	2301      	movs	r3, #1
10008d54:	46a9      	mov	r9, r5
10008d56:	46b8      	mov	r8, r7
10008d58:	0025      	movs	r5, r4
10008d5a:	4043      	eors	r3, r0
10008d5c:	025b      	lsls	r3, r3, #9
10008d5e:	9302      	str	r3, [sp, #8]
10008d60:	2d00      	cmp	r5, #0
10008d62:	d002      	beq.n	10008d6a <i2c_read_blocking_internal+0x52>
10008d64:	2101      	movs	r1, #1
10008d66:	4648      	mov	r0, r9
10008d68:	47a8      	blx	r5
10008d6a:	6833      	ldr	r3, [r6, #0]
10008d6c:	6f5a      	ldr	r2, [r3, #116]	; 0x74
10008d6e:	2a10      	cmp	r2, #16
10008d70:	d0fc      	beq.n	10008d6c <i2c_read_blocking_internal+0x54>
10008d72:	4642      	mov	r2, r8
10008d74:	2a00      	cmp	r2, #0
10008d76:	d03d      	beq.n	10008df4 <i2c_read_blocking_internal+0xdc>
10008d78:	2280      	movs	r2, #128	; 0x80
10008d7a:	2100      	movs	r1, #0
10008d7c:	0052      	lsls	r2, r2, #1
10008d7e:	45d8      	cmp	r8, fp
10008d80:	d041      	beq.n	10008e06 <i2c_read_blocking_internal+0xee>
10008d82:	611a      	str	r2, [r3, #16]
10008d84:	2d00      	cmp	r5, #0
10008d86:	d02b      	beq.n	10008de0 <i2c_read_blocking_internal+0xc8>
10008d88:	2480      	movs	r4, #128	; 0x80
10008d8a:	2740      	movs	r7, #64	; 0x40
10008d8c:	591a      	ldr	r2, [r3, r4]
10008d8e:	6b5a      	ldr	r2, [r3, #52]	; 0x34
10008d90:	4217      	tst	r7, r2
10008d92:	d011      	beq.n	10008db8 <i2c_read_blocking_internal+0xa0>
10008d94:	2100      	movs	r1, #0
10008d96:	4648      	mov	r0, r9
10008d98:	6d5b      	ldr	r3, [r3, #84]	; 0x54
10008d9a:	47a8      	blx	r5
10008d9c:	2800      	cmp	r0, #0
10008d9e:	d026      	beq.n	10008dee <i2c_read_blocking_internal+0xd6>
10008da0:	2702      	movs	r7, #2
10008da2:	427f      	negs	r7, r7
10008da4:	0038      	movs	r0, r7
10008da6:	9b03      	ldr	r3, [sp, #12]
10008da8:	7133      	strb	r3, [r6, #4]
10008daa:	b005      	add	sp, #20
10008dac:	bcf0      	pop	{r4, r5, r6, r7}
10008dae:	46bb      	mov	fp, r7
10008db0:	46b2      	mov	sl, r6
10008db2:	46a9      	mov	r9, r5
10008db4:	46a0      	mov	r8, r4
10008db6:	bdf0      	pop	{r4, r5, r6, r7, pc}
10008db8:	2100      	movs	r1, #0
10008dba:	4648      	mov	r0, r9
10008dbc:	47a8      	blx	r5
10008dbe:	2800      	cmp	r0, #0
10008dc0:	d1ee      	bne.n	10008da0 <i2c_read_blocking_internal+0x88>
10008dc2:	6833      	ldr	r3, [r6, #0]
10008dc4:	6f9a      	ldr	r2, [r3, #120]	; 0x78
10008dc6:	2a00      	cmp	r2, #0
10008dc8:	d0e0      	beq.n	10008d8c <i2c_read_blocking_internal+0x74>
10008dca:	4641      	mov	r1, r8
10008dcc:	691b      	ldr	r3, [r3, #16]
10008dce:	9a01      	ldr	r2, [sp, #4]
10008dd0:	5453      	strb	r3, [r2, r1]
10008dd2:	2301      	movs	r3, #1
10008dd4:	469c      	mov	ip, r3
10008dd6:	44e0      	add	r8, ip
10008dd8:	45c2      	cmp	sl, r8
10008dda:	d1c1      	bne.n	10008d60 <i2c_read_blocking_internal+0x48>
10008ddc:	4647      	mov	r7, r8
10008dde:	e7e1      	b.n	10008da4 <i2c_read_blocking_internal+0x8c>
10008de0:	2080      	movs	r0, #128	; 0x80
10008de2:	2140      	movs	r1, #64	; 0x40
10008de4:	581a      	ldr	r2, [r3, r0]
10008de6:	6b5a      	ldr	r2, [r3, #52]	; 0x34
10008de8:	4211      	tst	r1, r2
10008dea:	d012      	beq.n	10008e12 <i2c_read_blocking_internal+0xfa>
10008dec:	6d5b      	ldr	r3, [r3, #84]	; 0x54
10008dee:	2701      	movs	r7, #1
10008df0:	427f      	negs	r7, r7
10008df2:	e7d7      	b.n	10008da4 <i2c_read_blocking_internal+0x8c>
10008df4:	7932      	ldrb	r2, [r6, #4]
10008df6:	2a00      	cmp	r2, #0
10008df8:	d0be      	beq.n	10008d78 <i2c_read_blocking_internal+0x60>
10008dfa:	22a0      	movs	r2, #160	; 0xa0
10008dfc:	2180      	movs	r1, #128	; 0x80
10008dfe:	00d2      	lsls	r2, r2, #3
10008e00:	00c9      	lsls	r1, r1, #3
10008e02:	45d8      	cmp	r8, fp
10008e04:	d1bd      	bne.n	10008d82 <i2c_read_blocking_internal+0x6a>
10008e06:	9a02      	ldr	r2, [sp, #8]
10008e08:	430a      	orrs	r2, r1
10008e0a:	2180      	movs	r1, #128	; 0x80
10008e0c:	0049      	lsls	r1, r1, #1
10008e0e:	430a      	orrs	r2, r1
10008e10:	e7b7      	b.n	10008d82 <i2c_read_blocking_internal+0x6a>
10008e12:	6f9a      	ldr	r2, [r3, #120]	; 0x78
10008e14:	2a00      	cmp	r2, #0
10008e16:	d0e5      	beq.n	10008de4 <i2c_read_blocking_internal+0xcc>
10008e18:	e7d7      	b.n	10008dca <i2c_read_blocking_internal+0xb2>
10008e1a:	2700      	movs	r7, #0
10008e1c:	e7c2      	b.n	10008da4 <i2c_read_blocking_internal+0x8c>
10008e1e:	46c0      	nop			; (mov r8, r8)

10008e20 <i2c_deinit>:
10008e20:	4b05      	ldr	r3, [pc, #20]	; (10008e38 <i2c_deinit+0x18>)
10008e22:	1ac0      	subs	r0, r0, r3
10008e24:	4243      	negs	r3, r0
10008e26:	4158      	adcs	r0, r3
10008e28:	2307      	movs	r3, #7
10008e2a:	4240      	negs	r0, r0
10008e2c:	4398      	bics	r0, r3
10008e2e:	4b03      	ldr	r3, [pc, #12]	; (10008e3c <i2c_deinit+0x1c>)
10008e30:	3010      	adds	r0, #16
10008e32:	6018      	str	r0, [r3, #0]
10008e34:	4770      	bx	lr
10008e36:	46c0      	nop			; (mov r8, r8)
10008e38:	20001218 	.word	0x20001218
10008e3c:	4000e000 	.word	0x4000e000

10008e40 <i2c_set_baudrate>:
10008e40:	b5f8      	push	{r3, r4, r5, r6, r7, lr}
10008e42:	46de      	mov	lr, fp
10008e44:	4657      	mov	r7, sl
10008e46:	464e      	mov	r6, r9
10008e48:	4645      	mov	r5, r8
10008e4a:	4683      	mov	fp, r0
10008e4c:	b5e0      	push	{r5, r6, r7, lr}
10008e4e:	2005      	movs	r0, #5
10008e50:	000c      	movs	r4, r1
10008e52:	f7fa f95f 	bl	10003114 <clock_get_hz>
10008e56:	0006      	movs	r6, r0
10008e58:	0860      	lsrs	r0, r4, #1
10008e5a:	0021      	movs	r1, r4
10008e5c:	1980      	adds	r0, r0, r6
10008e5e:	f7fa fdc9 	bl	100039f4 <__wrap___aeabi_uidiv>
10008e62:	0043      	lsls	r3, r0, #1
10008e64:	4698      	mov	r8, r3
10008e66:	4480      	add	r8, r0
10008e68:	0007      	movs	r7, r0
10008e6a:	2105      	movs	r1, #5
10008e6c:	4640      	mov	r0, r8
10008e6e:	f7fa fdc1 	bl	100039f4 <__wrap___aeabi_uidiv>
10008e72:	1a3b      	subs	r3, r7, r0
10008e74:	469a      	mov	sl, r3
10008e76:	4b1e      	ldr	r3, [pc, #120]	; (10008ef0 <i2c_set_baudrate+0xb0>)
10008e78:	4681      	mov	r9, r0
10008e7a:	0070      	lsls	r0, r6, #1
10008e7c:	1980      	adds	r0, r0, r6
10008e7e:	429c      	cmp	r4, r3
10008e80:	d831      	bhi.n	10008ee6 <i2c_set_baudrate+0xa6>
10008e82:	491c      	ldr	r1, [pc, #112]	; (10008ef4 <i2c_set_baudrate+0xb4>)
10008e84:	f7fa fdb6 	bl	100039f4 <__wrap___aeabi_uidiv>
10008e88:	1c45      	adds	r5, r0, #1
10008e8a:	465b      	mov	r3, fp
10008e8c:	681c      	ldr	r4, [r3, #0]
10008e8e:	2300      	movs	r3, #0
10008e90:	2204      	movs	r2, #4
10008e92:	66e3      	str	r3, [r4, #108]	; 0x6c
10008e94:	6823      	ldr	r3, [r4, #0]
10008e96:	2001      	movs	r0, #1
10008e98:	405a      	eors	r2, r3
10008e9a:	2306      	movs	r3, #6
10008e9c:	4013      	ands	r3, r2
10008e9e:	2280      	movs	r2, #128	; 0x80
10008ea0:	0152      	lsls	r2, r2, #5
10008ea2:	18a2      	adds	r2, r4, r2
10008ea4:	6013      	str	r3, [r2, #0]
10008ea6:	4653      	mov	r3, sl
10008ea8:	61e3      	str	r3, [r4, #28]
10008eaa:	464b      	mov	r3, r9
10008eac:	6223      	str	r3, [r4, #32]
10008eae:	4643      	mov	r3, r8
10008eb0:	2b4f      	cmp	r3, #79	; 0x4f
10008eb2:	d903      	bls.n	10008ebc <i2c_set_baudrate+0x7c>
10008eb4:	2150      	movs	r1, #80	; 0x50
10008eb6:	4640      	mov	r0, r8
10008eb8:	f7fa fd9c 	bl	100039f4 <__wrap___aeabi_uidiv>
10008ebc:	23a0      	movs	r3, #160	; 0xa0
10008ebe:	50e0      	str	r0, [r4, r3]
10008ec0:	6fe0      	ldr	r0, [r4, #124]	; 0x7c
10008ec2:	4b0d      	ldr	r3, [pc, #52]	; (10008ef8 <i2c_set_baudrate+0xb8>)
10008ec4:	4045      	eors	r5, r0
10008ec6:	042d      	lsls	r5, r5, #16
10008ec8:	0c2d      	lsrs	r5, r5, #16
10008eca:	18e3      	adds	r3, r4, r3
10008ecc:	601d      	str	r5, [r3, #0]
10008ece:	2301      	movs	r3, #1
10008ed0:	0039      	movs	r1, r7
10008ed2:	0030      	movs	r0, r6
10008ed4:	66e3      	str	r3, [r4, #108]	; 0x6c
10008ed6:	f7fa fd8d 	bl	100039f4 <__wrap___aeabi_uidiv>
10008eda:	bcf0      	pop	{r4, r5, r6, r7}
10008edc:	46bb      	mov	fp, r7
10008ede:	46b2      	mov	sl, r6
10008ee0:	46a9      	mov	r9, r5
10008ee2:	46a0      	mov	r8, r4
10008ee4:	bdf8      	pop	{r3, r4, r5, r6, r7, pc}
10008ee6:	4905      	ldr	r1, [pc, #20]	; (10008efc <i2c_set_baudrate+0xbc>)
10008ee8:	f7fa fd84 	bl	100039f4 <__wrap___aeabi_uidiv>
10008eec:	1c45      	adds	r5, r0, #1
10008eee:	e7cc      	b.n	10008e8a <i2c_set_baudrate+0x4a>
10008ef0:	000f423f 	.word	0x000f423f
10008ef4:	00989680 	.word	0x00989680
10008ef8:	0000107c 	.word	0x0000107c
10008efc:	017d7840 	.word	0x017d7840

10008f00 <i2c_init>:
10008f00:	4a10      	ldr	r2, [pc, #64]	; (10008f44 <i2c_init+0x44>)
10008f02:	b570      	push	{r4, r5, r6, lr}
10008f04:	1a82      	subs	r2, r0, r2
10008f06:	4253      	negs	r3, r2
10008f08:	415a      	adcs	r2, r3
10008f0a:	2307      	movs	r3, #7
10008f0c:	4252      	negs	r2, r2
10008f0e:	439a      	bics	r2, r3
10008f10:	4b0d      	ldr	r3, [pc, #52]	; (10008f48 <i2c_init+0x48>)
10008f12:	3210      	adds	r2, #16
10008f14:	601a      	str	r2, [r3, #0]
10008f16:	4b0d      	ldr	r3, [pc, #52]	; (10008f4c <i2c_init+0x4c>)
10008f18:	4c0d      	ldr	r4, [pc, #52]	; (10008f50 <i2c_init+0x50>)
10008f1a:	601a      	str	r2, [r3, #0]
10008f1c:	0015      	movs	r5, r2
10008f1e:	6823      	ldr	r3, [r4, #0]
10008f20:	439d      	bics	r5, r3
10008f22:	1e2b      	subs	r3, r5, #0
10008f24:	d1fa      	bne.n	10008f1c <i2c_init+0x1c>
10008f26:	2466      	movs	r4, #102	; 0x66
10008f28:	6802      	ldr	r2, [r0, #0]
10008f2a:	34ff      	adds	r4, #255	; 0xff
10008f2c:	7105      	strb	r5, [r0, #4]
10008f2e:	66d5      	str	r5, [r2, #108]	; 0x6c
10008f30:	6014      	str	r4, [r2, #0]
10008f32:	3c63      	subs	r4, #99	; 0x63
10008f34:	3388      	adds	r3, #136	; 0x88
10008f36:	3cff      	subs	r4, #255	; 0xff
10008f38:	63d5      	str	r5, [r2, #60]	; 0x3c
10008f3a:	6395      	str	r5, [r2, #56]	; 0x38
10008f3c:	50d4      	str	r4, [r2, r3]
10008f3e:	f7ff ff7f 	bl	10008e40 <i2c_set_baudrate>
10008f42:	bd70      	pop	{r4, r5, r6, pc}
10008f44:	20001218 	.word	0x20001218
10008f48:	4000e000 	.word	0x4000e000
10008f4c:	4000f000 	.word	0x4000f000
10008f50:	4000c008 	.word	0x4000c008

10008f54 <i2c_write_blocking_until>:
10008f54:	b5f0      	push	{r4, r5, r6, r7, lr}
10008f56:	46ce      	mov	lr, r9
10008f58:	4647      	mov	r7, r8
10008f5a:	b580      	push	{r7, lr}
10008f5c:	b089      	sub	sp, #36	; 0x24
10008f5e:	001f      	movs	r7, r3
10008f60:	ab10      	add	r3, sp, #64	; 0x40
10008f62:	781b      	ldrb	r3, [r3, #0]
10008f64:	0004      	movs	r4, r0
10008f66:	4699      	mov	r9, r3
10008f68:	ab04      	add	r3, sp, #16
10008f6a:	4698      	mov	r8, r3
10008f6c:	0016      	movs	r6, r2
10008f6e:	9a12      	ldr	r2, [sp, #72]	; 0x48
10008f70:	9b13      	ldr	r3, [sp, #76]	; 0x4c
10008f72:	4640      	mov	r0, r8
10008f74:	000d      	movs	r5, r1
10008f76:	f7f9 ff83 	bl	10002e80 <init_single_timeout_until>
10008f7a:	4643      	mov	r3, r8
10008f7c:	9302      	str	r3, [sp, #8]
10008f7e:	464b      	mov	r3, r9
10008f80:	9001      	str	r0, [sp, #4]
10008f82:	9300      	str	r3, [sp, #0]
10008f84:	0032      	movs	r2, r6
10008f86:	003b      	movs	r3, r7
10008f88:	0029      	movs	r1, r5
10008f8a:	0020      	movs	r0, r4
10008f8c:	f7ff fe0a 	bl	10008ba4 <i2c_write_blocking_internal>
10008f90:	b009      	add	sp, #36	; 0x24
10008f92:	bcc0      	pop	{r6, r7}
10008f94:	46b9      	mov	r9, r7
10008f96:	46b0      	mov	r8, r6
10008f98:	bdf0      	pop	{r4, r5, r6, r7, pc}
10008f9a:	46c0      	nop			; (mov r8, r8)

10008f9c <i2c_read_blocking_until>:
10008f9c:	b5f0      	push	{r4, r5, r6, r7, lr}
10008f9e:	46ce      	mov	lr, r9
10008fa0:	4647      	mov	r7, r8
10008fa2:	b580      	push	{r7, lr}
10008fa4:	b089      	sub	sp, #36	; 0x24
10008fa6:	001f      	movs	r7, r3
10008fa8:	ab10      	add	r3, sp, #64	; 0x40
10008faa:	781b      	ldrb	r3, [r3, #0]
10008fac:	0004      	movs	r4, r0
10008fae:	4699      	mov	r9, r3
10008fb0:	ab04      	add	r3, sp, #16
10008fb2:	4698      	mov	r8, r3
10008fb4:	0016      	movs	r6, r2
10008fb6:	9a12      	ldr	r2, [sp, #72]	; 0x48
10008fb8:	9b13      	ldr	r3, [sp, #76]	; 0x4c
10008fba:	4640      	mov	r0, r8
10008fbc:	000d      	movs	r5, r1
10008fbe:	f7f9 ff5f 	bl	10002e80 <init_single_timeout_until>
10008fc2:	4643      	mov	r3, r8
10008fc4:	9302      	str	r3, [sp, #8]
10008fc6:	464b      	mov	r3, r9
10008fc8:	9001      	str	r0, [sp, #4]
10008fca:	9300      	str	r3, [sp, #0]
10008fcc:	0032      	movs	r2, r6
10008fce:	003b      	movs	r3, r7
10008fd0:	0029      	movs	r1, r5
10008fd2:	0020      	movs	r0, r4
10008fd4:	f7ff fea0 	bl	10008d18 <i2c_read_blocking_internal>
10008fd8:	b009      	add	sp, #36	; 0x24
10008fda:	bcc0      	pop	{r6, r7}
10008fdc:	46b9      	mov	r9, r7
10008fde:	46b0      	mov	r8, r6
10008fe0:	bdf0      	pop	{r4, r5, r6, r7, pc}
10008fe2:	46c0      	nop			; (mov r8, r8)

10008fe4 <atoi>:
10008fe4:	b510      	push	{r4, lr}
10008fe6:	220a      	movs	r2, #10
10008fe8:	2100      	movs	r1, #0
10008fea:	f000 fa43 	bl	10009474 <strtol>
10008fee:	bd10      	pop	{r4, pc}

10008ff0 <_atoi_r>:
10008ff0:	b510      	push	{r4, lr}
10008ff2:	230a      	movs	r3, #10
10008ff4:	2200      	movs	r2, #0
10008ff6:	f000 fa19 	bl	1000942c <_strtol_r>
10008ffa:	bd10      	pop	{r4, pc}

10008ffc <memmove>:
10008ffc:	b5f0      	push	{r4, r5, r6, r7, lr}
10008ffe:	4288      	cmp	r0, r1
10009000:	d90a      	bls.n	10009018 <memmove+0x1c>
10009002:	188b      	adds	r3, r1, r2
10009004:	4298      	cmp	r0, r3
10009006:	d207      	bcs.n	10009018 <memmove+0x1c>
10009008:	1e53      	subs	r3, r2, #1
1000900a:	2a00      	cmp	r2, #0
1000900c:	d003      	beq.n	10009016 <memmove+0x1a>
1000900e:	5cca      	ldrb	r2, [r1, r3]
10009010:	54c2      	strb	r2, [r0, r3]
10009012:	3b01      	subs	r3, #1
10009014:	d2fb      	bcs.n	1000900e <memmove+0x12>
10009016:	bdf0      	pop	{r4, r5, r6, r7, pc}
10009018:	2a0f      	cmp	r2, #15
1000901a:	d80b      	bhi.n	10009034 <memmove+0x38>
1000901c:	0005      	movs	r5, r0
1000901e:	1e56      	subs	r6, r2, #1
10009020:	2a00      	cmp	r2, #0
10009022:	d0f8      	beq.n	10009016 <memmove+0x1a>
10009024:	2300      	movs	r3, #0
10009026:	5ccc      	ldrb	r4, [r1, r3]
10009028:	001a      	movs	r2, r3
1000902a:	54ec      	strb	r4, [r5, r3]
1000902c:	3301      	adds	r3, #1
1000902e:	4296      	cmp	r6, r2
10009030:	d1f9      	bne.n	10009026 <memmove+0x2a>
10009032:	e7f0      	b.n	10009016 <memmove+0x1a>
10009034:	2703      	movs	r7, #3
10009036:	000d      	movs	r5, r1
10009038:	003e      	movs	r6, r7
1000903a:	4305      	orrs	r5, r0
1000903c:	000c      	movs	r4, r1
1000903e:	0003      	movs	r3, r0
10009040:	402e      	ands	r6, r5
10009042:	422f      	tst	r7, r5
10009044:	d12b      	bne.n	1000909e <memmove+0xa2>
10009046:	0015      	movs	r5, r2
10009048:	3d10      	subs	r5, #16
1000904a:	092d      	lsrs	r5, r5, #4
1000904c:	46ac      	mov	ip, r5
1000904e:	012f      	lsls	r7, r5, #4
10009050:	183f      	adds	r7, r7, r0
10009052:	6825      	ldr	r5, [r4, #0]
10009054:	601d      	str	r5, [r3, #0]
10009056:	6865      	ldr	r5, [r4, #4]
10009058:	605d      	str	r5, [r3, #4]
1000905a:	68a5      	ldr	r5, [r4, #8]
1000905c:	609d      	str	r5, [r3, #8]
1000905e:	68e5      	ldr	r5, [r4, #12]
10009060:	3410      	adds	r4, #16
10009062:	60dd      	str	r5, [r3, #12]
10009064:	001d      	movs	r5, r3
10009066:	3310      	adds	r3, #16
10009068:	42bd      	cmp	r5, r7
1000906a:	d1f2      	bne.n	10009052 <memmove+0x56>
1000906c:	4665      	mov	r5, ip
1000906e:	230f      	movs	r3, #15
10009070:	240c      	movs	r4, #12
10009072:	3501      	adds	r5, #1
10009074:	012d      	lsls	r5, r5, #4
10009076:	1949      	adds	r1, r1, r5
10009078:	4013      	ands	r3, r2
1000907a:	1945      	adds	r5, r0, r5
1000907c:	4214      	tst	r4, r2
1000907e:	d011      	beq.n	100090a4 <memmove+0xa8>
10009080:	598c      	ldr	r4, [r1, r6]
10009082:	51ac      	str	r4, [r5, r6]
10009084:	3604      	adds	r6, #4
10009086:	1b9c      	subs	r4, r3, r6
10009088:	2c03      	cmp	r4, #3
1000908a:	d8f9      	bhi.n	10009080 <memmove+0x84>
1000908c:	3b04      	subs	r3, #4
1000908e:	089b      	lsrs	r3, r3, #2
10009090:	3301      	adds	r3, #1
10009092:	009b      	lsls	r3, r3, #2
10009094:	18ed      	adds	r5, r5, r3
10009096:	18c9      	adds	r1, r1, r3
10009098:	2303      	movs	r3, #3
1000909a:	401a      	ands	r2, r3
1000909c:	e7bf      	b.n	1000901e <memmove+0x22>
1000909e:	0005      	movs	r5, r0
100090a0:	1e56      	subs	r6, r2, #1
100090a2:	e7bf      	b.n	10009024 <memmove+0x28>
100090a4:	001a      	movs	r2, r3
100090a6:	e7ba      	b.n	1000901e <memmove+0x22>

100090a8 <strcmp>:
100090a8:	4602      	mov	r2, r0
100090aa:	b570      	push	{r4, r5, r6, lr}
100090ac:	430a      	orrs	r2, r1
100090ae:	0792      	lsls	r2, r2, #30
100090b0:	d12a      	bne.n	10009108 <strcmp+0x60>
100090b2:	4d1e      	ldr	r5, [pc, #120]	; (1000912c <strcmp+0x84>)
100090b4:	01ee      	lsls	r6, r5, #7
100090b6:	c804      	ldmia	r0!, {r2}
100090b8:	c908      	ldmia	r1!, {r3}
100090ba:	1b54      	subs	r4, r2, r5
100090bc:	4394      	bics	r4, r2
100090be:	4034      	ands	r4, r6
100090c0:	d017      	beq.n	100090f2 <strcmp+0x4a>
100090c2:	b2d0      	uxtb	r0, r2
100090c4:	b2d9      	uxtb	r1, r3
100090c6:	1a40      	subs	r0, r0, r1
100090c8:	0621      	lsls	r1, r4, #24
100090ca:	4301      	orrs	r1, r0
100090cc:	d110      	bne.n	100090f0 <strcmp+0x48>
100090ce:	b290      	uxth	r0, r2
100090d0:	b299      	uxth	r1, r3
100090d2:	1a40      	subs	r0, r0, r1
100090d4:	0421      	lsls	r1, r4, #16
100090d6:	4301      	orrs	r1, r0
100090d8:	d10a      	bne.n	100090f0 <strcmp+0x48>
100090da:	0210      	lsls	r0, r2, #8
100090dc:	0219      	lsls	r1, r3, #8
100090de:	0a00      	lsrs	r0, r0, #8
100090e0:	0a09      	lsrs	r1, r1, #8
100090e2:	1a40      	subs	r0, r0, r1
100090e4:	0221      	lsls	r1, r4, #8
100090e6:	4301      	orrs	r1, r0
100090e8:	d102      	bne.n	100090f0 <strcmp+0x48>
100090ea:	0e10      	lsrs	r0, r2, #24
100090ec:	0e19      	lsrs	r1, r3, #24
100090ee:	1a40      	subs	r0, r0, r1
100090f0:	bd70      	pop	{r4, r5, r6, pc}
100090f2:	429a      	cmp	r2, r3
100090f4:	d0df      	beq.n	100090b6 <strcmp+0xe>
100090f6:	ba10      	rev	r0, r2
100090f8:	ba19      	rev	r1, r3
100090fa:	4288      	cmp	r0, r1
100090fc:	d901      	bls.n	10009102 <strcmp+0x5a>
100090fe:	2001      	movs	r0, #1
10009100:	bd70      	pop	{r4, r5, r6, pc}
10009102:	2000      	movs	r0, #0
10009104:	43c0      	mvns	r0, r0
10009106:	bd70      	pop	{r4, r5, r6, pc}
10009108:	7802      	ldrb	r2, [r0, #0]
1000910a:	780b      	ldrb	r3, [r1, #0]
1000910c:	3001      	adds	r0, #1
1000910e:	3101      	adds	r1, #1
10009110:	2a00      	cmp	r2, #0
10009112:	d009      	beq.n	10009128 <strcmp+0x80>
10009114:	429a      	cmp	r2, r3
10009116:	d107      	bne.n	10009128 <strcmp+0x80>
10009118:	7802      	ldrb	r2, [r0, #0]
1000911a:	780b      	ldrb	r3, [r1, #0]
1000911c:	3001      	adds	r0, #1
1000911e:	3101      	adds	r1, #1
10009120:	2a00      	cmp	r2, #0
10009122:	d001      	beq.n	10009128 <strcmp+0x80>
10009124:	429a      	cmp	r2, r3
10009126:	d0ef      	beq.n	10009108 <strcmp+0x60>
10009128:	1ad0      	subs	r0, r2, r3
1000912a:	bd70      	pop	{r4, r5, r6, pc}
1000912c:	01010101 	.word	0x01010101

10009130 <strlen>:
10009130:	b510      	push	{r4, lr}
10009132:	0783      	lsls	r3, r0, #30
10009134:	d00a      	beq.n	1000914c <strlen+0x1c>
10009136:	0003      	movs	r3, r0
10009138:	2103      	movs	r1, #3
1000913a:	e002      	b.n	10009142 <strlen+0x12>
1000913c:	3301      	adds	r3, #1
1000913e:	420b      	tst	r3, r1
10009140:	d005      	beq.n	1000914e <strlen+0x1e>
10009142:	781a      	ldrb	r2, [r3, #0]
10009144:	2a00      	cmp	r2, #0
10009146:	d1f9      	bne.n	1000913c <strlen+0xc>
10009148:	1a18      	subs	r0, r3, r0
1000914a:	bd10      	pop	{r4, pc}
1000914c:	0003      	movs	r3, r0
1000914e:	6819      	ldr	r1, [r3, #0]
10009150:	4a0c      	ldr	r2, [pc, #48]	; (10009184 <strlen+0x54>)
10009152:	4c0d      	ldr	r4, [pc, #52]	; (10009188 <strlen+0x58>)
10009154:	188a      	adds	r2, r1, r2
10009156:	438a      	bics	r2, r1
10009158:	4222      	tst	r2, r4
1000915a:	d10f      	bne.n	1000917c <strlen+0x4c>
1000915c:	6859      	ldr	r1, [r3, #4]
1000915e:	4a09      	ldr	r2, [pc, #36]	; (10009184 <strlen+0x54>)
10009160:	3304      	adds	r3, #4
10009162:	188a      	adds	r2, r1, r2
10009164:	438a      	bics	r2, r1
10009166:	4222      	tst	r2, r4
10009168:	d108      	bne.n	1000917c <strlen+0x4c>
1000916a:	6859      	ldr	r1, [r3, #4]
1000916c:	4a05      	ldr	r2, [pc, #20]	; (10009184 <strlen+0x54>)
1000916e:	3304      	adds	r3, #4
10009170:	188a      	adds	r2, r1, r2
10009172:	438a      	bics	r2, r1
10009174:	4222      	tst	r2, r4
10009176:	d0f1      	beq.n	1000915c <strlen+0x2c>
10009178:	e000      	b.n	1000917c <strlen+0x4c>
1000917a:	3301      	adds	r3, #1
1000917c:	781a      	ldrb	r2, [r3, #0]
1000917e:	2a00      	cmp	r2, #0
10009180:	d1fb      	bne.n	1000917a <strlen+0x4a>
10009182:	e7e1      	b.n	10009148 <strlen+0x18>
10009184:	fefefeff 	.word	0xfefefeff
10009188:	80808080 	.word	0x80808080

1000918c <strncat>:
1000918c:	b5f0      	push	{r4, r5, r6, r7, lr}
1000918e:	0004      	movs	r4, r0
10009190:	0783      	lsls	r3, r0, #30
10009192:	d116      	bne.n	100091c2 <strncat+0x36>
10009194:	6805      	ldr	r5, [r0, #0]
10009196:	4b14      	ldr	r3, [pc, #80]	; (100091e8 <strncat+0x5c>)
10009198:	4e14      	ldr	r6, [pc, #80]	; (100091ec <strncat+0x60>)
1000919a:	18eb      	adds	r3, r5, r3
1000919c:	43ab      	bics	r3, r5
1000919e:	4233      	tst	r3, r6
100091a0:	d10f      	bne.n	100091c2 <strncat+0x36>
100091a2:	6865      	ldr	r5, [r4, #4]
100091a4:	4b10      	ldr	r3, [pc, #64]	; (100091e8 <strncat+0x5c>)
100091a6:	3404      	adds	r4, #4
100091a8:	18eb      	adds	r3, r5, r3
100091aa:	43ab      	bics	r3, r5
100091ac:	4233      	tst	r3, r6
100091ae:	d108      	bne.n	100091c2 <strncat+0x36>
100091b0:	6865      	ldr	r5, [r4, #4]
100091b2:	4b0d      	ldr	r3, [pc, #52]	; (100091e8 <strncat+0x5c>)
100091b4:	3404      	adds	r4, #4
100091b6:	18eb      	adds	r3, r5, r3
100091b8:	43ab      	bics	r3, r5
100091ba:	4233      	tst	r3, r6
100091bc:	d0f1      	beq.n	100091a2 <strncat+0x16>
100091be:	e000      	b.n	100091c2 <strncat+0x36>
100091c0:	3401      	adds	r4, #1
100091c2:	7823      	ldrb	r3, [r4, #0]
100091c4:	2b00      	cmp	r3, #0
100091c6:	d1fb      	bne.n	100091c0 <strncat+0x34>
100091c8:	2300      	movs	r3, #0
100091ca:	1c67      	adds	r7, r4, #1
100091cc:	2a00      	cmp	r2, #0
100091ce:	d009      	beq.n	100091e4 <strncat+0x58>
100091d0:	5ccd      	ldrb	r5, [r1, r3]
100091d2:	18fe      	adds	r6, r7, r3
100091d4:	54e5      	strb	r5, [r4, r3]
100091d6:	2d00      	cmp	r5, #0
100091d8:	d004      	beq.n	100091e4 <strncat+0x58>
100091da:	3301      	adds	r3, #1
100091dc:	429a      	cmp	r2, r3
100091de:	d1f7      	bne.n	100091d0 <strncat+0x44>
100091e0:	2300      	movs	r3, #0
100091e2:	7033      	strb	r3, [r6, #0]
100091e4:	bdf0      	pop	{r4, r5, r6, r7, pc}
100091e6:	46c0      	nop			; (mov r8, r8)
100091e8:	fefefeff 	.word	0xfefefeff
100091ec:	80808080 	.word	0x80808080

100091f0 <strncpy>:
100091f0:	b5f0      	push	{r4, r5, r6, r7, lr}
100091f2:	000c      	movs	r4, r1
100091f4:	4304      	orrs	r4, r0
100091f6:	0003      	movs	r3, r0
100091f8:	0007      	movs	r7, r0
100091fa:	07a4      	lsls	r4, r4, #30
100091fc:	d112      	bne.n	10009224 <strncpy+0x34>
100091fe:	2a03      	cmp	r2, #3
10009200:	d910      	bls.n	10009224 <strncpy+0x34>
10009202:	4c14      	ldr	r4, [pc, #80]	; (10009254 <strncpy+0x64>)
10009204:	46a4      	mov	ip, r4
10009206:	4667      	mov	r7, ip
10009208:	680d      	ldr	r5, [r1, #0]
1000920a:	4c13      	ldr	r4, [pc, #76]	; (10009258 <strncpy+0x68>)
1000920c:	001e      	movs	r6, r3
1000920e:	192c      	adds	r4, r5, r4
10009210:	43ac      	bics	r4, r5
10009212:	423c      	tst	r4, r7
10009214:	d11b      	bne.n	1000924e <strncpy+0x5e>
10009216:	3304      	adds	r3, #4
10009218:	3a04      	subs	r2, #4
1000921a:	001f      	movs	r7, r3
1000921c:	3104      	adds	r1, #4
1000921e:	6035      	str	r5, [r6, #0]
10009220:	2a03      	cmp	r2, #3
10009222:	d8f0      	bhi.n	10009206 <strncpy+0x16>
10009224:	2400      	movs	r4, #0
10009226:	18be      	adds	r6, r7, r2
10009228:	e006      	b.n	10009238 <strncpy+0x48>
1000922a:	5d0d      	ldrb	r5, [r1, r4]
1000922c:	3a01      	subs	r2, #1
1000922e:	553d      	strb	r5, [r7, r4]
10009230:	1ab3      	subs	r3, r6, r2
10009232:	3401      	adds	r4, #1
10009234:	2d00      	cmp	r5, #0
10009236:	d002      	beq.n	1000923e <strncpy+0x4e>
10009238:	2a00      	cmp	r2, #0
1000923a:	d1f6      	bne.n	1000922a <strncpy+0x3a>
1000923c:	bdf0      	pop	{r4, r5, r6, r7, pc}
1000923e:	2100      	movs	r1, #0
10009240:	2a00      	cmp	r2, #0
10009242:	d0fb      	beq.n	1000923c <strncpy+0x4c>
10009244:	7019      	strb	r1, [r3, #0]
10009246:	3301      	adds	r3, #1
10009248:	429e      	cmp	r6, r3
1000924a:	d1fb      	bne.n	10009244 <strncpy+0x54>
1000924c:	e7f6      	b.n	1000923c <strncpy+0x4c>
1000924e:	001f      	movs	r7, r3
10009250:	e7e8      	b.n	10009224 <strncpy+0x34>
10009252:	46c0      	nop			; (mov r8, r8)
10009254:	80808080 	.word	0x80808080
10009258:	fefefeff 	.word	0xfefefeff

1000925c <strtok>:
1000925c:	4b03      	ldr	r3, [pc, #12]	; (1000926c <strtok+0x10>)
1000925e:	b510      	push	{r4, lr}
10009260:	681a      	ldr	r2, [r3, #0]
10009262:	2301      	movs	r3, #1
10009264:	325c      	adds	r2, #92	; 0x5c
10009266:	f000 f803 	bl	10009270 <__strtok_r>
1000926a:	bd10      	pop	{r4, pc}
1000926c:	20001220 	.word	0x20001220

10009270 <__strtok_r>:
10009270:	b5f0      	push	{r4, r5, r6, r7, lr}
10009272:	2800      	cmp	r0, #0
10009274:	d02a      	beq.n	100092cc <__strtok_r+0x5c>
10009276:	0007      	movs	r7, r0
10009278:	0038      	movs	r0, r7
1000927a:	000c      	movs	r4, r1
1000927c:	7806      	ldrb	r6, [r0, #0]
1000927e:	3701      	adds	r7, #1
10009280:	e002      	b.n	10009288 <__strtok_r+0x18>
10009282:	3401      	adds	r4, #1
10009284:	42ae      	cmp	r6, r5
10009286:	d017      	beq.n	100092b8 <__strtok_r+0x48>
10009288:	7825      	ldrb	r5, [r4, #0]
1000928a:	2d00      	cmp	r5, #0
1000928c:	d1f9      	bne.n	10009282 <__strtok_r+0x12>
1000928e:	2e00      	cmp	r6, #0
10009290:	d021      	beq.n	100092d6 <__strtok_r+0x66>
10009292:	1c7e      	adds	r6, r7, #1
10009294:	46b4      	mov	ip, r6
10009296:	000b      	movs	r3, r1
10009298:	783d      	ldrb	r5, [r7, #0]
1000929a:	e002      	b.n	100092a2 <__strtok_r+0x32>
1000929c:	3301      	adds	r3, #1
1000929e:	2c00      	cmp	r4, #0
100092a0:	d00f      	beq.n	100092c2 <__strtok_r+0x52>
100092a2:	781c      	ldrb	r4, [r3, #0]
100092a4:	42a5      	cmp	r5, r4
100092a6:	d1f9      	bne.n	1000929c <__strtok_r+0x2c>
100092a8:	2d00      	cmp	r5, #0
100092aa:	d00c      	beq.n	100092c6 <__strtok_r+0x56>
100092ac:	2300      	movs	r3, #0
100092ae:	3e01      	subs	r6, #1
100092b0:	7033      	strb	r3, [r6, #0]
100092b2:	4663      	mov	r3, ip
100092b4:	6013      	str	r3, [r2, #0]
100092b6:	bdf0      	pop	{r4, r5, r6, r7, pc}
100092b8:	2b00      	cmp	r3, #0
100092ba:	d1dd      	bne.n	10009278 <__strtok_r+0x8>
100092bc:	6017      	str	r7, [r2, #0]
100092be:	7003      	strb	r3, [r0, #0]
100092c0:	e7f9      	b.n	100092b6 <__strtok_r+0x46>
100092c2:	0037      	movs	r7, r6
100092c4:	e7e5      	b.n	10009292 <__strtok_r+0x22>
100092c6:	2300      	movs	r3, #0
100092c8:	469c      	mov	ip, r3
100092ca:	e7f2      	b.n	100092b2 <__strtok_r+0x42>
100092cc:	6810      	ldr	r0, [r2, #0]
100092ce:	2800      	cmp	r0, #0
100092d0:	d1d1      	bne.n	10009276 <__strtok_r+0x6>
100092d2:	2000      	movs	r0, #0
100092d4:	e7ef      	b.n	100092b6 <__strtok_r+0x46>
100092d6:	2000      	movs	r0, #0
100092d8:	6016      	str	r6, [r2, #0]
100092da:	e7ec      	b.n	100092b6 <__strtok_r+0x46>

100092dc <strtok_r>:
100092dc:	b510      	push	{r4, lr}
100092de:	2301      	movs	r3, #1
100092e0:	f7ff ffc6 	bl	10009270 <__strtok_r>
100092e4:	bd10      	pop	{r4, pc}
100092e6:	46c0      	nop			; (mov r8, r8)

100092e8 <_strtol_l.part.0>:
100092e8:	b5f0      	push	{r4, r5, r6, r7, lr}
100092ea:	4657      	mov	r7, sl
100092ec:	464e      	mov	r6, r9
100092ee:	4645      	mov	r5, r8
100092f0:	46de      	mov	lr, fp
100092f2:	4682      	mov	sl, r0
100092f4:	b5e0      	push	{r5, r6, r7, lr}
100092f6:	4691      	mov	r9, r2
100092f8:	4688      	mov	r8, r1
100092fa:	001e      	movs	r6, r3
100092fc:	000a      	movs	r2, r1
100092fe:	2008      	movs	r0, #8
10009300:	4f48      	ldr	r7, [pc, #288]	; (10009424 <_strtol_l.part.0+0x13c>)
10009302:	b083      	sub	sp, #12
10009304:	0013      	movs	r3, r2
10009306:	781c      	ldrb	r4, [r3, #0]
10009308:	1c55      	adds	r5, r2, #1
1000930a:	5d39      	ldrb	r1, [r7, r4]
1000930c:	002a      	movs	r2, r5
1000930e:	4208      	tst	r0, r1
10009310:	d1f8      	bne.n	10009304 <_strtol_l.part.0+0x1c>
10009312:	2c2d      	cmp	r4, #45	; 0x2d
10009314:	d066      	beq.n	100093e4 <_strtol_l.part.0+0xfc>
10009316:	2c2b      	cmp	r4, #43	; 0x2b
10009318:	d029      	beq.n	1000936e <_strtol_l.part.0+0x86>
1000931a:	4b43      	ldr	r3, [pc, #268]	; (10009428 <_strtol_l.part.0+0x140>)
1000931c:	469b      	mov	fp, r3
1000931e:	2300      	movs	r3, #0
10009320:	9301      	str	r3, [sp, #4]
10009322:	2e00      	cmp	r6, #0
10009324:	d02b      	beq.n	1000937e <_strtol_l.part.0+0x96>
10009326:	2e10      	cmp	r6, #16
10009328:	d064      	beq.n	100093f4 <_strtol_l.part.0+0x10c>
1000932a:	0037      	movs	r7, r6
1000932c:	0039      	movs	r1, r7
1000932e:	4658      	mov	r0, fp
10009330:	f7fa fb60 	bl	100039f4 <__wrap___aeabi_uidiv>
10009334:	002b      	movs	r3, r5
10009336:	468c      	mov	ip, r1
10009338:	2200      	movs	r2, #0
1000933a:	2100      	movs	r1, #0
1000933c:	e007      	b.n	1000934e <_strtol_l.part.0+0x66>
1000933e:	4288      	cmp	r0, r1
10009340:	d312      	bcc.n	10009368 <_strtol_l.part.0+0x80>
10009342:	d03f      	beq.n	100093c4 <_strtol_l.part.0+0xdc>
10009344:	2201      	movs	r2, #1
10009346:	4379      	muls	r1, r7
10009348:	1869      	adds	r1, r5, r1
1000934a:	781c      	ldrb	r4, [r3, #0]
1000934c:	3301      	adds	r3, #1
1000934e:	0025      	movs	r5, r4
10009350:	3d30      	subs	r5, #48	; 0x30
10009352:	2d09      	cmp	r5, #9
10009354:	d904      	bls.n	10009360 <_strtol_l.part.0+0x78>
10009356:	3d11      	subs	r5, #17
10009358:	2d19      	cmp	r5, #25
1000935a:	d815      	bhi.n	10009388 <_strtol_l.part.0+0xa0>
1000935c:	3c37      	subs	r4, #55	; 0x37
1000935e:	0025      	movs	r5, r4
10009360:	42ae      	cmp	r6, r5
10009362:	dd19      	ble.n	10009398 <_strtol_l.part.0+0xb0>
10009364:	2a00      	cmp	r2, #0
10009366:	daea      	bge.n	1000933e <_strtol_l.part.0+0x56>
10009368:	2201      	movs	r2, #1
1000936a:	4252      	negs	r2, r2
1000936c:	e7ed      	b.n	1000934a <_strtol_l.part.0+0x62>
1000936e:	782c      	ldrb	r4, [r5, #0]
10009370:	1c9d      	adds	r5, r3, #2
10009372:	4b2d      	ldr	r3, [pc, #180]	; (10009428 <_strtol_l.part.0+0x140>)
10009374:	469b      	mov	fp, r3
10009376:	2300      	movs	r3, #0
10009378:	9301      	str	r3, [sp, #4]
1000937a:	2e00      	cmp	r6, #0
1000937c:	d1d3      	bne.n	10009326 <_strtol_l.part.0+0x3e>
1000937e:	2c30      	cmp	r4, #48	; 0x30
10009380:	d046      	beq.n	10009410 <_strtol_l.part.0+0x128>
10009382:	270a      	movs	r7, #10
10009384:	260a      	movs	r6, #10
10009386:	e7d1      	b.n	1000932c <_strtol_l.part.0+0x44>
10009388:	0025      	movs	r5, r4
1000938a:	3d61      	subs	r5, #97	; 0x61
1000938c:	2d19      	cmp	r5, #25
1000938e:	d803      	bhi.n	10009398 <_strtol_l.part.0+0xb0>
10009390:	3c57      	subs	r4, #87	; 0x57
10009392:	0025      	movs	r5, r4
10009394:	42ae      	cmp	r6, r5
10009396:	dce5      	bgt.n	10009364 <_strtol_l.part.0+0x7c>
10009398:	2a00      	cmp	r2, #0
1000939a:	db18      	blt.n	100093ce <_strtol_l.part.0+0xe6>
1000939c:	9801      	ldr	r0, [sp, #4]
1000939e:	2800      	cmp	r0, #0
100093a0:	d000      	beq.n	100093a4 <_strtol_l.part.0+0xbc>
100093a2:	4249      	negs	r1, r1
100093a4:	4648      	mov	r0, r9
100093a6:	2800      	cmp	r0, #0
100093a8:	d004      	beq.n	100093b4 <_strtol_l.part.0+0xcc>
100093aa:	2a00      	cmp	r2, #0
100093ac:	d138      	bne.n	10009420 <_strtol_l.part.0+0x138>
100093ae:	464b      	mov	r3, r9
100093b0:	4642      	mov	r2, r8
100093b2:	601a      	str	r2, [r3, #0]
100093b4:	0008      	movs	r0, r1
100093b6:	b003      	add	sp, #12
100093b8:	bcf0      	pop	{r4, r5, r6, r7}
100093ba:	46bb      	mov	fp, r7
100093bc:	46b2      	mov	sl, r6
100093be:	46a9      	mov	r9, r5
100093c0:	46a0      	mov	r8, r4
100093c2:	bdf0      	pop	{r4, r5, r6, r7, pc}
100093c4:	45ac      	cmp	ip, r5
100093c6:	dabd      	bge.n	10009344 <_strtol_l.part.0+0x5c>
100093c8:	2201      	movs	r2, #1
100093ca:	4252      	negs	r2, r2
100093cc:	e7bd      	b.n	1000934a <_strtol_l.part.0+0x62>
100093ce:	2222      	movs	r2, #34	; 0x22
100093d0:	4651      	mov	r1, sl
100093d2:	600a      	str	r2, [r1, #0]
100093d4:	464a      	mov	r2, r9
100093d6:	4659      	mov	r1, fp
100093d8:	2a00      	cmp	r2, #0
100093da:	d0eb      	beq.n	100093b4 <_strtol_l.part.0+0xcc>
100093dc:	3b01      	subs	r3, #1
100093de:	4698      	mov	r8, r3
100093e0:	4659      	mov	r1, fp
100093e2:	e7e4      	b.n	100093ae <_strtol_l.part.0+0xc6>
100093e4:	782c      	ldrb	r4, [r5, #0]
100093e6:	1c9d      	adds	r5, r3, #2
100093e8:	2380      	movs	r3, #128	; 0x80
100093ea:	061b      	lsls	r3, r3, #24
100093ec:	469b      	mov	fp, r3
100093ee:	2301      	movs	r3, #1
100093f0:	9301      	str	r3, [sp, #4]
100093f2:	e796      	b.n	10009322 <_strtol_l.part.0+0x3a>
100093f4:	2c30      	cmp	r4, #48	; 0x30
100093f6:	d104      	bne.n	10009402 <_strtol_l.part.0+0x11a>
100093f8:	2220      	movs	r2, #32
100093fa:	782b      	ldrb	r3, [r5, #0]
100093fc:	4393      	bics	r3, r2
100093fe:	2b58      	cmp	r3, #88	; 0x58
10009400:	d001      	beq.n	10009406 <_strtol_l.part.0+0x11e>
10009402:	2710      	movs	r7, #16
10009404:	e792      	b.n	1000932c <_strtol_l.part.0+0x44>
10009406:	786c      	ldrb	r4, [r5, #1]
10009408:	2710      	movs	r7, #16
1000940a:	2610      	movs	r6, #16
1000940c:	3502      	adds	r5, #2
1000940e:	e78d      	b.n	1000932c <_strtol_l.part.0+0x44>
10009410:	2220      	movs	r2, #32
10009412:	782b      	ldrb	r3, [r5, #0]
10009414:	4393      	bics	r3, r2
10009416:	2b58      	cmp	r3, #88	; 0x58
10009418:	d0f5      	beq.n	10009406 <_strtol_l.part.0+0x11e>
1000941a:	2708      	movs	r7, #8
1000941c:	2608      	movs	r6, #8
1000941e:	e785      	b.n	1000932c <_strtol_l.part.0+0x44>
10009420:	468b      	mov	fp, r1
10009422:	e7db      	b.n	100093dc <_strtol_l.part.0+0xf4>
10009424:	1000b0d1 	.word	0x1000b0d1
10009428:	7fffffff 	.word	0x7fffffff

1000942c <_strtol_r>:
1000942c:	b510      	push	{r4, lr}
1000942e:	2b01      	cmp	r3, #1
10009430:	d004      	beq.n	1000943c <_strtol_r+0x10>
10009432:	2b24      	cmp	r3, #36	; 0x24
10009434:	d802      	bhi.n	1000943c <_strtol_r+0x10>
10009436:	f7ff ff57 	bl	100092e8 <_strtol_l.part.0>
1000943a:	e004      	b.n	10009446 <_strtol_r+0x1a>
1000943c:	f000 f830 	bl	100094a0 <__errno>
10009440:	2316      	movs	r3, #22
10009442:	6003      	str	r3, [r0, #0]
10009444:	2000      	movs	r0, #0
10009446:	bd10      	pop	{r4, pc}

10009448 <strtol_l>:
10009448:	0013      	movs	r3, r2
1000944a:	b510      	push	{r4, lr}
1000944c:	2a01      	cmp	r2, #1
1000944e:	d009      	beq.n	10009464 <strtol_l+0x1c>
10009450:	2a24      	cmp	r2, #36	; 0x24
10009452:	d807      	bhi.n	10009464 <strtol_l+0x1c>
10009454:	4a06      	ldr	r2, [pc, #24]	; (10009470 <strtol_l+0x28>)
10009456:	6814      	ldr	r4, [r2, #0]
10009458:	000a      	movs	r2, r1
1000945a:	0001      	movs	r1, r0
1000945c:	0020      	movs	r0, r4
1000945e:	f7ff ff43 	bl	100092e8 <_strtol_l.part.0>
10009462:	e004      	b.n	1000946e <strtol_l+0x26>
10009464:	f000 f81c 	bl	100094a0 <__errno>
10009468:	2316      	movs	r3, #22
1000946a:	6003      	str	r3, [r0, #0]
1000946c:	2000      	movs	r0, #0
1000946e:	bd10      	pop	{r4, pc}
10009470:	20001220 	.word	0x20001220

10009474 <strtol>:
10009474:	0013      	movs	r3, r2
10009476:	b510      	push	{r4, lr}
10009478:	2a01      	cmp	r2, #1
1000947a:	d009      	beq.n	10009490 <strtol+0x1c>
1000947c:	2a24      	cmp	r2, #36	; 0x24
1000947e:	d807      	bhi.n	10009490 <strtol+0x1c>
10009480:	4a06      	ldr	r2, [pc, #24]	; (1000949c <strtol+0x28>)
10009482:	6814      	ldr	r4, [r2, #0]
10009484:	000a      	movs	r2, r1
10009486:	0001      	movs	r1, r0
10009488:	0020      	movs	r0, r4
1000948a:	f7ff ff2d 	bl	100092e8 <_strtol_l.part.0>
1000948e:	e004      	b.n	1000949a <strtol+0x26>
10009490:	f000 f806 	bl	100094a0 <__errno>
10009494:	2316      	movs	r3, #22
10009496:	6003      	str	r3, [r0, #0]
10009498:	2000      	movs	r0, #0
1000949a:	bd10      	pop	{r4, pc}
1000949c:	20001220 	.word	0x20001220

100094a0 <__errno>:
100094a0:	4b01      	ldr	r3, [pc, #4]	; (100094a8 <__errno+0x8>)
100094a2:	6818      	ldr	r0, [r3, #0]
100094a4:	4770      	bx	lr
100094a6:	46c0      	nop			; (mov r8, r8)
100094a8:	20001220 	.word	0x20001220

100094ac <_fini>:
100094ac:	b5f8      	push	{r3, r4, r5, r6, r7, lr}
100094ae:	46c0      	nop			; (mov r8, r8)

100094b0 <__e15_is_bulkin_ep_veneer>:
100094b0:	b401      	push	{r0}
100094b2:	4802      	ldr	r0, [pc, #8]	; (100094bc <__e15_is_bulkin_ep_veneer+0xc>)
100094b4:	4684      	mov	ip, r0
100094b6:	bc01      	pop	{r0}
100094b8:	4760      	bx	ip
100094ba:	bf00      	nop
100094bc:	20000d69 	.word	0x20000d69

100094c0 <__flash_do_cmd_veneer>:
100094c0:	b401      	push	{r0}
100094c2:	4802      	ldr	r0, [pc, #8]	; (100094cc <__flash_do_cmd_veneer+0xc>)
100094c4:	4684      	mov	ip, r0
100094c6:	bc01      	pop	{r0}
100094c8:	4760      	bx	ip
100094ca:	bf00      	nop
100094cc:	20000441 	.word	0x20000441

100094d0 <__mutex_exit_veneer>:
100094d0:	b401      	push	{r0}
100094d2:	4802      	ldr	r0, [pc, #8]	; (100094dc <__mutex_exit_veneer+0xc>)
100094d4:	4684      	mov	ip, r0
100094d6:	bc01      	pop	{r0}
100094d8:	4760      	bx	ip
100094da:	bf00      	nop
100094dc:	20000231 	.word	0x20000231

100094e0 <____aeabi_ldiv0_veneer>:
100094e0:	b401      	push	{r0}
100094e2:	4802      	ldr	r0, [pc, #8]	; (100094ec <____aeabi_ldiv0_veneer+0xc>)
100094e4:	4684      	mov	ip, r0
100094e6:	bc01      	pop	{r0}
100094e8:	4760      	bx	ip
100094ea:	bf00      	nop
100094ec:	200010bd 	.word	0x200010bd

100094f0 <__e15_is_critical_frame_period_veneer>:
100094f0:	b401      	push	{r0}
100094f2:	4802      	ldr	r0, [pc, #8]	; (100094fc <__e15_is_critical_frame_period_veneer+0xc>)
100094f4:	4684      	mov	ip, r0
100094f6:	bc01      	pop	{r0}
100094f8:	4760      	bx	ip
100094fa:	bf00      	nop
100094fc:	20000d91 	.word	0x20000d91

10009500 <__reset_non_control_endpoints_veneer>:
10009500:	b401      	push	{r0}
10009502:	4802      	ldr	r0, [pc, #8]	; (1000950c <__reset_non_control_endpoints_veneer+0xc>)
10009504:	4684      	mov	ip, r0
10009506:	bc01      	pop	{r0}
10009508:	4760      	bx	ip
1000950a:	bf00      	nop
1000950c:	20000515 	.word	0x20000515

10009510 <__flash_range_program_veneer>:
10009510:	b401      	push	{r0}
10009512:	4802      	ldr	r0, [pc, #8]	; (1000951c <__flash_range_program_veneer+0xc>)
10009514:	4684      	mov	ip, r0
10009516:	bc01      	pop	{r0}
10009518:	4760      	bx	ip
1000951a:	bf00      	nop
1000951c:	200003b1 	.word	0x200003b1

10009520 <____aeabi_idiv0_veneer>:
10009520:	b401      	push	{r0}
10009522:	4802      	ldr	r0, [pc, #8]	; (1000952c <____aeabi_idiv0_veneer+0xc>)
10009524:	4684      	mov	ip, r0
10009526:	bc01      	pop	{r0}
10009528:	4760      	bx	ip
1000952a:	bf00      	nop
1000952c:	200010bd 	.word	0x200010bd

10009530 <__mutex_try_enter_veneer>:
10009530:	b401      	push	{r0}
10009532:	4802      	ldr	r0, [pc, #8]	; (1000953c <__mutex_try_enter_veneer+0xc>)
10009534:	4684      	mov	ip, r0
10009536:	bc01      	pop	{r0}
10009538:	4760      	bx	ip
1000953a:	bf00      	nop
1000953c:	200000c1 	.word	0x200000c1

10009540 <__flash_range_erase_veneer>:
10009540:	b401      	push	{r0}
10009542:	4802      	ldr	r0, [pc, #8]	; (1000954c <__flash_range_erase_veneer+0xc>)
10009544:	4684      	mov	ip, r0
10009546:	bc01      	pop	{r0}
10009548:	4760      	bx	ip
1000954a:	bf00      	nop
1000954c:	20000321 	.word	0x20000321

10009550 <__mutex_enter_timeout_ms_veneer>:
10009550:	b401      	push	{r0}
10009552:	4802      	ldr	r0, [pc, #8]	; (1000955c <__mutex_enter_timeout_ms_veneer+0xc>)
10009554:	4684      	mov	ip, r0
10009556:	bc01      	pop	{r0}
10009558:	4760      	bx	ip
1000955a:	bf00      	nop
1000955c:	200001a1 	.word	0x200001a1

10009560 <__mutex_try_enter_block_until_veneer>:
10009560:	b401      	push	{r0}
10009562:	4802      	ldr	r0, [pc, #8]	; (1000956c <__mutex_try_enter_block_until_veneer+0xc>)
10009564:	4684      	mov	ip, r0
10009566:	bc01      	pop	{r0}
10009568:	4760      	bx	ip
1000956a:	bf00      	nop
1000956c:	20000105 	.word	0x20000105

10009570 <__hw_endpoint_start_next_buffer_veneer>:
10009570:	b401      	push	{r0}
10009572:	4802      	ldr	r0, [pc, #8]	; (1000957c <__hw_endpoint_start_next_buffer_veneer+0xc>)
10009574:	4684      	mov	ip, r0
10009576:	bc01      	pop	{r0}
10009578:	4760      	bx	ip
1000957a:	bf00      	nop
1000957c:	20000e21 	.word	0x20000e21

10009580 <__hw_endpoint_reset_transfer_veneer>:
10009580:	b401      	push	{r0}
10009582:	4802      	ldr	r0, [pc, #8]	; (1000958c <__hw_endpoint_reset_transfer_veneer+0xc>)
10009584:	4684      	mov	ip, r0
10009586:	bc01      	pop	{r0}
10009588:	4760      	bx	ip
1000958a:	bf00      	nop
1000958c:	20000dc5 	.word	0x20000dc5

10009590 <___hw_endpoint_buffer_control_update32_veneer>:
10009590:	b401      	push	{r0}
10009592:	4802      	ldr	r0, [pc, #8]	; (1000959c <___hw_endpoint_buffer_control_update32_veneer+0xc>)
10009594:	4684      	mov	ip, r0
10009596:	bc01      	pop	{r0}
10009598:	4760      	bx	ip
1000959a:	bf00      	nop
1000959c:	20000dd1 	.word	0x20000dd1

100095a0 <__pre_init_runtime_init_early_resets>:
100095a0:	1000376d                                m7..

100095a4 <__pre_init_runtime_init_usb_power_down>:
100095a4:	10003799 10003995 100047cd 10004039     .7...9...G..9@..
100095b4:	1000470d                                .G..

100095b8 <__pre_init_runtime_init_clocks>:
100095b8:	100038bd                                .8..

100095bc <__pre_init_runtime_init_post_clock_resets>:
100095bc:	100037b5                                .7..

100095c0 <__pre_init_runtime_init_rp2040_gpio_ie_disable>:
100095c0:	100037d5                                .7..

100095c4 <__pre_init_runtime_init_spin_locks_reset>:
100095c4:	100037e9                                .7..

100095c8 <__pre_init_runtime_init_mutex>:
100095c8:	10002579                                y%..

100095cc <__pre_init_runtime_init_install_ram_vector_table>:
100095cc:	100037f1                                .7..

100095d0 <__pre_init_runtime_init_default_alarm_pool>:
100095d0:	10002959                                Y)..

100095d4 <__pre_init_first_per_core_initializer>:
100095d4:	1000370d                                .7..

100095d8 <__pre_init_runtime_init_per_core_irq_priorities>:
100095d8:	100021bd                                .!..

100095dc <__init_array_start>:
100095dc:	10006865 	.word	0x10006865

100095e0 <__frame_dummy_init_array_entry>:
100095e0:	100002fd                                ....

Disassembly of section .data:

200000c0 <mutex_try_enter>:
200000c0:	0003      	movs	r3, r0
200000c2:	6800      	ldr	r0, [r0, #0]
200000c4:	f3ef 8c10 	mrs	ip, PRIMASK
200000c8:	b672      	cpsid	i
200000ca:	6802      	ldr	r2, [r0, #0]
200000cc:	2a00      	cmp	r2, #0
200000ce:	d0fc      	beq.n	200000ca <mutex_try_enter+0xa>
200000d0:	f3bf 8f5f 	dmb	sy
200000d4:	2204      	movs	r2, #4
200000d6:	569a      	ldrsb	r2, [r3, r2]
200000d8:	2a00      	cmp	r2, #0
200000da:	db0b      	blt.n	200000f4 <mutex_try_enter+0x34>
200000dc:	2900      	cmp	r1, #0
200000de:	d00f      	beq.n	20000100 <mutex_try_enter+0x40>
200000e0:	2000      	movs	r0, #0
200000e2:	600a      	str	r2, [r1, #0]
200000e4:	681b      	ldr	r3, [r3, #0]
200000e6:	f3bf 8f5f 	dmb	sy
200000ea:	2200      	movs	r2, #0
200000ec:	601a      	str	r2, [r3, #0]
200000ee:	f38c 8810 	msr	PRIMASK, ip
200000f2:	4770      	bx	lr
200000f4:	22d0      	movs	r2, #208	; 0xd0
200000f6:	0612      	lsls	r2, r2, #24
200000f8:	6812      	ldr	r2, [r2, #0]
200000fa:	2001      	movs	r0, #1
200000fc:	711a      	strb	r2, [r3, #4]
200000fe:	e7f1      	b.n	200000e4 <mutex_try_enter+0x24>
20000100:	2000      	movs	r0, #0
20000102:	e7ef      	b.n	200000e4 <mutex_try_enter+0x24>

20000104 <mutex_try_enter_block_until>:
20000104:	b5f0      	push	{r4, r5, r6, r7, lr}
20000106:	46c6      	mov	lr, r8
20000108:	0015      	movs	r5, r2
2000010a:	b500      	push	{lr}
2000010c:	0004      	movs	r4, r0
2000010e:	001e      	movs	r6, r3
20000110:	6802      	ldr	r2, [r0, #0]
20000112:	f3ef 8110 	mrs	r1, PRIMASK
20000116:	b672      	cpsid	i
20000118:	6813      	ldr	r3, [r2, #0]
2000011a:	2b00      	cmp	r3, #0
2000011c:	d0fc      	beq.n	20000118 <mutex_try_enter_block_until+0x14>
2000011e:	f3bf 8f5f 	dmb	sy
20000122:	2304      	movs	r3, #4
20000124:	56e3      	ldrsb	r3, [r4, r3]
20000126:	2b00      	cmp	r3, #0
20000128:	db2d      	blt.n	20000186 <mutex_try_enter_block_until+0x82>
2000012a:	6822      	ldr	r2, [r4, #0]
2000012c:	f3bf 8f5f 	dmb	sy
20000130:	2000      	movs	r0, #0
20000132:	6010      	str	r0, [r2, #0]
20000134:	f381 8810 	msr	PRIMASK, r1
20000138:	22d0      	movs	r2, #208	; 0xd0
2000013a:	0612      	lsls	r2, r2, #24
2000013c:	7812      	ldrb	r2, [r2, #0]
2000013e:	b252      	sxtb	r2, r2
20000140:	4690      	mov	r8, r2
20000142:	429a      	cmp	r2, r3
20000144:	d103      	bne.n	2000014e <mutex_try_enter_block_until+0x4a>
20000146:	2000      	movs	r0, #0
20000148:	bc80      	pop	{r7}
2000014a:	46b8      	mov	r8, r7
2000014c:	bdf0      	pop	{r4, r5, r6, r7, pc}
2000014e:	2700      	movs	r7, #0
20000150:	e00b      	b.n	2000016a <mutex_try_enter_block_until+0x66>
20000152:	6823      	ldr	r3, [r4, #0]
20000154:	f3bf 8f5f 	dmb	sy
20000158:	601f      	str	r7, [r3, #0]
2000015a:	f381 8810 	msr	PRIMASK, r1
2000015e:	0028      	movs	r0, r5
20000160:	0031      	movs	r1, r6
20000162:	f000 ffed 	bl	20001140 <__best_effort_wfe_or_timeout_veneer>
20000166:	2800      	cmp	r0, #0
20000168:	d1ed      	bne.n	20000146 <mutex_try_enter_block_until+0x42>
2000016a:	6822      	ldr	r2, [r4, #0]
2000016c:	f3ef 8110 	mrs	r1, PRIMASK
20000170:	b672      	cpsid	i
20000172:	6813      	ldr	r3, [r2, #0]
20000174:	2b00      	cmp	r3, #0
20000176:	d0fc      	beq.n	20000172 <mutex_try_enter_block_until+0x6e>
20000178:	f3bf 8f5f 	dmb	sy
2000017c:	7923      	ldrb	r3, [r4, #4]
2000017e:	2b7f      	cmp	r3, #127	; 0x7f
20000180:	d9e7      	bls.n	20000152 <mutex_try_enter_block_until+0x4e>
20000182:	4643      	mov	r3, r8
20000184:	e002      	b.n	2000018c <mutex_try_enter_block_until+0x88>
20000186:	23d0      	movs	r3, #208	; 0xd0
20000188:	061b      	lsls	r3, r3, #24
2000018a:	681b      	ldr	r3, [r3, #0]
2000018c:	7123      	strb	r3, [r4, #4]
2000018e:	6823      	ldr	r3, [r4, #0]
20000190:	f3bf 8f5f 	dmb	sy
20000194:	2200      	movs	r2, #0
20000196:	601a      	str	r2, [r3, #0]
20000198:	f381 8810 	msr	PRIMASK, r1
2000019c:	2001      	movs	r0, #1
2000019e:	e7d3      	b.n	20000148 <mutex_try_enter_block_until+0x44>

200001a0 <mutex_enter_timeout_ms>:
200001a0:	b5f0      	push	{r4, r5, r6, r7, lr}
200001a2:	46c6      	mov	lr, r8
200001a4:	b500      	push	{lr}
200001a6:	000d      	movs	r5, r1
200001a8:	0004      	movs	r4, r0
200001aa:	f000 ff89 	bl	200010c0 <__time_us_64_veneer>
200001ae:	22fa      	movs	r2, #250	; 0xfa
200001b0:	0006      	movs	r6, r0
200001b2:	000f      	movs	r7, r1
200001b4:	2300      	movs	r3, #0
200001b6:	0028      	movs	r0, r5
200001b8:	2100      	movs	r1, #0
200001ba:	0092      	lsls	r2, r2, #2
200001bc:	f000 ffb8 	bl	20001130 <____wrap___aeabi_lmul_veneer>
200001c0:	1836      	adds	r6, r6, r0
200001c2:	414f      	adcs	r7, r1
200001c4:	2f00      	cmp	r7, #0
200001c6:	db2c      	blt.n	20000222 <mutex_enter_timeout_ms+0x82>
200001c8:	23d0      	movs	r3, #208	; 0xd0
200001ca:	061b      	lsls	r3, r3, #24
200001cc:	681b      	ldr	r3, [r3, #0]
200001ce:	2500      	movs	r5, #0
200001d0:	4698      	mov	r8, r3
200001d2:	e00b      	b.n	200001ec <mutex_enter_timeout_ms+0x4c>
200001d4:	6823      	ldr	r3, [r4, #0]
200001d6:	f3bf 8f5f 	dmb	sy
200001da:	601d      	str	r5, [r3, #0]
200001dc:	f381 8810 	msr	PRIMASK, r1
200001e0:	0030      	movs	r0, r6
200001e2:	0039      	movs	r1, r7
200001e4:	f000 ffac 	bl	20001140 <__best_effort_wfe_or_timeout_veneer>
200001e8:	2800      	cmp	r0, #0
200001ea:	d118      	bne.n	2000021e <mutex_enter_timeout_ms+0x7e>
200001ec:	6822      	ldr	r2, [r4, #0]
200001ee:	f3ef 8110 	mrs	r1, PRIMASK
200001f2:	b672      	cpsid	i
200001f4:	6813      	ldr	r3, [r2, #0]
200001f6:	2b00      	cmp	r3, #0
200001f8:	d0fc      	beq.n	200001f4 <mutex_enter_timeout_ms+0x54>
200001fa:	f3bf 8f5f 	dmb	sy
200001fe:	7923      	ldrb	r3, [r4, #4]
20000200:	2b7f      	cmp	r3, #127	; 0x7f
20000202:	d9e7      	bls.n	200001d4 <mutex_enter_timeout_ms+0x34>
20000204:	4643      	mov	r3, r8
20000206:	7123      	strb	r3, [r4, #4]
20000208:	6823      	ldr	r3, [r4, #0]
2000020a:	f3bf 8f5f 	dmb	sy
2000020e:	2200      	movs	r2, #0
20000210:	601a      	str	r2, [r3, #0]
20000212:	f381 8810 	msr	PRIMASK, r1
20000216:	2001      	movs	r0, #1
20000218:	bc80      	pop	{r7}
2000021a:	46b8      	mov	r8, r7
2000021c:	bdf0      	pop	{r4, r5, r6, r7, pc}
2000021e:	2000      	movs	r0, #0
20000220:	e7fa      	b.n	20000218 <mutex_enter_timeout_ms+0x78>
20000222:	2601      	movs	r6, #1
20000224:	4f01      	ldr	r7, [pc, #4]	; (2000022c <mutex_enter_timeout_ms+0x8c>)
20000226:	4276      	negs	r6, r6
20000228:	e7ce      	b.n	200001c8 <mutex_enter_timeout_ms+0x28>
2000022a:	46c0      	nop			; (mov r8, r8)
2000022c:	7fffffff 	.word	0x7fffffff

20000230 <mutex_exit>:
20000230:	6802      	ldr	r2, [r0, #0]
20000232:	f3ef 8110 	mrs	r1, PRIMASK
20000236:	b672      	cpsid	i
20000238:	6813      	ldr	r3, [r2, #0]
2000023a:	2b00      	cmp	r3, #0
2000023c:	d0fc      	beq.n	20000238 <mutex_exit+0x8>
2000023e:	f3bf 8f5f 	dmb	sy
20000242:	23ff      	movs	r3, #255	; 0xff
20000244:	7103      	strb	r3, [r0, #4]
20000246:	6803      	ldr	r3, [r0, #0]
20000248:	f3bf 8f5f 	dmb	sy
2000024c:	2200      	movs	r2, #0
2000024e:	601a      	str	r2, [r3, #0]
20000250:	f381 8810 	msr	PRIMASK, r1
20000254:	bf40      	sev
20000256:	4770      	bx	lr

20000258 <flash_init_boot2_copyout>:
20000258:	b510      	push	{r4, lr}
2000025a:	4c08      	ldr	r4, [pc, #32]	; (2000027c <flash_init_boot2_copyout+0x24>)
2000025c:	7823      	ldrb	r3, [r4, #0]
2000025e:	2b00      	cmp	r3, #0
20000260:	d10a      	bne.n	20000278 <flash_init_boot2_copyout+0x20>
20000262:	2380      	movs	r3, #128	; 0x80
20000264:	4806      	ldr	r0, [pc, #24]	; (20000280 <flash_init_boot2_copyout+0x28>)
20000266:	4907      	ldr	r1, [pc, #28]	; (20000284 <flash_init_boot2_copyout+0x2c>)
20000268:	055b      	lsls	r3, r3, #21
2000026a:	681a      	ldr	r2, [r3, #0]
2000026c:	50c2      	str	r2, [r0, r3]
2000026e:	3304      	adds	r3, #4
20000270:	428b      	cmp	r3, r1
20000272:	d1fa      	bne.n	2000026a <flash_init_boot2_copyout+0x12>
20000274:	2301      	movs	r3, #1
20000276:	7023      	strb	r3, [r4, #0]
20000278:	bd10      	pop	{r4, pc}
2000027a:	46c0      	nop			; (mov r8, r8)
2000027c:	20004070 	.word	0x20004070
20000280:	10001fbc 	.word	0x10001fbc
20000284:	10000100 	.word	0x10000100

20000288 <flash_enable_xip_via_boot2>:
20000288:	b510      	push	{r4, lr}
2000028a:	4b02      	ldr	r3, [pc, #8]	; (20000294 <flash_enable_xip_via_boot2+0xc>)
2000028c:	3301      	adds	r3, #1
2000028e:	4798      	blx	r3
20000290:	bd10      	pop	{r4, pc}
20000292:	46c0      	nop			; (mov r8, r8)
20000294:	20001fbc 	.word	0x20001fbc

20000298 <flash_save_hardware_state>:
20000298:	4b07      	ldr	r3, [pc, #28]	; (200002b8 <flash_save_hardware_state+0x20>)
2000029a:	685b      	ldr	r3, [r3, #4]
2000029c:	6003      	str	r3, [r0, #0]
2000029e:	4b07      	ldr	r3, [pc, #28]	; (200002bc <flash_save_hardware_state+0x24>)
200002a0:	685a      	ldr	r2, [r3, #4]
200002a2:	6042      	str	r2, [r0, #4]
200002a4:	689a      	ldr	r2, [r3, #8]
200002a6:	6082      	str	r2, [r0, #8]
200002a8:	68da      	ldr	r2, [r3, #12]
200002aa:	60c2      	str	r2, [r0, #12]
200002ac:	691a      	ldr	r2, [r3, #16]
200002ae:	695b      	ldr	r3, [r3, #20]
200002b0:	6102      	str	r2, [r0, #16]
200002b2:	6143      	str	r3, [r0, #20]
200002b4:	4770      	bx	lr
200002b6:	46c0      	nop			; (mov r8, r8)
200002b8:	40020000 	.word	0x40020000
200002bc:	40020004 	.word	0x40020004

200002c0 <flash_restore_hardware_state>:
200002c0:	6802      	ldr	r2, [r0, #0]
200002c2:	4b07      	ldr	r3, [pc, #28]	; (200002e0 <flash_restore_hardware_state+0x20>)
200002c4:	605a      	str	r2, [r3, #4]
200002c6:	6842      	ldr	r2, [r0, #4]
200002c8:	4b06      	ldr	r3, [pc, #24]	; (200002e4 <flash_restore_hardware_state+0x24>)
200002ca:	605a      	str	r2, [r3, #4]
200002cc:	6882      	ldr	r2, [r0, #8]
200002ce:	609a      	str	r2, [r3, #8]
200002d0:	68c2      	ldr	r2, [r0, #12]
200002d2:	60da      	str	r2, [r3, #12]
200002d4:	6902      	ldr	r2, [r0, #16]
200002d6:	611a      	str	r2, [r3, #16]
200002d8:	6942      	ldr	r2, [r0, #20]
200002da:	615a      	str	r2, [r3, #20]
200002dc:	4770      	bx	lr
200002de:	46c0      	nop			; (mov r8, r8)
200002e0:	40020000 	.word	0x40020000
200002e4:	40020004 	.word	0x40020004

200002e8 <flash_cs_force.constprop.0>:
200002e8:	4b03      	ldr	r3, [pc, #12]	; (200002f8 <flash_cs_force.constprop.0+0x10>)
200002ea:	681a      	ldr	r2, [r3, #0]
200002ec:	23c0      	movs	r3, #192	; 0xc0
200002ee:	009b      	lsls	r3, r3, #2
200002f0:	4393      	bics	r3, r2
200002f2:	4a02      	ldr	r2, [pc, #8]	; (200002fc <flash_cs_force.constprop.0+0x14>)
200002f4:	6013      	str	r3, [r2, #0]
200002f6:	4770      	bx	lr
200002f8:	4001800c 	.word	0x4001800c
200002fc:	4001900c 	.word	0x4001900c

20000300 <flash_cs_force.constprop.1>:
20000300:	4b05      	ldr	r3, [pc, #20]	; (20000318 <flash_cs_force.constprop.1+0x18>)
20000302:	681a      	ldr	r2, [r3, #0]
20000304:	2380      	movs	r3, #128	; 0x80
20000306:	009b      	lsls	r3, r3, #2
20000308:	4053      	eors	r3, r2
2000030a:	22c0      	movs	r2, #192	; 0xc0
2000030c:	0092      	lsls	r2, r2, #2
2000030e:	4013      	ands	r3, r2
20000310:	4a02      	ldr	r2, [pc, #8]	; (2000031c <flash_cs_force.constprop.1+0x1c>)
20000312:	6013      	str	r3, [r2, #0]
20000314:	4770      	bx	lr
20000316:	46c0      	nop			; (mov r8, r8)
20000318:	4001800c 	.word	0x4001800c
2000031c:	4001900c 	.word	0x4001900c

20000320 <flash_range_erase>:
20000320:	b5f0      	push	{r4, r5, r6, r7, lr}
20000322:	46d6      	mov	lr, sl
20000324:	464f      	mov	r7, r9
20000326:	4646      	mov	r6, r8
20000328:	2380      	movs	r3, #128	; 0x80
2000032a:	b5c0      	push	{r6, r7, lr}
2000032c:	1842      	adds	r2, r0, r1
2000032e:	0004      	movs	r4, r0
20000330:	000d      	movs	r5, r1
20000332:	b086      	sub	sp, #24
20000334:	039b      	lsls	r3, r3, #14
20000336:	429a      	cmp	r2, r3
20000338:	d82e      	bhi.n	20000398 <flash_range_erase+0x78>
2000033a:	2714      	movs	r7, #20
2000033c:	2618      	movs	r6, #24
2000033e:	8838      	ldrh	r0, [r7, #0]
20000340:	8833      	ldrh	r3, [r6, #0]
20000342:	4917      	ldr	r1, [pc, #92]	; (200003a0 <flash_range_erase+0x80>)
20000344:	4798      	blx	r3
20000346:	8833      	ldrh	r3, [r6, #0]
20000348:	4682      	mov	sl, r0
2000034a:	4916      	ldr	r1, [pc, #88]	; (200003a4 <flash_range_erase+0x84>)
2000034c:	8838      	ldrh	r0, [r7, #0]
2000034e:	4798      	blx	r3
20000350:	8833      	ldrh	r3, [r6, #0]
20000352:	4681      	mov	r9, r0
20000354:	4914      	ldr	r1, [pc, #80]	; (200003a8 <flash_range_erase+0x88>)
20000356:	8838      	ldrh	r0, [r7, #0]
20000358:	4798      	blx	r3
2000035a:	8833      	ldrh	r3, [r6, #0]
2000035c:	4913      	ldr	r1, [pc, #76]	; (200003ac <flash_range_erase+0x8c>)
2000035e:	4680      	mov	r8, r0
20000360:	8838      	ldrh	r0, [r7, #0]
20000362:	4798      	blx	r3
20000364:	0006      	movs	r6, r0
20000366:	f7ff ff77 	bl	20000258 <flash_init_boot2_copyout>
2000036a:	4668      	mov	r0, sp
2000036c:	f7ff ff94 	bl	20000298 <flash_save_hardware_state>
20000370:	47d0      	blx	sl
20000372:	47c8      	blx	r9
20000374:	2280      	movs	r2, #128	; 0x80
20000376:	23d8      	movs	r3, #216	; 0xd8
20000378:	0029      	movs	r1, r5
2000037a:	0020      	movs	r0, r4
2000037c:	0252      	lsls	r2, r2, #9
2000037e:	47c0      	blx	r8
20000380:	47b0      	blx	r6
20000382:	f7ff ff81 	bl	20000288 <flash_enable_xip_via_boot2>
20000386:	4668      	mov	r0, sp
20000388:	f7ff ff9a 	bl	200002c0 <flash_restore_hardware_state>
2000038c:	b006      	add	sp, #24
2000038e:	bce0      	pop	{r5, r6, r7}
20000390:	46ba      	mov	sl, r7
20000392:	46b1      	mov	r9, r6
20000394:	46a8      	mov	r8, r5
20000396:	bdf0      	pop	{r4, r5, r6, r7, pc}
20000398:	f000 feb2 	bl	20001100 <__hard_assertion_failure_veneer>
2000039c:	e7cd      	b.n	2000033a <flash_range_erase+0x1a>
2000039e:	46c0      	nop			; (mov r8, r8)
200003a0:	00004649 	.word	0x00004649
200003a4:	00005845 	.word	0x00005845
200003a8:	00004552 	.word	0x00004552
200003ac:	00004346 	.word	0x00004346

200003b0 <flash_range_program>:
200003b0:	b5f0      	push	{r4, r5, r6, r7, lr}
200003b2:	464e      	mov	r6, r9
200003b4:	4645      	mov	r5, r8
200003b6:	46de      	mov	lr, fp
200003b8:	4657      	mov	r7, sl
200003ba:	2380      	movs	r3, #128	; 0x80
200003bc:	b5e0      	push	{r5, r6, r7, lr}
200003be:	0015      	movs	r5, r2
200003c0:	1882      	adds	r2, r0, r2
200003c2:	0004      	movs	r4, r0
200003c4:	4689      	mov	r9, r1
200003c6:	b087      	sub	sp, #28
200003c8:	039b      	lsls	r3, r3, #14
200003ca:	429a      	cmp	r2, r3
200003cc:	d82d      	bhi.n	2000042a <flash_range_program+0x7a>
200003ce:	2714      	movs	r7, #20
200003d0:	2618      	movs	r6, #24
200003d2:	8838      	ldrh	r0, [r7, #0]
200003d4:	8833      	ldrh	r3, [r6, #0]
200003d6:	4916      	ldr	r1, [pc, #88]	; (20000430 <flash_range_program+0x80>)
200003d8:	4798      	blx	r3
200003da:	8833      	ldrh	r3, [r6, #0]
200003dc:	4683      	mov	fp, r0
200003de:	4915      	ldr	r1, [pc, #84]	; (20000434 <flash_range_program+0x84>)
200003e0:	8838      	ldrh	r0, [r7, #0]
200003e2:	4798      	blx	r3
200003e4:	8833      	ldrh	r3, [r6, #0]
200003e6:	4682      	mov	sl, r0
200003e8:	4913      	ldr	r1, [pc, #76]	; (20000438 <flash_range_program+0x88>)
200003ea:	8838      	ldrh	r0, [r7, #0]
200003ec:	4798      	blx	r3
200003ee:	8833      	ldrh	r3, [r6, #0]
200003f0:	4912      	ldr	r1, [pc, #72]	; (2000043c <flash_range_program+0x8c>)
200003f2:	4680      	mov	r8, r0
200003f4:	8838      	ldrh	r0, [r7, #0]
200003f6:	4798      	blx	r3
200003f8:	0006      	movs	r6, r0
200003fa:	f7ff ff2d 	bl	20000258 <flash_init_boot2_copyout>
200003fe:	4668      	mov	r0, sp
20000400:	f7ff ff4a 	bl	20000298 <flash_save_hardware_state>
20000404:	47d8      	blx	fp
20000406:	47d0      	blx	sl
20000408:	002a      	movs	r2, r5
2000040a:	4649      	mov	r1, r9
2000040c:	0020      	movs	r0, r4
2000040e:	47c0      	blx	r8
20000410:	47b0      	blx	r6
20000412:	f7ff ff39 	bl	20000288 <flash_enable_xip_via_boot2>
20000416:	4668      	mov	r0, sp
20000418:	f7ff ff52 	bl	200002c0 <flash_restore_hardware_state>
2000041c:	b007      	add	sp, #28
2000041e:	bcf0      	pop	{r4, r5, r6, r7}
20000420:	46bb      	mov	fp, r7
20000422:	46b2      	mov	sl, r6
20000424:	46a9      	mov	r9, r5
20000426:	46a0      	mov	r8, r4
20000428:	bdf0      	pop	{r4, r5, r6, r7, pc}
2000042a:	f000 fe69 	bl	20001100 <__hard_assertion_failure_veneer>
2000042e:	e7ce      	b.n	200003ce <flash_range_program+0x1e>
20000430:	00004649 	.word	0x00004649
20000434:	00005845 	.word	0x00005845
20000438:	00005052 	.word	0x00005052
2000043c:	00004346 	.word	0x00004346

20000440 <flash_do_cmd>:
20000440:	2314      	movs	r3, #20
20000442:	b5f0      	push	{r4, r5, r6, r7, lr}
20000444:	46d6      	mov	lr, sl
20000446:	464f      	mov	r7, r9
20000448:	4646      	mov	r6, r8
2000044a:	469a      	mov	sl, r3
2000044c:	b5c0      	push	{r6, r7, lr}
2000044e:	4681      	mov	r9, r0
20000450:	8818      	ldrh	r0, [r3, #0]
20000452:	3304      	adds	r3, #4
20000454:	b086      	sub	sp, #24
20000456:	4698      	mov	r8, r3
20000458:	000e      	movs	r6, r1
2000045a:	881b      	ldrh	r3, [r3, #0]
2000045c:	492a      	ldr	r1, [pc, #168]	; (20000508 <flash_do_cmd+0xc8>)
2000045e:	0014      	movs	r4, r2
20000460:	4798      	blx	r3
20000462:	4653      	mov	r3, sl
20000464:	0007      	movs	r7, r0
20000466:	8818      	ldrh	r0, [r3, #0]
20000468:	4643      	mov	r3, r8
2000046a:	4928      	ldr	r1, [pc, #160]	; (2000050c <flash_do_cmd+0xcc>)
2000046c:	881b      	ldrh	r3, [r3, #0]
2000046e:	4798      	blx	r3
20000470:	4653      	mov	r3, sl
20000472:	0005      	movs	r5, r0
20000474:	8818      	ldrh	r0, [r3, #0]
20000476:	4643      	mov	r3, r8
20000478:	4925      	ldr	r1, [pc, #148]	; (20000510 <flash_do_cmd+0xd0>)
2000047a:	881b      	ldrh	r3, [r3, #0]
2000047c:	4798      	blx	r3
2000047e:	4680      	mov	r8, r0
20000480:	f7ff feea 	bl	20000258 <flash_init_boot2_copyout>
20000484:	4668      	mov	r0, sp
20000486:	f7ff ff07 	bl	20000298 <flash_save_hardware_state>
2000048a:	47b8      	blx	r7
2000048c:	47a8      	blx	r5
2000048e:	f7ff ff37 	bl	20000300 <flash_cs_force.constprop.1>
20000492:	2c00      	cmp	r4, #0
20000494:	d01b      	beq.n	200004ce <flash_do_cmd+0x8e>
20000496:	21c0      	movs	r1, #192	; 0xc0
20000498:	0022      	movs	r2, r4
2000049a:	2708      	movs	r7, #8
2000049c:	2002      	movs	r0, #2
2000049e:	0549      	lsls	r1, r1, #21
200004a0:	003d      	movs	r5, r7
200004a2:	6a8b      	ldr	r3, [r1, #40]	; 0x28
200004a4:	401d      	ands	r5, r3
200004a6:	4218      	tst	r0, r3
200004a8:	d00b      	beq.n	200004c2 <flash_do_cmd+0x82>
200004aa:	2c00      	cmp	r4, #0
200004ac:	d009      	beq.n	200004c2 <flash_do_cmd+0x82>
200004ae:	1b13      	subs	r3, r2, r4
200004b0:	2b0d      	cmp	r3, #13
200004b2:	d823      	bhi.n	200004fc <flash_do_cmd+0xbc>
200004b4:	464b      	mov	r3, r9
200004b6:	781b      	ldrb	r3, [r3, #0]
200004b8:	3c01      	subs	r4, #1
200004ba:	660b      	str	r3, [r1, #96]	; 0x60
200004bc:	2301      	movs	r3, #1
200004be:	469c      	mov	ip, r3
200004c0:	44e1      	add	r9, ip
200004c2:	0023      	movs	r3, r4
200004c4:	2d00      	cmp	r5, #0
200004c6:	d110      	bne.n	200004ea <flash_do_cmd+0xaa>
200004c8:	4313      	orrs	r3, r2
200004ca:	2b00      	cmp	r3, #0
200004cc:	d1e8      	bne.n	200004a0 <flash_do_cmd+0x60>
200004ce:	f7ff ff0b 	bl	200002e8 <flash_cs_force.constprop.0>
200004d2:	47c0      	blx	r8
200004d4:	f7ff fed8 	bl	20000288 <flash_enable_xip_via_boot2>
200004d8:	4668      	mov	r0, sp
200004da:	f7ff fef1 	bl	200002c0 <flash_restore_hardware_state>
200004de:	b006      	add	sp, #24
200004e0:	bce0      	pop	{r5, r6, r7}
200004e2:	46ba      	mov	sl, r7
200004e4:	46b1      	mov	r9, r6
200004e6:	46a8      	mov	r8, r5
200004e8:	bdf0      	pop	{r4, r5, r6, r7, pc}
200004ea:	2a00      	cmp	r2, #0
200004ec:	d0ed      	beq.n	200004ca <flash_do_cmd+0x8a>
200004ee:	6e0b      	ldr	r3, [r1, #96]	; 0x60
200004f0:	3a01      	subs	r2, #1
200004f2:	7033      	strb	r3, [r6, #0]
200004f4:	0013      	movs	r3, r2
200004f6:	3601      	adds	r6, #1
200004f8:	4323      	orrs	r3, r4
200004fa:	e7e6      	b.n	200004ca <flash_do_cmd+0x8a>
200004fc:	2d00      	cmp	r5, #0
200004fe:	d0cf      	beq.n	200004a0 <flash_do_cmd+0x60>
20000500:	2a00      	cmp	r2, #0
20000502:	d0cd      	beq.n	200004a0 <flash_do_cmd+0x60>
20000504:	e7f3      	b.n	200004ee <flash_do_cmd+0xae>
20000506:	46c0      	nop			; (mov r8, r8)
20000508:	00004649 	.word	0x00004649
2000050c:	00005845 	.word	0x00005845
20000510:	00004346 	.word	0x00004346

20000514 <reset_non_control_endpoints>:
20000514:	2300      	movs	r3, #0
20000516:	4a1c      	ldr	r2, [pc, #112]	; (20000588 <reset_non_control_endpoints+0x74>)
20000518:	b510      	push	{r4, lr}
2000051a:	6093      	str	r3, [r2, #8]
2000051c:	60d3      	str	r3, [r2, #12]
2000051e:	4a1b      	ldr	r2, [pc, #108]	; (2000058c <reset_non_control_endpoints+0x78>)
20000520:	2100      	movs	r1, #0
20000522:	6093      	str	r3, [r2, #8]
20000524:	60d3      	str	r3, [r2, #12]
20000526:	4a1a      	ldr	r2, [pc, #104]	; (20000590 <reset_non_control_endpoints+0x7c>)
20000528:	481a      	ldr	r0, [pc, #104]	; (20000594 <reset_non_control_endpoints+0x80>)
2000052a:	6093      	str	r3, [r2, #8]
2000052c:	60d3      	str	r3, [r2, #12]
2000052e:	4a1a      	ldr	r2, [pc, #104]	; (20000598 <reset_non_control_endpoints+0x84>)
20000530:	6093      	str	r3, [r2, #8]
20000532:	60d3      	str	r3, [r2, #12]
20000534:	4a19      	ldr	r2, [pc, #100]	; (2000059c <reset_non_control_endpoints+0x88>)
20000536:	6093      	str	r3, [r2, #8]
20000538:	60d3      	str	r3, [r2, #12]
2000053a:	4a19      	ldr	r2, [pc, #100]	; (200005a0 <reset_non_control_endpoints+0x8c>)
2000053c:	6093      	str	r3, [r2, #8]
2000053e:	60d3      	str	r3, [r2, #12]
20000540:	4a18      	ldr	r2, [pc, #96]	; (200005a4 <reset_non_control_endpoints+0x90>)
20000542:	6093      	str	r3, [r2, #8]
20000544:	60d3      	str	r3, [r2, #12]
20000546:	4a18      	ldr	r2, [pc, #96]	; (200005a8 <reset_non_control_endpoints+0x94>)
20000548:	6093      	str	r3, [r2, #8]
2000054a:	60d3      	str	r3, [r2, #12]
2000054c:	4a17      	ldr	r2, [pc, #92]	; (200005ac <reset_non_control_endpoints+0x98>)
2000054e:	6093      	str	r3, [r2, #8]
20000550:	60d3      	str	r3, [r2, #12]
20000552:	4a17      	ldr	r2, [pc, #92]	; (200005b0 <reset_non_control_endpoints+0x9c>)
20000554:	6093      	str	r3, [r2, #8]
20000556:	60d3      	str	r3, [r2, #12]
20000558:	4a16      	ldr	r2, [pc, #88]	; (200005b4 <reset_non_control_endpoints+0xa0>)
2000055a:	6093      	str	r3, [r2, #8]
2000055c:	60d3      	str	r3, [r2, #12]
2000055e:	4a16      	ldr	r2, [pc, #88]	; (200005b8 <reset_non_control_endpoints+0xa4>)
20000560:	6093      	str	r3, [r2, #8]
20000562:	60d3      	str	r3, [r2, #12]
20000564:	4a15      	ldr	r2, [pc, #84]	; (200005bc <reset_non_control_endpoints+0xa8>)
20000566:	6093      	str	r3, [r2, #8]
20000568:	60d3      	str	r3, [r2, #12]
2000056a:	4a15      	ldr	r2, [pc, #84]	; (200005c0 <reset_non_control_endpoints+0xac>)
2000056c:	6093      	str	r3, [r2, #8]
2000056e:	60d3      	str	r3, [r2, #12]
20000570:	4a14      	ldr	r2, [pc, #80]	; (200005c4 <reset_non_control_endpoints+0xb0>)
20000572:	6093      	str	r3, [r2, #8]
20000574:	60d3      	str	r3, [r2, #12]
20000576:	22f0      	movs	r2, #240	; 0xf0
20000578:	0092      	lsls	r2, r2, #2
2000057a:	f000 fdc9 	bl	20001110 <____wrap_memset_veneer>
2000057e:	4b12      	ldr	r3, [pc, #72]	; (200005c8 <reset_non_control_endpoints+0xb4>)
20000580:	4a12      	ldr	r2, [pc, #72]	; (200005cc <reset_non_control_endpoints+0xb8>)
20000582:	601a      	str	r2, [r3, #0]
20000584:	bd10      	pop	{r4, pc}
20000586:	46c0      	nop			; (mov r8, r8)
20000588:	50100000 	.word	0x50100000
2000058c:	50100008 	.word	0x50100008
20000590:	50100010 	.word	0x50100010
20000594:	20002a38 	.word	0x20002a38
20000598:	50100018 	.word	0x50100018
2000059c:	50100020 	.word	0x50100020
200005a0:	50100028 	.word	0x50100028
200005a4:	50100030 	.word	0x50100030
200005a8:	50100038 	.word	0x50100038
200005ac:	50100040 	.word	0x50100040
200005b0:	50100048 	.word	0x50100048
200005b4:	50100050 	.word	0x50100050
200005b8:	50100058 	.word	0x50100058
200005bc:	50100060 	.word	0x50100060
200005c0:	50100068 	.word	0x50100068
200005c4:	50100070 	.word	0x50100070
200005c8:	20002e84 	.word	0x20002e84
200005cc:	50100180 	.word	0x50100180

200005d0 <hw_handle_buff_status>:
200005d0:	b5f0      	push	{r4, r5, r6, r7, lr}
200005d2:	464f      	mov	r7, r9
200005d4:	46d6      	mov	lr, sl
200005d6:	4646      	mov	r6, r8
200005d8:	b5c0      	push	{r6, r7, lr}
200005da:	4b20      	ldr	r3, [pc, #128]	; (2000065c <hw_handle_buff_status+0x8c>)
200005dc:	b084      	sub	sp, #16
200005de:	6d9f      	ldr	r7, [r3, #88]	; 0x58
200005e0:	2f00      	cmp	r7, #0
200005e2:	d023      	beq.n	2000062c <hw_handle_buff_status+0x5c>
200005e4:	4b1e      	ldr	r3, [pc, #120]	; (20000660 <hw_handle_buff_status+0x90>)
200005e6:	2400      	movs	r4, #0
200005e8:	469a      	mov	sl, r3
200005ea:	2301      	movs	r3, #1
200005ec:	4699      	mov	r9, r3
200005ee:	4b1d      	ldr	r3, [pc, #116]	; (20000664 <hw_handle_buff_status+0x94>)
200005f0:	2601      	movs	r6, #1
200005f2:	4698      	mov	r8, r3
200005f4:	e004      	b.n	20000600 <hw_handle_buff_status+0x30>
200005f6:	3401      	adds	r4, #1
200005f8:	0076      	lsls	r6, r6, #1
200005fa:	b2e4      	uxtb	r4, r4
200005fc:	2c20      	cmp	r4, #32
200005fe:	d015      	beq.n	2000062c <hw_handle_buff_status+0x5c>
20000600:	423e      	tst	r6, r7
20000602:	d0f8      	beq.n	200005f6 <hw_handle_buff_status+0x26>
20000604:	4653      	mov	r3, sl
20000606:	659e      	str	r6, [r3, #88]	; 0x58
20000608:	464b      	mov	r3, r9
2000060a:	0865      	lsrs	r5, r4, #1
2000060c:	006d      	lsls	r5, r5, #1
2000060e:	43a3      	bics	r3, r4
20000610:	18ed      	adds	r5, r5, r3
20000612:	016d      	lsls	r5, r5, #5
20000614:	4445      	add	r5, r8
20000616:	0028      	movs	r0, r5
20000618:	f000 fc38 	bl	20000e8c <hw_endpoint_xfer_continue>
2000061c:	2800      	cmp	r0, #0
2000061e:	d10b      	bne.n	20000638 <hw_handle_buff_status+0x68>
20000620:	3401      	adds	r4, #1
20000622:	43b7      	bics	r7, r6
20000624:	b2e4      	uxtb	r4, r4
20000626:	0076      	lsls	r6, r6, #1
20000628:	2f00      	cmp	r7, #0
2000062a:	d1e7      	bne.n	200005fc <hw_handle_buff_status+0x2c>
2000062c:	b004      	add	sp, #16
2000062e:	bce0      	pop	{r5, r6, r7}
20000630:	46ba      	mov	sl, r7
20000632:	46b1      	mov	r9, r6
20000634:	46a8      	mov	r8, r5
20000636:	bdf0      	pop	{r4, r5, r6, r7, pc}
20000638:	8aeb      	ldrh	r3, [r5, #22]
2000063a:	21e0      	movs	r1, #224	; 0xe0
2000063c:	9303      	str	r3, [sp, #12]
2000063e:	2300      	movs	r3, #0
20000640:	a801      	add	r0, sp, #4
20000642:	78aa      	ldrb	r2, [r5, #2]
20000644:	00c9      	lsls	r1, r1, #3
20000646:	8001      	strh	r1, [r0, #0]
20000648:	2101      	movs	r1, #1
2000064a:	7102      	strb	r2, [r0, #4]
2000064c:	7143      	strb	r3, [r0, #5]
2000064e:	f000 fc3d 	bl	20000ecc <dcd_event_handler>
20000652:	0028      	movs	r0, r5
20000654:	f000 fbb6 	bl	20000dc4 <hw_endpoint_reset_transfer>
20000658:	e7e2      	b.n	20000620 <hw_handle_buff_status+0x50>
2000065a:	46c0      	nop			; (mov r8, r8)
2000065c:	50110000 	.word	0x50110000
20000660:	50113000 	.word	0x50113000
20000664:	200029f8 	.word	0x200029f8

20000668 <dcd_rp2040_irq>:
20000668:	2398      	movs	r3, #152	; 0x98
2000066a:	b5f0      	push	{r4, r5, r6, r7, lr}
2000066c:	4646      	mov	r6, r8
2000066e:	46d6      	mov	lr, sl
20000670:	464f      	mov	r7, r9
20000672:	4acd      	ldr	r2, [pc, #820]	; (200009a8 <dcd_rp2040_irq+0x340>)
20000674:	b5c0      	push	{r6, r7, lr}
20000676:	58d5      	ldr	r5, [r2, r3]
20000678:	2380      	movs	r3, #128	; 0x80
2000067a:	002c      	movs	r4, r5
2000067c:	029b      	lsls	r3, r3, #10
2000067e:	2610      	movs	r6, #16
20000680:	b084      	sub	sp, #16
20000682:	401c      	ands	r4, r3
20000684:	421d      	tst	r5, r3
20000686:	d073      	beq.n	20000770 <dcd_rp2040_irq+0x108>
20000688:	4bc8      	ldr	r3, [pc, #800]	; (200009ac <dcd_rp2040_irq+0x344>)
2000068a:	4cc9      	ldr	r4, [pc, #804]	; (200009b0 <dcd_rp2040_irq+0x348>)
2000068c:	6a9a      	ldr	r2, [r3, #40]	; 0x28
2000068e:	4bc9      	ldr	r3, [pc, #804]	; (200009b4 <dcd_rp2040_irq+0x34c>)
20000690:	2600      	movs	r6, #0
20000692:	601a      	str	r2, [r3, #0]
20000694:	233b      	movs	r3, #59	; 0x3b
20000696:	5ce3      	ldrb	r3, [r4, r3]
20000698:	2b02      	cmp	r3, #2
2000069a:	d100      	bne.n	2000069e <dcd_rp2040_irq+0x36>
2000069c:	e0fe      	b.n	2000089c <dcd_rp2040_irq+0x234>
2000069e:	237b      	movs	r3, #123	; 0x7b
200006a0:	5ce3      	ldrb	r3, [r4, r3]
200006a2:	2b02      	cmp	r3, #2
200006a4:	d100      	bne.n	200006a8 <dcd_rp2040_irq+0x40>
200006a6:	e11c      	b.n	200008e2 <dcd_rp2040_irq+0x27a>
200006a8:	23bb      	movs	r3, #187	; 0xbb
200006aa:	5ce3      	ldrb	r3, [r4, r3]
200006ac:	2b02      	cmp	r3, #2
200006ae:	d100      	bne.n	200006b2 <dcd_rp2040_irq+0x4a>
200006b0:	e105      	b.n	200008be <dcd_rp2040_irq+0x256>
200006b2:	23fb      	movs	r3, #251	; 0xfb
200006b4:	5ce3      	ldrb	r3, [r4, r3]
200006b6:	2b02      	cmp	r3, #2
200006b8:	d100      	bne.n	200006bc <dcd_rp2040_irq+0x54>
200006ba:	e163      	b.n	20000984 <dcd_rp2040_irq+0x31c>
200006bc:	233c      	movs	r3, #60	; 0x3c
200006be:	33ff      	adds	r3, #255	; 0xff
200006c0:	5ce3      	ldrb	r3, [r4, r3]
200006c2:	2b02      	cmp	r3, #2
200006c4:	d100      	bne.n	200006c8 <dcd_rp2040_irq+0x60>
200006c6:	e148      	b.n	2000095a <dcd_rp2040_irq+0x2f2>
200006c8:	237c      	movs	r3, #124	; 0x7c
200006ca:	33ff      	adds	r3, #255	; 0xff
200006cc:	5ce3      	ldrb	r3, [r4, r3]
200006ce:	2b02      	cmp	r3, #2
200006d0:	d100      	bne.n	200006d4 <dcd_rp2040_irq+0x6c>
200006d2:	e12d      	b.n	20000930 <dcd_rp2040_irq+0x2c8>
200006d4:	23bc      	movs	r3, #188	; 0xbc
200006d6:	33ff      	adds	r3, #255	; 0xff
200006d8:	5ce3      	ldrb	r3, [r4, r3]
200006da:	2b02      	cmp	r3, #2
200006dc:	d100      	bne.n	200006e0 <dcd_rp2040_irq+0x78>
200006de:	e112      	b.n	20000906 <dcd_rp2040_irq+0x29e>
200006e0:	23fc      	movs	r3, #252	; 0xfc
200006e2:	33ff      	adds	r3, #255	; 0xff
200006e4:	5ce3      	ldrb	r3, [r4, r3]
200006e6:	2b02      	cmp	r3, #2
200006e8:	d100      	bne.n	200006ec <dcd_rp2040_irq+0x84>
200006ea:	e20d      	b.n	20000b08 <dcd_rp2040_irq+0x4a0>
200006ec:	4bb2      	ldr	r3, [pc, #712]	; (200009b8 <dcd_rp2040_irq+0x350>)
200006ee:	5ce3      	ldrb	r3, [r4, r3]
200006f0:	2b02      	cmp	r3, #2
200006f2:	d100      	bne.n	200006f6 <dcd_rp2040_irq+0x8e>
200006f4:	e1f4      	b.n	20000ae0 <dcd_rp2040_irq+0x478>
200006f6:	4bb1      	ldr	r3, [pc, #708]	; (200009bc <dcd_rp2040_irq+0x354>)
200006f8:	5ce3      	ldrb	r3, [r4, r3]
200006fa:	2b02      	cmp	r3, #2
200006fc:	d100      	bne.n	20000700 <dcd_rp2040_irq+0x98>
200006fe:	e1db      	b.n	20000ab8 <dcd_rp2040_irq+0x450>
20000700:	4baf      	ldr	r3, [pc, #700]	; (200009c0 <dcd_rp2040_irq+0x358>)
20000702:	5ce3      	ldrb	r3, [r4, r3]
20000704:	2b02      	cmp	r3, #2
20000706:	d100      	bne.n	2000070a <dcd_rp2040_irq+0xa2>
20000708:	e1c2      	b.n	20000a90 <dcd_rp2040_irq+0x428>
2000070a:	4bae      	ldr	r3, [pc, #696]	; (200009c4 <dcd_rp2040_irq+0x35c>)
2000070c:	5ce3      	ldrb	r3, [r4, r3]
2000070e:	2b02      	cmp	r3, #2
20000710:	d100      	bne.n	20000714 <dcd_rp2040_irq+0xac>
20000712:	e1a9      	b.n	20000a68 <dcd_rp2040_irq+0x400>
20000714:	4bac      	ldr	r3, [pc, #688]	; (200009c8 <dcd_rp2040_irq+0x360>)
20000716:	5ce3      	ldrb	r3, [r4, r3]
20000718:	2b02      	cmp	r3, #2
2000071a:	d100      	bne.n	2000071e <dcd_rp2040_irq+0xb6>
2000071c:	e190      	b.n	20000a40 <dcd_rp2040_irq+0x3d8>
2000071e:	4bab      	ldr	r3, [pc, #684]	; (200009cc <dcd_rp2040_irq+0x364>)
20000720:	5ce3      	ldrb	r3, [r4, r3]
20000722:	2b02      	cmp	r3, #2
20000724:	d100      	bne.n	20000728 <dcd_rp2040_irq+0xc0>
20000726:	e177      	b.n	20000a18 <dcd_rp2040_irq+0x3b0>
20000728:	4ba9      	ldr	r3, [pc, #676]	; (200009d0 <dcd_rp2040_irq+0x368>)
2000072a:	5ce3      	ldrb	r3, [r4, r3]
2000072c:	2b02      	cmp	r3, #2
2000072e:	d100      	bne.n	20000732 <dcd_rp2040_irq+0xca>
20000730:	e15c      	b.n	200009ec <dcd_rp2040_irq+0x384>
20000732:	4ba8      	ldr	r3, [pc, #672]	; (200009d4 <dcd_rp2040_irq+0x36c>)
20000734:	5ce3      	ldrb	r3, [r4, r3]
20000736:	2b02      	cmp	r3, #2
20000738:	d100      	bne.n	2000073c <dcd_rp2040_irq+0xd4>
2000073a:	e1fa      	b.n	20000b32 <dcd_rp2040_irq+0x4ca>
2000073c:	2e00      	cmp	r6, #0
2000073e:	d108      	bne.n	20000752 <dcd_rp2040_irq+0xea>
20000740:	4ba5      	ldr	r3, [pc, #660]	; (200009d8 <dcd_rp2040_irq+0x370>)
20000742:	781b      	ldrb	r3, [r3, #0]
20000744:	2b00      	cmp	r3, #0
20000746:	d104      	bne.n	20000752 <dcd_rp2040_irq+0xea>
20000748:	2180      	movs	r1, #128	; 0x80
2000074a:	4aa4      	ldr	r2, [pc, #656]	; (200009dc <dcd_rp2040_irq+0x374>)
2000074c:	3390      	adds	r3, #144	; 0x90
2000074e:	0289      	lsls	r1, r1, #10
20000750:	50d1      	str	r1, [r2, r3]
20000752:	22c0      	movs	r2, #192	; 0xc0
20000754:	4b94      	ldr	r3, [pc, #592]	; (200009a8 <dcd_rp2040_irq+0x340>)
20000756:	a801      	add	r0, sp, #4
20000758:	6c9b      	ldr	r3, [r3, #72]	; 0x48
2000075a:	0092      	lsls	r2, r2, #2
2000075c:	055b      	lsls	r3, r3, #21
2000075e:	0d5b      	lsrs	r3, r3, #21
20000760:	2101      	movs	r1, #1
20000762:	2480      	movs	r4, #128	; 0x80
20000764:	8002      	strh	r2, [r0, #0]
20000766:	6043      	str	r3, [r0, #4]
20000768:	f000 fbb0 	bl	20000ecc <dcd_event_handler>
2000076c:	4e9c      	ldr	r6, [pc, #624]	; (200009e0 <dcd_rp2040_irq+0x378>)
2000076e:	02a4      	lsls	r4, r4, #10
20000770:	06eb      	lsls	r3, r5, #27
20000772:	d500      	bpl.n	20000776 <dcd_rp2040_irq+0x10e>
20000774:	e086      	b.n	20000884 <dcd_rp2040_irq+0x21c>
20000776:	2380      	movs	r3, #128	; 0x80
20000778:	025b      	lsls	r3, r3, #9
2000077a:	421d      	tst	r5, r3
2000077c:	d037      	beq.n	200007ee <dcd_rp2040_irq+0x186>
2000077e:	431c      	orrs	r4, r3
20000780:	2300      	movs	r3, #0
20000782:	4698      	mov	r8, r3
20000784:	3302      	adds	r3, #2
20000786:	4699      	mov	r9, r3
20000788:	4b96      	ldr	r3, [pc, #600]	; (200009e4 <dcd_rp2040_irq+0x37c>)
2000078a:	4e89      	ldr	r6, [pc, #548]	; (200009b0 <dcd_rp2040_irq+0x348>)
2000078c:	469a      	mov	sl, r3
2000078e:	7eb3      	ldrb	r3, [r6, #26]
20000790:	2b00      	cmp	r3, #0
20000792:	d017      	beq.n	200007c4 <dcd_rp2040_irq+0x15c>
20000794:	464b      	mov	r3, r9
20000796:	4642      	mov	r2, r8
20000798:	1a9f      	subs	r7, r3, r2
2000079a:	f000 fca9 	bl	200010f0 <__rp2040_chip_version_veneer>
2000079e:	2801      	cmp	r0, #1
200007a0:	d900      	bls.n	200007a4 <dcd_rp2040_irq+0x13c>
200007a2:	e073      	b.n	2000088c <dcd_rp2040_irq+0x224>
200007a4:	22c0      	movs	r2, #192	; 0xc0
200007a6:	2100      	movs	r1, #0
200007a8:	0030      	movs	r0, r6
200007aa:	0192      	lsls	r2, r2, #6
200007ac:	f000 fb10 	bl	20000dd0 <_hw_endpoint_buffer_control_update32>
200007b0:	0030      	movs	r0, r6
200007b2:	f000 fb07 	bl	20000dc4 <hw_endpoint_reset_transfer>
200007b6:	f000 fc9b 	bl	200010f0 <__rp2040_chip_version_veneer>
200007ba:	2801      	cmp	r0, #1
200007bc:	d902      	bls.n	200007c4 <dcd_rp2040_irq+0x15c>
200007be:	4b87      	ldr	r3, [pc, #540]	; (200009dc <dcd_rp2040_irq+0x374>)
200007c0:	665f      	str	r7, [r3, #100]	; 0x64
200007c2:	661f      	str	r7, [r3, #96]	; 0x60
200007c4:	2301      	movs	r3, #1
200007c6:	70f3      	strb	r3, [r6, #3]
200007c8:	4643      	mov	r3, r8
200007ca:	3620      	adds	r6, #32
200007cc:	2b01      	cmp	r3, #1
200007ce:	d123      	bne.n	20000818 <dcd_rp2040_irq+0x1b0>
200007d0:	23c0      	movs	r3, #192	; 0xc0
200007d2:	a801      	add	r0, sp, #4
200007d4:	00db      	lsls	r3, r3, #3
200007d6:	4a84      	ldr	r2, [pc, #528]	; (200009e8 <dcd_rp2040_irq+0x380>)
200007d8:	8003      	strh	r3, [r0, #0]
200007da:	ab02      	add	r3, sp, #8
200007dc:	ca42      	ldmia	r2!, {r1, r6}
200007de:	c342      	stmia	r3!, {r1, r6}
200007e0:	2101      	movs	r1, #1
200007e2:	f000 fb73 	bl	20000ecc <dcd_event_handler>
200007e6:	2280      	movs	r2, #128	; 0x80
200007e8:	4b7c      	ldr	r3, [pc, #496]	; (200009dc <dcd_rp2040_irq+0x374>)
200007ea:	0292      	lsls	r2, r2, #10
200007ec:	651a      	str	r2, [r3, #80]	; 0x50
200007ee:	2380      	movs	r3, #128	; 0x80
200007f0:	015b      	lsls	r3, r3, #5
200007f2:	421d      	tst	r5, r3
200007f4:	d113      	bne.n	2000081e <dcd_rp2040_irq+0x1b6>
200007f6:	2380      	movs	r3, #128	; 0x80
200007f8:	01db      	lsls	r3, r3, #7
200007fa:	421d      	tst	r5, r3
200007fc:	d126      	bne.n	2000084c <dcd_rp2040_irq+0x1e4>
200007fe:	2380      	movs	r3, #128	; 0x80
20000800:	021b      	lsls	r3, r3, #8
20000802:	421d      	tst	r5, r3
20000804:	d131      	bne.n	2000086a <dcd_rp2040_irq+0x202>
20000806:	42ac      	cmp	r4, r5
20000808:	d000      	beq.n	2000080c <dcd_rp2040_irq+0x1a4>
2000080a:	e1ac      	b.n	20000b66 <dcd_rp2040_irq+0x4fe>
2000080c:	b004      	add	sp, #16
2000080e:	bce0      	pop	{r5, r6, r7}
20000810:	46ba      	mov	sl, r7
20000812:	46b1      	mov	r9, r6
20000814:	46a8      	mov	r8, r5
20000816:	bdf0      	pop	{r4, r5, r6, r7, pc}
20000818:	2301      	movs	r3, #1
2000081a:	4698      	mov	r8, r3
2000081c:	e7b7      	b.n	2000078e <dcd_rp2040_irq+0x126>
2000081e:	2600      	movs	r6, #0
20000820:	431c      	orrs	r4, r3
20000822:	4b61      	ldr	r3, [pc, #388]	; (200009a8 <dcd_rp2040_irq+0x340>)
20000824:	601e      	str	r6, [r3, #0]
20000826:	f7ff fe75 	bl	20000514 <reset_non_control_endpoints>
2000082a:	2380      	movs	r3, #128	; 0x80
2000082c:	466a      	mov	r2, sp
2000082e:	005b      	lsls	r3, r3, #1
20000830:	8093      	strh	r3, [r2, #4]
20000832:	7216      	strb	r6, [r2, #8]
20000834:	2101      	movs	r1, #1
20000836:	a801      	add	r0, sp, #4
20000838:	f000 fb48 	bl	20000ecc <dcd_event_handler>
2000083c:	2280      	movs	r2, #128	; 0x80
2000083e:	4b67      	ldr	r3, [pc, #412]	; (200009dc <dcd_rp2040_irq+0x374>)
20000840:	0312      	lsls	r2, r2, #12
20000842:	651a      	str	r2, [r3, #80]	; 0x50
20000844:	2380      	movs	r3, #128	; 0x80
20000846:	01db      	lsls	r3, r3, #7
20000848:	421d      	tst	r5, r3
2000084a:	d0d8      	beq.n	200007fe <dcd_rp2040_irq+0x196>
2000084c:	431c      	orrs	r4, r3
2000084e:	2380      	movs	r3, #128	; 0x80
20000850:	a801      	add	r0, sp, #4
20000852:	00db      	lsls	r3, r3, #3
20000854:	8003      	strh	r3, [r0, #0]
20000856:	2101      	movs	r1, #1
20000858:	f000 fb38 	bl	20000ecc <dcd_event_handler>
2000085c:	2210      	movs	r2, #16
2000085e:	4b5f      	ldr	r3, [pc, #380]	; (200009dc <dcd_rp2040_irq+0x374>)
20000860:	651a      	str	r2, [r3, #80]	; 0x50
20000862:	2380      	movs	r3, #128	; 0x80
20000864:	021b      	lsls	r3, r3, #8
20000866:	421d      	tst	r5, r3
20000868:	d0cd      	beq.n	20000806 <dcd_rp2040_irq+0x19e>
2000086a:	431c      	orrs	r4, r3
2000086c:	23a0      	movs	r3, #160	; 0xa0
2000086e:	a801      	add	r0, sp, #4
20000870:	00db      	lsls	r3, r3, #3
20000872:	8003      	strh	r3, [r0, #0]
20000874:	2101      	movs	r1, #1
20000876:	f000 fb29 	bl	20000ecc <dcd_event_handler>
2000087a:	2280      	movs	r2, #128	; 0x80
2000087c:	4b57      	ldr	r3, [pc, #348]	; (200009dc <dcd_rp2040_irq+0x374>)
2000087e:	0112      	lsls	r2, r2, #4
20000880:	651a      	str	r2, [r3, #80]	; 0x50
20000882:	e7c0      	b.n	20000806 <dcd_rp2040_irq+0x19e>
20000884:	f7ff fea4 	bl	200005d0 <hw_handle_buff_status>
20000888:	0034      	movs	r4, r6
2000088a:	e774      	b.n	20000776 <dcd_rp2040_irq+0x10e>
2000088c:	4653      	mov	r3, sl
2000088e:	4a46      	ldr	r2, [pc, #280]	; (200009a8 <dcd_rp2040_irq+0x340>)
20000890:	661f      	str	r7, [r3, #96]	; 0x60
20000892:	6e53      	ldr	r3, [r2, #100]	; 0x64
20000894:	403b      	ands	r3, r7
20000896:	42bb      	cmp	r3, r7
20000898:	d1fb      	bne.n	20000892 <dcd_rp2040_irq+0x22a>
2000089a:	e783      	b.n	200007a4 <dcd_rp2040_irq+0x13c>
2000089c:	3338      	adds	r3, #56	; 0x38
2000089e:	5ce6      	ldrb	r6, [r4, r3]
200008a0:	2e00      	cmp	r6, #0
200008a2:	d100      	bne.n	200008a6 <dcd_rp2040_irq+0x23e>
200008a4:	e6fb      	b.n	2000069e <dcd_rp2040_irq+0x36>
200008a6:	3302      	adds	r3, #2
200008a8:	5ce2      	ldrb	r2, [r4, r3]
200008aa:	2a00      	cmp	r2, #0
200008ac:	d100      	bne.n	200008b0 <dcd_rp2040_irq+0x248>
200008ae:	e6f6      	b.n	2000069e <dcd_rp2040_irq+0x36>
200008b0:	2200      	movs	r2, #0
200008b2:	0020      	movs	r0, r4
200008b4:	54e2      	strb	r2, [r4, r3]
200008b6:	3020      	adds	r0, #32
200008b8:	f000 fab2 	bl	20000e20 <hw_endpoint_start_next_buffer>
200008bc:	e6ef      	b.n	2000069e <dcd_rp2040_irq+0x36>
200008be:	33b8      	adds	r3, #184	; 0xb8
200008c0:	5ce3      	ldrb	r3, [r4, r3]
200008c2:	2b00      	cmp	r3, #0
200008c4:	d100      	bne.n	200008c8 <dcd_rp2040_irq+0x260>
200008c6:	e6f4      	b.n	200006b2 <dcd_rp2040_irq+0x4a>
200008c8:	22bc      	movs	r2, #188	; 0xbc
200008ca:	5ca1      	ldrb	r1, [r4, r2]
200008cc:	001e      	movs	r6, r3
200008ce:	2900      	cmp	r1, #0
200008d0:	d100      	bne.n	200008d4 <dcd_rp2040_irq+0x26c>
200008d2:	e6ee      	b.n	200006b2 <dcd_rp2040_irq+0x4a>
200008d4:	2300      	movs	r3, #0
200008d6:	0020      	movs	r0, r4
200008d8:	54a3      	strb	r3, [r4, r2]
200008da:	30a0      	adds	r0, #160	; 0xa0
200008dc:	f000 faa0 	bl	20000e20 <hw_endpoint_start_next_buffer>
200008e0:	e6e7      	b.n	200006b2 <dcd_rp2040_irq+0x4a>
200008e2:	3378      	adds	r3, #120	; 0x78
200008e4:	5ce3      	ldrb	r3, [r4, r3]
200008e6:	2b00      	cmp	r3, #0
200008e8:	d100      	bne.n	200008ec <dcd_rp2040_irq+0x284>
200008ea:	e6dd      	b.n	200006a8 <dcd_rp2040_irq+0x40>
200008ec:	227c      	movs	r2, #124	; 0x7c
200008ee:	5ca1      	ldrb	r1, [r4, r2]
200008f0:	001e      	movs	r6, r3
200008f2:	2900      	cmp	r1, #0
200008f4:	d100      	bne.n	200008f8 <dcd_rp2040_irq+0x290>
200008f6:	e6d7      	b.n	200006a8 <dcd_rp2040_irq+0x40>
200008f8:	2300      	movs	r3, #0
200008fa:	0020      	movs	r0, r4
200008fc:	54a3      	strb	r3, [r4, r2]
200008fe:	3060      	adds	r0, #96	; 0x60
20000900:	f000 fa8e 	bl	20000e20 <hw_endpoint_start_next_buffer>
20000904:	e6d0      	b.n	200006a8 <dcd_rp2040_irq+0x40>
20000906:	33b9      	adds	r3, #185	; 0xb9
20000908:	33ff      	adds	r3, #255	; 0xff
2000090a:	5ce3      	ldrb	r3, [r4, r3]
2000090c:	2b00      	cmp	r3, #0
2000090e:	d100      	bne.n	20000912 <dcd_rp2040_irq+0x2aa>
20000910:	e6e6      	b.n	200006e0 <dcd_rp2040_irq+0x78>
20000912:	22de      	movs	r2, #222	; 0xde
20000914:	0052      	lsls	r2, r2, #1
20000916:	5ca1      	ldrb	r1, [r4, r2]
20000918:	001e      	movs	r6, r3
2000091a:	2900      	cmp	r1, #0
2000091c:	d100      	bne.n	20000920 <dcd_rp2040_irq+0x2b8>
2000091e:	e6df      	b.n	200006e0 <dcd_rp2040_irq+0x78>
20000920:	0020      	movs	r0, r4
20000922:	2300      	movs	r3, #0
20000924:	30a1      	adds	r0, #161	; 0xa1
20000926:	54a3      	strb	r3, [r4, r2]
20000928:	30ff      	adds	r0, #255	; 0xff
2000092a:	f000 fa79 	bl	20000e20 <hw_endpoint_start_next_buffer>
2000092e:	e6d7      	b.n	200006e0 <dcd_rp2040_irq+0x78>
20000930:	3379      	adds	r3, #121	; 0x79
20000932:	33ff      	adds	r3, #255	; 0xff
20000934:	5ce3      	ldrb	r3, [r4, r3]
20000936:	2b00      	cmp	r3, #0
20000938:	d100      	bne.n	2000093c <dcd_rp2040_irq+0x2d4>
2000093a:	e6cb      	b.n	200006d4 <dcd_rp2040_irq+0x6c>
2000093c:	22be      	movs	r2, #190	; 0xbe
2000093e:	0052      	lsls	r2, r2, #1
20000940:	5ca1      	ldrb	r1, [r4, r2]
20000942:	001e      	movs	r6, r3
20000944:	2900      	cmp	r1, #0
20000946:	d100      	bne.n	2000094a <dcd_rp2040_irq+0x2e2>
20000948:	e6c4      	b.n	200006d4 <dcd_rp2040_irq+0x6c>
2000094a:	0020      	movs	r0, r4
2000094c:	2300      	movs	r3, #0
2000094e:	3061      	adds	r0, #97	; 0x61
20000950:	54a3      	strb	r3, [r4, r2]
20000952:	30ff      	adds	r0, #255	; 0xff
20000954:	f000 fa64 	bl	20000e20 <hw_endpoint_start_next_buffer>
20000958:	e6bc      	b.n	200006d4 <dcd_rp2040_irq+0x6c>
2000095a:	3339      	adds	r3, #57	; 0x39
2000095c:	33ff      	adds	r3, #255	; 0xff
2000095e:	5ce3      	ldrb	r3, [r4, r3]
20000960:	2b00      	cmp	r3, #0
20000962:	d100      	bne.n	20000966 <dcd_rp2040_irq+0x2fe>
20000964:	e6b0      	b.n	200006c8 <dcd_rp2040_irq+0x60>
20000966:	229e      	movs	r2, #158	; 0x9e
20000968:	0052      	lsls	r2, r2, #1
2000096a:	5ca1      	ldrb	r1, [r4, r2]
2000096c:	001e      	movs	r6, r3
2000096e:	2900      	cmp	r1, #0
20000970:	d100      	bne.n	20000974 <dcd_rp2040_irq+0x30c>
20000972:	e6a9      	b.n	200006c8 <dcd_rp2040_irq+0x60>
20000974:	0020      	movs	r0, r4
20000976:	2300      	movs	r3, #0
20000978:	3021      	adds	r0, #33	; 0x21
2000097a:	54a3      	strb	r3, [r4, r2]
2000097c:	30ff      	adds	r0, #255	; 0xff
2000097e:	f000 fa4f 	bl	20000e20 <hw_endpoint_start_next_buffer>
20000982:	e6a1      	b.n	200006c8 <dcd_rp2040_irq+0x60>
20000984:	33f8      	adds	r3, #248	; 0xf8
20000986:	5ce3      	ldrb	r3, [r4, r3]
20000988:	2b00      	cmp	r3, #0
2000098a:	d100      	bne.n	2000098e <dcd_rp2040_irq+0x326>
2000098c:	e696      	b.n	200006bc <dcd_rp2040_irq+0x54>
2000098e:	22fc      	movs	r2, #252	; 0xfc
20000990:	5ca1      	ldrb	r1, [r4, r2]
20000992:	001e      	movs	r6, r3
20000994:	2900      	cmp	r1, #0
20000996:	d100      	bne.n	2000099a <dcd_rp2040_irq+0x332>
20000998:	e690      	b.n	200006bc <dcd_rp2040_irq+0x54>
2000099a:	2300      	movs	r3, #0
2000099c:	0020      	movs	r0, r4
2000099e:	54a3      	strb	r3, [r4, r2]
200009a0:	30e0      	adds	r0, #224	; 0xe0
200009a2:	f000 fa3d 	bl	20000e20 <hw_endpoint_start_next_buffer>
200009a6:	e689      	b.n	200006bc <dcd_rp2040_irq+0x54>
200009a8:	50110000 	.word	0x50110000
200009ac:	40054000 	.word	0x40054000
200009b0:	200029f8 	.word	0x200029f8
200009b4:	200021a4 	.word	0x200021a4
200009b8:	0000023b 	.word	0x0000023b
200009bc:	0000027b 	.word	0x0000027b
200009c0:	000002bb 	.word	0x000002bb
200009c4:	000002fb 	.word	0x000002fb
200009c8:	0000033b 	.word	0x0000033b
200009cc:	0000037b 	.word	0x0000037b
200009d0:	000003bb 	.word	0x000003bb
200009d4:	000003fb 	.word	0x000003fb
200009d8:	2000406e 	.word	0x2000406e
200009dc:	50113000 	.word	0x50113000
200009e0:	00020010 	.word	0x00020010
200009e4:	50112000 	.word	0x50112000
200009e8:	50100000 	.word	0x50100000
200009ec:	4b60      	ldr	r3, [pc, #384]	; (20000b70 <dcd_rp2040_irq+0x508>)
200009ee:	5ce3      	ldrb	r3, [r4, r3]
200009f0:	2b00      	cmp	r3, #0
200009f2:	d100      	bne.n	200009f6 <dcd_rp2040_irq+0x38e>
200009f4:	e69d      	b.n	20000732 <dcd_rp2040_irq+0xca>
200009f6:	23ef      	movs	r3, #239	; 0xef
200009f8:	009b      	lsls	r3, r3, #2
200009fa:	5ce2      	ldrb	r2, [r4, r3]
200009fc:	2a00      	cmp	r2, #0
200009fe:	d000      	beq.n	20000a02 <dcd_rp2040_irq+0x39a>
20000a00:	e0a9      	b.n	20000b56 <dcd_rp2040_irq+0x4ee>
20000a02:	4b5c      	ldr	r3, [pc, #368]	; (20000b74 <dcd_rp2040_irq+0x50c>)
20000a04:	5ce3      	ldrb	r3, [r4, r3]
20000a06:	2b02      	cmp	r3, #2
20000a08:	d000      	beq.n	20000a0c <dcd_rp2040_irq+0x3a4>
20000a0a:	e6a2      	b.n	20000752 <dcd_rp2040_irq+0xea>
20000a0c:	4b5a      	ldr	r3, [pc, #360]	; (20000b78 <dcd_rp2040_irq+0x510>)
20000a0e:	5ce3      	ldrb	r3, [r4, r3]
20000a10:	2b00      	cmp	r3, #0
20000a12:	d000      	beq.n	20000a16 <dcd_rp2040_irq+0x3ae>
20000a14:	e092      	b.n	20000b3c <dcd_rp2040_irq+0x4d4>
20000a16:	e69c      	b.n	20000752 <dcd_rp2040_irq+0xea>
20000a18:	4b58      	ldr	r3, [pc, #352]	; (20000b7c <dcd_rp2040_irq+0x514>)
20000a1a:	5ce3      	ldrb	r3, [r4, r3]
20000a1c:	2b00      	cmp	r3, #0
20000a1e:	d100      	bne.n	20000a22 <dcd_rp2040_irq+0x3ba>
20000a20:	e682      	b.n	20000728 <dcd_rp2040_irq+0xc0>
20000a22:	22df      	movs	r2, #223	; 0xdf
20000a24:	0092      	lsls	r2, r2, #2
20000a26:	5ca1      	ldrb	r1, [r4, r2]
20000a28:	001e      	movs	r6, r3
20000a2a:	2900      	cmp	r1, #0
20000a2c:	d100      	bne.n	20000a30 <dcd_rp2040_irq+0x3c8>
20000a2e:	e67b      	b.n	20000728 <dcd_rp2040_irq+0xc0>
20000a30:	2300      	movs	r3, #0
20000a32:	54a3      	strb	r3, [r4, r2]
20000a34:	23d8      	movs	r3, #216	; 0xd8
20000a36:	009b      	lsls	r3, r3, #2
20000a38:	18e0      	adds	r0, r4, r3
20000a3a:	f000 f9f1 	bl	20000e20 <hw_endpoint_start_next_buffer>
20000a3e:	e673      	b.n	20000728 <dcd_rp2040_irq+0xc0>
20000a40:	4b4f      	ldr	r3, [pc, #316]	; (20000b80 <dcd_rp2040_irq+0x518>)
20000a42:	5ce3      	ldrb	r3, [r4, r3]
20000a44:	2b00      	cmp	r3, #0
20000a46:	d100      	bne.n	20000a4a <dcd_rp2040_irq+0x3e2>
20000a48:	e669      	b.n	2000071e <dcd_rp2040_irq+0xb6>
20000a4a:	22cf      	movs	r2, #207	; 0xcf
20000a4c:	0092      	lsls	r2, r2, #2
20000a4e:	5ca1      	ldrb	r1, [r4, r2]
20000a50:	001e      	movs	r6, r3
20000a52:	2900      	cmp	r1, #0
20000a54:	d100      	bne.n	20000a58 <dcd_rp2040_irq+0x3f0>
20000a56:	e662      	b.n	2000071e <dcd_rp2040_irq+0xb6>
20000a58:	2300      	movs	r3, #0
20000a5a:	54a3      	strb	r3, [r4, r2]
20000a5c:	23c8      	movs	r3, #200	; 0xc8
20000a5e:	009b      	lsls	r3, r3, #2
20000a60:	18e0      	adds	r0, r4, r3
20000a62:	f000 f9dd 	bl	20000e20 <hw_endpoint_start_next_buffer>
20000a66:	e65a      	b.n	2000071e <dcd_rp2040_irq+0xb6>
20000a68:	4b46      	ldr	r3, [pc, #280]	; (20000b84 <dcd_rp2040_irq+0x51c>)
20000a6a:	5ce3      	ldrb	r3, [r4, r3]
20000a6c:	2b00      	cmp	r3, #0
20000a6e:	d100      	bne.n	20000a72 <dcd_rp2040_irq+0x40a>
20000a70:	e650      	b.n	20000714 <dcd_rp2040_irq+0xac>
20000a72:	22bf      	movs	r2, #191	; 0xbf
20000a74:	0092      	lsls	r2, r2, #2
20000a76:	5ca1      	ldrb	r1, [r4, r2]
20000a78:	001e      	movs	r6, r3
20000a7a:	2900      	cmp	r1, #0
20000a7c:	d100      	bne.n	20000a80 <dcd_rp2040_irq+0x418>
20000a7e:	e649      	b.n	20000714 <dcd_rp2040_irq+0xac>
20000a80:	2300      	movs	r3, #0
20000a82:	54a3      	strb	r3, [r4, r2]
20000a84:	23b8      	movs	r3, #184	; 0xb8
20000a86:	009b      	lsls	r3, r3, #2
20000a88:	18e0      	adds	r0, r4, r3
20000a8a:	f000 f9c9 	bl	20000e20 <hw_endpoint_start_next_buffer>
20000a8e:	e641      	b.n	20000714 <dcd_rp2040_irq+0xac>
20000a90:	4b3d      	ldr	r3, [pc, #244]	; (20000b88 <dcd_rp2040_irq+0x520>)
20000a92:	5ce3      	ldrb	r3, [r4, r3]
20000a94:	2b00      	cmp	r3, #0
20000a96:	d100      	bne.n	20000a9a <dcd_rp2040_irq+0x432>
20000a98:	e637      	b.n	2000070a <dcd_rp2040_irq+0xa2>
20000a9a:	22af      	movs	r2, #175	; 0xaf
20000a9c:	0092      	lsls	r2, r2, #2
20000a9e:	5ca1      	ldrb	r1, [r4, r2]
20000aa0:	001e      	movs	r6, r3
20000aa2:	2900      	cmp	r1, #0
20000aa4:	d100      	bne.n	20000aa8 <dcd_rp2040_irq+0x440>
20000aa6:	e630      	b.n	2000070a <dcd_rp2040_irq+0xa2>
20000aa8:	2300      	movs	r3, #0
20000aaa:	54a3      	strb	r3, [r4, r2]
20000aac:	23a8      	movs	r3, #168	; 0xa8
20000aae:	009b      	lsls	r3, r3, #2
20000ab0:	18e0      	adds	r0, r4, r3
20000ab2:	f000 f9b5 	bl	20000e20 <hw_endpoint_start_next_buffer>
20000ab6:	e628      	b.n	2000070a <dcd_rp2040_irq+0xa2>
20000ab8:	4b34      	ldr	r3, [pc, #208]	; (20000b8c <dcd_rp2040_irq+0x524>)
20000aba:	5ce3      	ldrb	r3, [r4, r3]
20000abc:	2b00      	cmp	r3, #0
20000abe:	d100      	bne.n	20000ac2 <dcd_rp2040_irq+0x45a>
20000ac0:	e61e      	b.n	20000700 <dcd_rp2040_irq+0x98>
20000ac2:	229f      	movs	r2, #159	; 0x9f
20000ac4:	0092      	lsls	r2, r2, #2
20000ac6:	5ca1      	ldrb	r1, [r4, r2]
20000ac8:	001e      	movs	r6, r3
20000aca:	2900      	cmp	r1, #0
20000acc:	d100      	bne.n	20000ad0 <dcd_rp2040_irq+0x468>
20000ace:	e617      	b.n	20000700 <dcd_rp2040_irq+0x98>
20000ad0:	2300      	movs	r3, #0
20000ad2:	54a3      	strb	r3, [r4, r2]
20000ad4:	2398      	movs	r3, #152	; 0x98
20000ad6:	009b      	lsls	r3, r3, #2
20000ad8:	18e0      	adds	r0, r4, r3
20000ada:	f000 f9a1 	bl	20000e20 <hw_endpoint_start_next_buffer>
20000ade:	e60f      	b.n	20000700 <dcd_rp2040_irq+0x98>
20000ae0:	4b2b      	ldr	r3, [pc, #172]	; (20000b90 <dcd_rp2040_irq+0x528>)
20000ae2:	5ce3      	ldrb	r3, [r4, r3]
20000ae4:	2b00      	cmp	r3, #0
20000ae6:	d100      	bne.n	20000aea <dcd_rp2040_irq+0x482>
20000ae8:	e605      	b.n	200006f6 <dcd_rp2040_irq+0x8e>
20000aea:	228f      	movs	r2, #143	; 0x8f
20000aec:	0092      	lsls	r2, r2, #2
20000aee:	5ca1      	ldrb	r1, [r4, r2]
20000af0:	001e      	movs	r6, r3
20000af2:	2900      	cmp	r1, #0
20000af4:	d100      	bne.n	20000af8 <dcd_rp2040_irq+0x490>
20000af6:	e5fe      	b.n	200006f6 <dcd_rp2040_irq+0x8e>
20000af8:	2300      	movs	r3, #0
20000afa:	54a3      	strb	r3, [r4, r2]
20000afc:	2388      	movs	r3, #136	; 0x88
20000afe:	009b      	lsls	r3, r3, #2
20000b00:	18e0      	adds	r0, r4, r3
20000b02:	f000 f98d 	bl	20000e20 <hw_endpoint_start_next_buffer>
20000b06:	e5f6      	b.n	200006f6 <dcd_rp2040_irq+0x8e>
20000b08:	33f9      	adds	r3, #249	; 0xf9
20000b0a:	33ff      	adds	r3, #255	; 0xff
20000b0c:	5ce3      	ldrb	r3, [r4, r3]
20000b0e:	2b00      	cmp	r3, #0
20000b10:	d100      	bne.n	20000b14 <dcd_rp2040_irq+0x4ac>
20000b12:	e5eb      	b.n	200006ec <dcd_rp2040_irq+0x84>
20000b14:	22fe      	movs	r2, #254	; 0xfe
20000b16:	0052      	lsls	r2, r2, #1
20000b18:	5ca1      	ldrb	r1, [r4, r2]
20000b1a:	001e      	movs	r6, r3
20000b1c:	2900      	cmp	r1, #0
20000b1e:	d100      	bne.n	20000b22 <dcd_rp2040_irq+0x4ba>
20000b20:	e5e4      	b.n	200006ec <dcd_rp2040_irq+0x84>
20000b22:	0020      	movs	r0, r4
20000b24:	2300      	movs	r3, #0
20000b26:	30e1      	adds	r0, #225	; 0xe1
20000b28:	54a3      	strb	r3, [r4, r2]
20000b2a:	30ff      	adds	r0, #255	; 0xff
20000b2c:	f000 f978 	bl	20000e20 <hw_endpoint_start_next_buffer>
20000b30:	e5dc      	b.n	200006ec <dcd_rp2040_irq+0x84>
20000b32:	4b11      	ldr	r3, [pc, #68]	; (20000b78 <dcd_rp2040_irq+0x510>)
20000b34:	5ce3      	ldrb	r3, [r4, r3]
20000b36:	2b00      	cmp	r3, #0
20000b38:	d100      	bne.n	20000b3c <dcd_rp2040_irq+0x4d4>
20000b3a:	e5ff      	b.n	2000073c <dcd_rp2040_irq+0xd4>
20000b3c:	23ff      	movs	r3, #255	; 0xff
20000b3e:	009b      	lsls	r3, r3, #2
20000b40:	5ce2      	ldrb	r2, [r4, r3]
20000b42:	2a00      	cmp	r2, #0
20000b44:	d100      	bne.n	20000b48 <dcd_rp2040_irq+0x4e0>
20000b46:	e604      	b.n	20000752 <dcd_rp2040_irq+0xea>
20000b48:	2200      	movs	r2, #0
20000b4a:	54e2      	strb	r2, [r4, r3]
20000b4c:	3b1c      	subs	r3, #28
20000b4e:	18e0      	adds	r0, r4, r3
20000b50:	f000 f966 	bl	20000e20 <hw_endpoint_start_next_buffer>
20000b54:	e5fd      	b.n	20000752 <dcd_rp2040_irq+0xea>
20000b56:	2200      	movs	r2, #0
20000b58:	54e2      	strb	r2, [r4, r3]
20000b5a:	23e8      	movs	r3, #232	; 0xe8
20000b5c:	009b      	lsls	r3, r3, #2
20000b5e:	18e0      	adds	r0, r4, r3
20000b60:	f000 f95e 	bl	20000e20 <hw_endpoint_start_next_buffer>
20000b64:	e74d      	b.n	20000a02 <dcd_rp2040_irq+0x39a>
20000b66:	0021      	movs	r1, r4
20000b68:	480a      	ldr	r0, [pc, #40]	; (20000b94 <dcd_rp2040_irq+0x52c>)
20000b6a:	4069      	eors	r1, r5
20000b6c:	f000 fab8 	bl	200010e0 <__panic_veneer>
20000b70:	000003ba 	.word	0x000003ba
20000b74:	000003fb 	.word	0x000003fb
20000b78:	000003fa 	.word	0x000003fa
20000b7c:	0000037a 	.word	0x0000037a
20000b80:	0000033a 	.word	0x0000033a
20000b84:	000002fa 	.word	0x000002fa
20000b88:	000002ba 	.word	0x000002ba
20000b8c:	0000027a 	.word	0x0000027a
20000b90:	0000023a 	.word	0x0000023a
20000b94:	1000af8c 	.word	0x1000af8c

20000b98 <prepare_ep_buffer>:
20000b98:	b5f0      	push	{r4, r5, r6, r7, lr}
20000b9a:	46d6      	mov	lr, sl
20000b9c:	464f      	mov	r7, r9
20000b9e:	4646      	mov	r6, r8
20000ba0:	0003      	movs	r3, r0
20000ba2:	b5c0      	push	{r6, r7, lr}
20000ba4:	8b1c      	ldrh	r4, [r3, #24]
20000ba6:	8a80      	ldrh	r0, [r0, #20]
20000ba8:	468a      	mov	sl, r1
20000baa:	1c22      	adds	r2, r4, #0
20000bac:	4284      	cmp	r4, r0
20000bae:	d900      	bls.n	20000bb2 <prepare_ep_buffer+0x1a>
20000bb0:	1c02      	adds	r2, r0, #0
20000bb2:	2680      	movs	r6, #128	; 0x80
20000bb4:	b292      	uxth	r2, r2
20000bb6:	1a80      	subs	r0, r0, r2
20000bb8:	78dd      	ldrb	r5, [r3, #3]
20000bba:	b284      	uxth	r4, r0
20000bbc:	00f6      	lsls	r6, r6, #3
20000bbe:	829c      	strh	r4, [r3, #20]
20000bc0:	4316      	orrs	r6, r2
20000bc2:	2d00      	cmp	r5, #0
20000bc4:	d002      	beq.n	20000bcc <prepare_ep_buffer+0x34>
20000bc6:	2690      	movs	r6, #144	; 0x90
20000bc8:	01b6      	lsls	r6, r6, #6
20000bca:	4316      	orrs	r6, r2
20000bcc:	2701      	movs	r7, #1
20000bce:	407d      	eors	r5, r7
20000bd0:	70dd      	strb	r5, [r3, #3]
20000bd2:	785d      	ldrb	r5, [r3, #1]
20000bd4:	0030      	movs	r0, r6
20000bd6:	2d00      	cmp	r5, #0
20000bd8:	d141      	bne.n	20000c5e <prepare_ep_buffer+0xc6>
20000bda:	4651      	mov	r1, sl
20000bdc:	0188      	lsls	r0, r1, #6
20000bde:	68d9      	ldr	r1, [r3, #12]
20000be0:	691f      	ldr	r7, [r3, #16]
20000be2:	468c      	mov	ip, r1
20000be4:	1e51      	subs	r1, r2, #1
20000be6:	4688      	mov	r8, r1
20000be8:	4484      	add	ip, r0
20000bea:	2a00      	cmp	r2, #0
20000bec:	d032      	beq.n	20000c54 <prepare_ep_buffer+0xbc>
20000bee:	4661      	mov	r1, ip
20000bf0:	2002      	movs	r0, #2
20000bf2:	1c7c      	adds	r4, r7, #1
20000bf4:	1b0c      	subs	r4, r1, r4
20000bf6:	42a0      	cmp	r0, r4
20000bf8:	4180      	sbcs	r0, r0
20000bfa:	2408      	movs	r4, #8
20000bfc:	4544      	cmp	r4, r8
20000bfe:	41a4      	sbcs	r4, r4
20000c00:	4240      	negs	r0, r0
20000c02:	4264      	negs	r4, r4
20000c04:	4204      	tst	r4, r0
20000c06:	d038      	beq.n	20000c7a <prepare_ep_buffer+0xe2>
20000c08:	4660      	mov	r0, ip
20000c0a:	4338      	orrs	r0, r7
20000c0c:	0781      	lsls	r1, r0, #30
20000c0e:	d134      	bne.n	20000c7a <prepare_ep_buffer+0xe2>
20000c10:	1f15      	subs	r5, r2, #4
20000c12:	08ad      	lsrs	r5, r5, #2
20000c14:	1c69      	adds	r1, r5, #1
20000c16:	4689      	mov	r9, r1
20000c18:	2000      	movs	r0, #0
20000c1a:	2400      	movs	r4, #0
20000c1c:	4661      	mov	r1, ip
20000c1e:	583d      	ldr	r5, [r7, r0]
20000c20:	3401      	adds	r4, #1
20000c22:	500d      	str	r5, [r1, r0]
20000c24:	3004      	adds	r0, #4
20000c26:	45a1      	cmp	r9, r4
20000c28:	d8f8      	bhi.n	20000c1c <prepare_ep_buffer+0x84>
20000c2a:	4649      	mov	r1, r9
20000c2c:	008d      	lsls	r5, r1, #2
20000c2e:	4661      	mov	r1, ip
20000c30:	194c      	adds	r4, r1, r5
20000c32:	4641      	mov	r1, r8
20000c34:	197f      	adds	r7, r7, r5
20000c36:	1b48      	subs	r0, r1, r5
20000c38:	42aa      	cmp	r2, r5
20000c3a:	d009      	beq.n	20000c50 <prepare_ep_buffer+0xb8>
20000c3c:	783d      	ldrb	r5, [r7, #0]
20000c3e:	7025      	strb	r5, [r4, #0]
20000c40:	2800      	cmp	r0, #0
20000c42:	d005      	beq.n	20000c50 <prepare_ep_buffer+0xb8>
20000c44:	787d      	ldrb	r5, [r7, #1]
20000c46:	7065      	strb	r5, [r4, #1]
20000c48:	2801      	cmp	r0, #1
20000c4a:	d001      	beq.n	20000c50 <prepare_ep_buffer+0xb8>
20000c4c:	78b8      	ldrb	r0, [r7, #2]
20000c4e:	70a0      	strb	r0, [r4, #2]
20000c50:	691f      	ldr	r7, [r3, #16]
20000c52:	8a9c      	ldrh	r4, [r3, #20]
20000c54:	2080      	movs	r0, #128	; 0x80
20000c56:	18ba      	adds	r2, r7, r2
20000c58:	0200      	lsls	r0, r0, #8
20000c5a:	611a      	str	r2, [r3, #16]
20000c5c:	4330      	orrs	r0, r6
20000c5e:	2c00      	cmp	r4, #0
20000c60:	d102      	bne.n	20000c68 <prepare_ep_buffer+0xd0>
20000c62:	2380      	movs	r3, #128	; 0x80
20000c64:	01db      	lsls	r3, r3, #7
20000c66:	4318      	orrs	r0, r3
20000c68:	4653      	mov	r3, sl
20000c6a:	2b00      	cmp	r3, #0
20000c6c:	d000      	beq.n	20000c70 <prepare_ep_buffer+0xd8>
20000c6e:	0400      	lsls	r0, r0, #16
20000c70:	bce0      	pop	{r5, r6, r7}
20000c72:	46ba      	mov	sl, r7
20000c74:	46b1      	mov	r9, r6
20000c76:	46a8      	mov	r8, r5
20000c78:	bdf0      	pop	{r4, r5, r6, r7, pc}
20000c7a:	2000      	movs	r0, #0
20000c7c:	4661      	mov	r1, ip
20000c7e:	5c3c      	ldrb	r4, [r7, r0]
20000c80:	540c      	strb	r4, [r1, r0]
20000c82:	3001      	adds	r0, #1
20000c84:	4282      	cmp	r2, r0
20000c86:	d1f9      	bne.n	20000c7c <prepare_ep_buffer+0xe4>
20000c88:	e7e2      	b.n	20000c50 <prepare_ep_buffer+0xb8>
20000c8a:	46c0      	nop			; (mov r8, r8)

20000c8c <sync_ep_buffer>:
20000c8c:	6882      	ldr	r2, [r0, #8]
20000c8e:	0003      	movs	r3, r0
20000c90:	b5f0      	push	{r4, r5, r6, r7, lr}
20000c92:	6810      	ldr	r0, [r2, #0]
20000c94:	2900      	cmp	r1, #0
20000c96:	d000      	beq.n	20000c9a <sync_ep_buffer+0xe>
20000c98:	0c00      	lsrs	r0, r0, #16
20000c9a:	785a      	ldrb	r2, [r3, #1]
20000c9c:	0580      	lsls	r0, r0, #22
20000c9e:	0d80      	lsrs	r0, r0, #22
20000ca0:	2a00      	cmp	r2, #0
20000ca2:	d108      	bne.n	20000cb6 <sync_ep_buffer+0x2a>
20000ca4:	8ada      	ldrh	r2, [r3, #22]
20000ca6:	1882      	adds	r2, r0, r2
20000ca8:	82da      	strh	r2, [r3, #22]
20000caa:	8b1a      	ldrh	r2, [r3, #24]
20000cac:	4282      	cmp	r2, r0
20000cae:	d901      	bls.n	20000cb4 <sync_ep_buffer+0x28>
20000cb0:	2200      	movs	r2, #0
20000cb2:	829a      	strh	r2, [r3, #20]
20000cb4:	bdf0      	pop	{r4, r5, r6, r7, pc}
20000cb6:	68da      	ldr	r2, [r3, #12]
20000cb8:	0189      	lsls	r1, r1, #6
20000cba:	1e45      	subs	r5, r0, #1
20000cbc:	46ac      	mov	ip, r5
20000cbe:	691c      	ldr	r4, [r3, #16]
20000cc0:	1856      	adds	r6, r2, r1
20000cc2:	2800      	cmp	r0, #0
20000cc4:	d02e      	beq.n	20000d24 <sync_ep_buffer+0x98>
20000cc6:	3101      	adds	r1, #1
20000cc8:	1851      	adds	r1, r2, r1
20000cca:	0025      	movs	r5, r4
20000ccc:	2202      	movs	r2, #2
20000cce:	1a61      	subs	r1, r4, r1
20000cd0:	428a      	cmp	r2, r1
20000cd2:	4189      	sbcs	r1, r1
20000cd4:	4335      	orrs	r5, r6
20000cd6:	3201      	adds	r2, #1
20000cd8:	402a      	ands	r2, r5
20000cda:	4255      	negs	r5, r2
20000cdc:	416a      	adcs	r2, r5
20000cde:	4249      	negs	r1, r1
20000ce0:	420a      	tst	r2, r1
20000ce2:	d025      	beq.n	20000d30 <sync_ep_buffer+0xa4>
20000ce4:	4662      	mov	r2, ip
20000ce6:	2a08      	cmp	r2, #8
20000ce8:	d922      	bls.n	20000d30 <sync_ep_buffer+0xa4>
20000cea:	2200      	movs	r2, #0
20000cec:	2100      	movs	r1, #0
20000cee:	1f05      	subs	r5, r0, #4
20000cf0:	08ad      	lsrs	r5, r5, #2
20000cf2:	3501      	adds	r5, #1
20000cf4:	58b7      	ldr	r7, [r6, r2]
20000cf6:	3101      	adds	r1, #1
20000cf8:	50a7      	str	r7, [r4, r2]
20000cfa:	3204      	adds	r2, #4
20000cfc:	428d      	cmp	r5, r1
20000cfe:	d8f9      	bhi.n	20000cf4 <sync_ep_buffer+0x68>
20000d00:	4662      	mov	r2, ip
20000d02:	00ad      	lsls	r5, r5, #2
20000d04:	1976      	adds	r6, r6, r5
20000d06:	1964      	adds	r4, r4, r5
20000d08:	1b57      	subs	r7, r2, r5
20000d0a:	42a8      	cmp	r0, r5
20000d0c:	d009      	beq.n	20000d22 <sync_ep_buffer+0x96>
20000d0e:	7832      	ldrb	r2, [r6, #0]
20000d10:	7022      	strb	r2, [r4, #0]
20000d12:	2f00      	cmp	r7, #0
20000d14:	d005      	beq.n	20000d22 <sync_ep_buffer+0x96>
20000d16:	7872      	ldrb	r2, [r6, #1]
20000d18:	7062      	strb	r2, [r4, #1]
20000d1a:	2f01      	cmp	r7, #1
20000d1c:	d001      	beq.n	20000d22 <sync_ep_buffer+0x96>
20000d1e:	78b2      	ldrb	r2, [r6, #2]
20000d20:	70a2      	strb	r2, [r4, #2]
20000d22:	691c      	ldr	r4, [r3, #16]
20000d24:	8ada      	ldrh	r2, [r3, #22]
20000d26:	1824      	adds	r4, r4, r0
20000d28:	1882      	adds	r2, r0, r2
20000d2a:	82da      	strh	r2, [r3, #22]
20000d2c:	611c      	str	r4, [r3, #16]
20000d2e:	e7bc      	b.n	20000caa <sync_ep_buffer+0x1e>
20000d30:	2200      	movs	r2, #0
20000d32:	5cb1      	ldrb	r1, [r6, r2]
20000d34:	54a1      	strb	r1, [r4, r2]
20000d36:	3201      	adds	r2, #1
20000d38:	4290      	cmp	r0, r2
20000d3a:	d1fa      	bne.n	20000d32 <sync_ep_buffer+0xa6>
20000d3c:	691c      	ldr	r4, [r3, #16]
20000d3e:	e7f1      	b.n	20000d24 <sync_ep_buffer+0x98>

20000d40 <_hw_endpoint_xfer_sync>:
20000d40:	b510      	push	{r4, lr}
20000d42:	0004      	movs	r4, r0
20000d44:	6883      	ldr	r3, [r0, #8]
20000d46:	2100      	movs	r1, #0
20000d48:	681b      	ldr	r3, [r3, #0]
20000d4a:	f7ff ff9f 	bl	20000c8c <sync_ep_buffer>
20000d4e:	6863      	ldr	r3, [r4, #4]
20000d50:	681b      	ldr	r3, [r3, #0]
20000d52:	005b      	lsls	r3, r3, #1
20000d54:	d502      	bpl.n	20000d5c <_hw_endpoint_xfer_sync+0x1c>
20000d56:	8b23      	ldrh	r3, [r4, #24]
20000d58:	4283      	cmp	r3, r0
20000d5a:	d000      	beq.n	20000d5e <_hw_endpoint_xfer_sync+0x1e>
20000d5c:	bd10      	pop	{r4, pc}
20000d5e:	2101      	movs	r1, #1
20000d60:	0020      	movs	r0, r4
20000d62:	f7ff ff93 	bl	20000c8c <sync_ep_buffer>
20000d66:	e7f9      	b.n	20000d5c <_hw_endpoint_xfer_sync+0x1c>

20000d68 <e15_is_bulkin_ep>:
20000d68:	4a08      	ldr	r2, [pc, #32]	; (20000d8c <e15_is_bulkin_ep+0x24>)
20000d6a:	0003      	movs	r3, r0
20000d6c:	6c12      	ldr	r2, [r2, #64]	; 0x40
20000d6e:	2000      	movs	r0, #0
20000d70:	0792      	lsls	r2, r2, #30
20000d72:	d403      	bmi.n	20000d7c <e15_is_bulkin_ep+0x14>
20000d74:	789a      	ldrb	r2, [r3, #2]
20000d76:	09d2      	lsrs	r2, r2, #7
20000d78:	2a01      	cmp	r2, #1
20000d7a:	d000      	beq.n	20000d7e <e15_is_bulkin_ep+0x16>
20000d7c:	4770      	bx	lr
20000d7e:	7ed8      	ldrb	r0, [r3, #27]
20000d80:	3802      	subs	r0, #2
20000d82:	4243      	negs	r3, r0
20000d84:	4158      	adcs	r0, r3
20000d86:	b2c0      	uxtb	r0, r0
20000d88:	e7f8      	b.n	20000d7c <e15_is_bulkin_ep+0x14>
20000d8a:	46c0      	nop			; (mov r8, r8)
20000d8c:	50110000 	.word	0x50110000

20000d90 <e15_is_critical_frame_period>:
20000d90:	b510      	push	{r4, lr}
20000d92:	f7ff ffe9 	bl	20000d68 <e15_is_bulkin_ep>
20000d96:	2800      	cmp	r0, #0
20000d98:	d00c      	beq.n	20000db4 <e15_is_critical_frame_period+0x24>
20000d9a:	4907      	ldr	r1, [pc, #28]	; (20000db8 <e15_is_critical_frame_period+0x28>)
20000d9c:	4b07      	ldr	r3, [pc, #28]	; (20000dbc <e15_is_critical_frame_period+0x2c>)
20000d9e:	468c      	mov	ip, r1
20000da0:	4a07      	ldr	r2, [pc, #28]	; (20000dc0 <e15_is_critical_frame_period+0x30>)
20000da2:	6a9b      	ldr	r3, [r3, #40]	; 0x28
20000da4:	6812      	ldr	r2, [r2, #0]
20000da6:	4463      	add	r3, ip
20000da8:	1a9b      	subs	r3, r3, r2
20000daa:	2000      	movs	r0, #0
20000dac:	22c6      	movs	r2, #198	; 0xc6
20000dae:	429a      	cmp	r2, r3
20000db0:	4140      	adcs	r0, r0
20000db2:	b2c0      	uxtb	r0, r0
20000db4:	bd10      	pop	{r4, pc}
20000db6:	46c0      	nop			; (mov r8, r8)
20000db8:	fffffce0 	.word	0xfffffce0
20000dbc:	40054000 	.word	0x40054000
20000dc0:	200021a4 	.word	0x200021a4

20000dc4 <hw_endpoint_reset_transfer>:
20000dc4:	2300      	movs	r3, #0
20000dc6:	7683      	strb	r3, [r0, #26]
20000dc8:	6143      	str	r3, [r0, #20]
20000dca:	6103      	str	r3, [r0, #16]
20000dcc:	4770      	bx	lr
20000dce:	46c0      	nop			; (mov r8, r8)

20000dd0 <_hw_endpoint_buffer_control_update32>:
20000dd0:	b510      	push	{r4, lr}
20000dd2:	6883      	ldr	r3, [r0, #8]
20000dd4:	2900      	cmp	r1, #0
20000dd6:	d001      	beq.n	20000ddc <_hw_endpoint_buffer_control_update32+0xc>
20000dd8:	681c      	ldr	r4, [r3, #0]
20000dda:	4021      	ands	r1, r4
20000ddc:	2a00      	cmp	r2, #0
20000dde:	d012      	beq.n	20000e06 <_hw_endpoint_buffer_control_update32+0x36>
20000de0:	2480      	movs	r4, #128	; 0x80
20000de2:	00e4      	lsls	r4, r4, #3
20000de4:	4311      	orrs	r1, r2
20000de6:	4222      	tst	r2, r4
20000de8:	d00d      	beq.n	20000e06 <_hw_endpoint_buffer_control_update32+0x36>
20000dea:	681a      	ldr	r2, [r3, #0]
20000dec:	4222      	tst	r2, r4
20000dee:	d10c      	bne.n	20000e0a <_hw_endpoint_buffer_control_update32+0x3a>
20000df0:	4a08      	ldr	r2, [pc, #32]	; (20000e14 <_hw_endpoint_buffer_control_update32+0x44>)
20000df2:	400a      	ands	r2, r1
20000df4:	601a      	str	r2, [r3, #0]
20000df6:	4a08      	ldr	r2, [pc, #32]	; (20000e18 <_hw_endpoint_buffer_control_update32+0x48>)
20000df8:	6c12      	ldr	r2, [r2, #64]	; 0x40
20000dfa:	0792      	lsls	r2, r2, #30
20000dfc:	d403      	bmi.n	20000e06 <_hw_endpoint_buffer_control_update32+0x36>
20000dfe:	230c      	movs	r3, #12
20000e00:	3b03      	subs	r3, #3
20000e02:	d2fd      	bcs.n	20000e00 <_hw_endpoint_buffer_control_update32+0x30>
20000e04:	6883      	ldr	r3, [r0, #8]
20000e06:	6019      	str	r1, [r3, #0]
20000e08:	bd10      	pop	{r4, pc}
20000e0a:	7881      	ldrb	r1, [r0, #2]
20000e0c:	4803      	ldr	r0, [pc, #12]	; (20000e1c <_hw_endpoint_buffer_control_update32+0x4c>)
20000e0e:	f000 f967 	bl	200010e0 <__panic_veneer>
20000e12:	46c0      	nop			; (mov r8, r8)
20000e14:	fffffbff 	.word	0xfffffbff
20000e18:	50110000 	.word	0x50110000
20000e1c:	1000afa0 	.word	0x1000afa0

20000e20 <hw_endpoint_start_next_buffer>:
20000e20:	6843      	ldr	r3, [r0, #4]
20000e22:	b570      	push	{r4, r5, r6, lr}
20000e24:	2100      	movs	r1, #0
20000e26:	2580      	movs	r5, #128	; 0x80
20000e28:	681e      	ldr	r6, [r3, #0]
20000e2a:	0004      	movs	r4, r0
20000e2c:	f7ff feb4 	bl	20000b98 <prepare_ep_buffer>
20000e30:	4b13      	ldr	r3, [pc, #76]	; (20000e80 <hw_endpoint_start_next_buffer+0x60>)
20000e32:	016d      	lsls	r5, r5, #5
20000e34:	6c1b      	ldr	r3, [r3, #64]	; 0x40
20000e36:	4305      	orrs	r5, r0
20000e38:	079b      	lsls	r3, r3, #30
20000e3a:	d50f      	bpl.n	20000e5c <hw_endpoint_start_next_buffer+0x3c>
20000e3c:	78a3      	ldrb	r3, [r4, #2]
20000e3e:	065b      	lsls	r3, r3, #25
20000e40:	d00f      	beq.n	20000e62 <hw_endpoint_start_next_buffer+0x42>
20000e42:	4b10      	ldr	r3, [pc, #64]	; (20000e84 <hw_endpoint_start_next_buffer+0x64>)
20000e44:	401e      	ands	r6, r3
20000e46:	2380      	movs	r3, #128	; 0x80
20000e48:	059b      	lsls	r3, r3, #22
20000e4a:	4333      	orrs	r3, r6
20000e4c:	6862      	ldr	r2, [r4, #4]
20000e4e:	2100      	movs	r1, #0
20000e50:	6013      	str	r3, [r2, #0]
20000e52:	0020      	movs	r0, r4
20000e54:	002a      	movs	r2, r5
20000e56:	f7ff ffbb 	bl	20000dd0 <_hw_endpoint_buffer_control_update32>
20000e5a:	bd70      	pop	{r4, r5, r6, pc}
20000e5c:	78a3      	ldrb	r3, [r4, #2]
20000e5e:	09db      	lsrs	r3, r3, #7
20000e60:	d0ef      	beq.n	20000e42 <hw_endpoint_start_next_buffer+0x22>
20000e62:	8aa3      	ldrh	r3, [r4, #20]
20000e64:	2b00      	cmp	r3, #0
20000e66:	d0ec      	beq.n	20000e42 <hw_endpoint_start_next_buffer+0x22>
20000e68:	2101      	movs	r1, #1
20000e6a:	0020      	movs	r0, r4
20000e6c:	f7ff fe94 	bl	20000b98 <prepare_ep_buffer>
20000e70:	23a0      	movs	r3, #160	; 0xa0
20000e72:	4a05      	ldr	r2, [pc, #20]	; (20000e88 <hw_endpoint_start_next_buffer+0x68>)
20000e74:	05db      	lsls	r3, r3, #23
20000e76:	4032      	ands	r2, r6
20000e78:	4305      	orrs	r5, r0
20000e7a:	4313      	orrs	r3, r2
20000e7c:	e7e6      	b.n	20000e4c <hw_endpoint_start_next_buffer+0x2c>
20000e7e:	46c0      	nop			; (mov r8, r8)
20000e80:	50110000 	.word	0x50110000
20000e84:	afffffff 	.word	0xafffffff
20000e88:	dfffffff 	.word	0xdfffffff

20000e8c <hw_endpoint_xfer_continue>:
20000e8c:	b570      	push	{r4, r5, r6, lr}
20000e8e:	7e85      	ldrb	r5, [r0, #26]
20000e90:	0004      	movs	r4, r0
20000e92:	2d00      	cmp	r5, #0
20000e94:	d013      	beq.n	20000ebe <hw_endpoint_xfer_continue+0x32>
20000e96:	f7ff ff53 	bl	20000d40 <_hw_endpoint_xfer_sync>
20000e9a:	8aa3      	ldrh	r3, [r4, #20]
20000e9c:	2b00      	cmp	r3, #0
20000e9e:	d101      	bne.n	20000ea4 <hw_endpoint_xfer_continue+0x18>
20000ea0:	0028      	movs	r0, r5
20000ea2:	bd70      	pop	{r4, r5, r6, pc}
20000ea4:	0020      	movs	r0, r4
20000ea6:	f7ff ff73 	bl	20000d90 <e15_is_critical_frame_period>
20000eaa:	1e05      	subs	r5, r0, #0
20000eac:	d003      	beq.n	20000eb6 <hw_endpoint_xfer_continue+0x2a>
20000eae:	2301      	movs	r3, #1
20000eb0:	2500      	movs	r5, #0
20000eb2:	7723      	strb	r3, [r4, #28]
20000eb4:	e7f4      	b.n	20000ea0 <hw_endpoint_xfer_continue+0x14>
20000eb6:	0020      	movs	r0, r4
20000eb8:	f7ff ffb2 	bl	20000e20 <hw_endpoint_start_next_buffer>
20000ebc:	e7f0      	b.n	20000ea0 <hw_endpoint_xfer_continue+0x14>
20000ebe:	7881      	ldrb	r1, [r0, #2]
20000ec0:	4801      	ldr	r0, [pc, #4]	; (20000ec8 <hw_endpoint_xfer_continue+0x3c>)
20000ec2:	f000 f90d 	bl	200010e0 <__panic_veneer>
20000ec6:	46c0      	nop			; (mov r8, r8)
20000ec8:	1000afc0 	.word	0x1000afc0

20000ecc <dcd_event_handler>:
20000ecc:	b5f0      	push	{r4, r5, r6, r7, lr}
20000ece:	46ce      	mov	lr, r9
20000ed0:	4647      	mov	r7, r8
20000ed2:	b580      	push	{r7, lr}
20000ed4:	7843      	ldrb	r3, [r0, #1]
20000ed6:	0005      	movs	r5, r0
20000ed8:	000e      	movs	r6, r1
20000eda:	b085      	sub	sp, #20
20000edc:	2b06      	cmp	r3, #6
20000ede:	d812      	bhi.n	20000f06 <dcd_event_handler+0x3a>
20000ee0:	4a6f      	ldr	r2, [pc, #444]	; (200010a0 <dcd_event_handler+0x1d4>)
20000ee2:	009b      	lsls	r3, r3, #2
20000ee4:	58d3      	ldr	r3, [r2, r3]
20000ee6:	469f      	mov	pc, r3
20000ee8:	2101      	movs	r1, #1
20000eea:	4b6e      	ldr	r3, [pc, #440]	; (200010a4 <dcd_event_handler+0x1d8>)
20000eec:	781a      	ldrb	r2, [r3, #0]
20000eee:	438a      	bics	r2, r1
20000ef0:	701a      	strb	r2, [r3, #0]
20000ef2:	781a      	ldrb	r2, [r3, #0]
20000ef4:	3101      	adds	r1, #1
20000ef6:	438a      	bics	r2, r1
20000ef8:	701a      	strb	r2, [r3, #0]
20000efa:	2200      	movs	r2, #0
20000efc:	705a      	strb	r2, [r3, #1]
20000efe:	781a      	ldrb	r2, [r3, #0]
20000f00:	3102      	adds	r1, #2
20000f02:	438a      	bics	r2, r1
20000f04:	701a      	strb	r2, [r3, #0]
20000f06:	4b68      	ldr	r3, [pc, #416]	; (200010a8 <dcd_event_handler+0x1dc>)
20000f08:	681c      	ldr	r4, [r3, #0]
20000f0a:	6962      	ldr	r2, [r4, #20]
20000f0c:	f3ef 8110 	mrs	r1, PRIMASK
20000f10:	b672      	cpsid	i
20000f12:	6813      	ldr	r3, [r2, #0]
20000f14:	2b00      	cmp	r3, #0
20000f16:	d0fc      	beq.n	20000f12 <dcd_event_handler+0x46>
20000f18:	f3bf 8f5f 	dmb	sy
20000f1c:	61a1      	str	r1, [r4, #24]
20000f1e:	0020      	movs	r0, r4
20000f20:	0029      	movs	r1, r5
20000f22:	f000 f8fd 	bl	20001120 <__tu_fifo_write_veneer>
20000f26:	6962      	ldr	r2, [r4, #20]
20000f28:	69a3      	ldr	r3, [r4, #24]
20000f2a:	f3bf 8f5f 	dmb	sy
20000f2e:	2100      	movs	r1, #0
20000f30:	6011      	str	r1, [r2, #0]
20000f32:	f383 8810 	msr	PRIMASK, r3
20000f36:	2800      	cmp	r0, #0
20000f38:	d104      	bne.n	20000f44 <dcd_event_handler+0x78>
20000f3a:	b005      	add	sp, #20
20000f3c:	bcc0      	pop	{r6, r7}
20000f3e:	46b9      	mov	r9, r7
20000f40:	46b0      	mov	r8, r6
20000f42:	bdf0      	pop	{r4, r5, r6, r7, pc}
20000f44:	0032      	movs	r2, r6
20000f46:	7869      	ldrb	r1, [r5, #1]
20000f48:	7828      	ldrb	r0, [r5, #0]
20000f4a:	f000 f8c1 	bl	200010d0 <__tud_event_hook_cb_veneer>
20000f4e:	e7f4      	b.n	20000f3a <dcd_event_handler+0x6e>
20000f50:	4a56      	ldr	r2, [pc, #344]	; (200010ac <dcd_event_handler+0x1e0>)
20000f52:	7813      	ldrb	r3, [r2, #0]
20000f54:	3301      	adds	r3, #1
20000f56:	b2db      	uxtb	r3, r3
20000f58:	7013      	strb	r3, [r2, #0]
20000f5a:	e7d4      	b.n	20000f06 <dcd_event_handler+0x3a>
20000f5c:	4954      	ldr	r1, [pc, #336]	; (200010b0 <dcd_event_handler+0x1e4>)
20000f5e:	4f55      	ldr	r7, [pc, #340]	; (200010b4 <dcd_event_handler+0x1e8>)
20000f60:	4689      	mov	r9, r1
20000f62:	4955      	ldr	r1, [pc, #340]	; (200010b8 <dcd_event_handler+0x1ec>)
20000f64:	2400      	movs	r4, #0
20000f66:	2300      	movs	r3, #0
20000f68:	4688      	mov	r8, r1
20000f6a:	783a      	ldrb	r2, [r7, #0]
20000f6c:	e00c      	b.n	20000f88 <dcd_event_handler+0xbc>
20000f6e:	4641      	mov	r1, r8
20000f70:	6809      	ldr	r1, [r1, #0]
20000f72:	0163      	lsls	r3, r4, #5
20000f74:	468c      	mov	ip, r1
20000f76:	4463      	add	r3, ip
20000f78:	2b00      	cmp	r3, #0
20000f7a:	d10a      	bne.n	20000f92 <dcd_event_handler+0xc6>
20000f7c:	3401      	adds	r4, #1
20000f7e:	b2e4      	uxtb	r4, r4
20000f80:	1c51      	adds	r1, r2, #1
20000f82:	0023      	movs	r3, r4
20000f84:	42a1      	cmp	r1, r4
20000f86:	db11      	blt.n	20000fac <dcd_event_handler+0xe0>
20000f88:	4294      	cmp	r4, r2
20000f8a:	d3f0      	bcc.n	20000f6e <dcd_event_handler+0xa2>
20000f8c:	1a9b      	subs	r3, r3, r2
20000f8e:	015b      	lsls	r3, r3, #5
20000f90:	444b      	add	r3, r9
20000f92:	69db      	ldr	r3, [r3, #28]
20000f94:	2b00      	cmp	r3, #0
20000f96:	d0f1      	beq.n	20000f7c <dcd_event_handler+0xb0>
20000f98:	6869      	ldr	r1, [r5, #4]
20000f9a:	7828      	ldrb	r0, [r5, #0]
20000f9c:	4798      	blx	r3
20000f9e:	783a      	ldrb	r2, [r7, #0]
20000fa0:	3401      	adds	r4, #1
20000fa2:	b2e4      	uxtb	r4, r4
20000fa4:	1c51      	adds	r1, r2, #1
20000fa6:	0023      	movs	r3, r4
20000fa8:	42a1      	cmp	r1, r4
20000faa:	daed      	bge.n	20000f88 <dcd_event_handler+0xbc>
20000fac:	4f3d      	ldr	r7, [pc, #244]	; (200010a4 <dcd_event_handler+0x1d8>)
20000fae:	783b      	ldrb	r3, [r7, #0]
20000fb0:	075b      	lsls	r3, r3, #29
20000fb2:	d52a      	bpl.n	2000100a <dcd_event_handler+0x13e>
20000fb4:	2204      	movs	r2, #4
20000fb6:	783b      	ldrb	r3, [r7, #0]
20000fb8:	ac01      	add	r4, sp, #4
20000fba:	4393      	bics	r3, r2
20000fbc:	2100      	movs	r1, #0
20000fbe:	0020      	movs	r0, r4
20000fc0:	3208      	adds	r2, #8
20000fc2:	703b      	strb	r3, [r7, #0]
20000fc4:	f000 f8a4 	bl	20001110 <____wrap_memset_veneer>
20000fc8:	782b      	ldrb	r3, [r5, #0]
20000fca:	7023      	strb	r3, [r4, #0]
20000fcc:	2305      	movs	r3, #5
20000fce:	7063      	strb	r3, [r4, #1]
20000fd0:	4b35      	ldr	r3, [pc, #212]	; (200010a8 <dcd_event_handler+0x1dc>)
20000fd2:	681b      	ldr	r3, [r3, #0]
20000fd4:	4698      	mov	r8, r3
20000fd6:	695a      	ldr	r2, [r3, #20]
20000fd8:	f3ef 8110 	mrs	r1, PRIMASK
20000fdc:	b672      	cpsid	i
20000fde:	6813      	ldr	r3, [r2, #0]
20000fe0:	2b00      	cmp	r3, #0
20000fe2:	d0fc      	beq.n	20000fde <dcd_event_handler+0x112>
20000fe4:	f3bf 8f5f 	dmb	sy
20000fe8:	4643      	mov	r3, r8
20000fea:	4640      	mov	r0, r8
20000fec:	6199      	str	r1, [r3, #24]
20000fee:	0021      	movs	r1, r4
20000ff0:	f000 f896 	bl	20001120 <__tu_fifo_write_veneer>
20000ff4:	4643      	mov	r3, r8
20000ff6:	695a      	ldr	r2, [r3, #20]
20000ff8:	699b      	ldr	r3, [r3, #24]
20000ffa:	f3bf 8f5f 	dmb	sy
20000ffe:	2100      	movs	r1, #0
20001000:	6011      	str	r1, [r2, #0]
20001002:	f383 8810 	msr	PRIMASK, r3
20001006:	2800      	cmp	r0, #0
20001008:	d144      	bne.n	20001094 <dcd_event_handler+0x1c8>
2000100a:	78fb      	ldrb	r3, [r7, #3]
2000100c:	07db      	lsls	r3, r3, #31
2000100e:	d400      	bmi.n	20001012 <dcd_event_handler+0x146>
20001010:	e793      	b.n	20000f3a <dcd_event_handler+0x6e>
20001012:	ac01      	add	r4, sp, #4
20001014:	220c      	movs	r2, #12
20001016:	2100      	movs	r1, #0
20001018:	0020      	movs	r0, r4
2000101a:	f000 f879 	bl	20001110 <____wrap_memset_veneer>
2000101e:	782b      	ldrb	r3, [r5, #0]
20001020:	7023      	strb	r3, [r4, #0]
20001022:	2303      	movs	r3, #3
20001024:	7063      	strb	r3, [r4, #1]
20001026:	686b      	ldr	r3, [r5, #4]
20001028:	6063      	str	r3, [r4, #4]
2000102a:	4b1f      	ldr	r3, [pc, #124]	; (200010a8 <dcd_event_handler+0x1dc>)
2000102c:	681d      	ldr	r5, [r3, #0]
2000102e:	696a      	ldr	r2, [r5, #20]
20001030:	f3ef 8110 	mrs	r1, PRIMASK
20001034:	b672      	cpsid	i
20001036:	6813      	ldr	r3, [r2, #0]
20001038:	2b00      	cmp	r3, #0
2000103a:	d0fc      	beq.n	20001036 <dcd_event_handler+0x16a>
2000103c:	f3bf 8f5f 	dmb	sy
20001040:	61a9      	str	r1, [r5, #24]
20001042:	0028      	movs	r0, r5
20001044:	0021      	movs	r1, r4
20001046:	f000 f86b 	bl	20001120 <__tu_fifo_write_veneer>
2000104a:	696a      	ldr	r2, [r5, #20]
2000104c:	69ab      	ldr	r3, [r5, #24]
2000104e:	f3bf 8f5f 	dmb	sy
20001052:	2100      	movs	r1, #0
20001054:	6011      	str	r1, [r2, #0]
20001056:	f383 8810 	msr	PRIMASK, r3
2000105a:	2800      	cmp	r0, #0
2000105c:	d100      	bne.n	20001060 <dcd_event_handler+0x194>
2000105e:	e76c      	b.n	20000f3a <dcd_event_handler+0x6e>
20001060:	0032      	movs	r2, r6
20001062:	7861      	ldrb	r1, [r4, #1]
20001064:	7820      	ldrb	r0, [r4, #0]
20001066:	f000 f833 	bl	200010d0 <__tud_event_hook_cb_veneer>
2000106a:	e766      	b.n	20000f3a <dcd_event_handler+0x6e>
2000106c:	4b0d      	ldr	r3, [pc, #52]	; (200010a4 <dcd_event_handler+0x1d8>)
2000106e:	781a      	ldrb	r2, [r3, #0]
20001070:	07d2      	lsls	r2, r2, #31
20001072:	d400      	bmi.n	20001076 <dcd_event_handler+0x1aa>
20001074:	e761      	b.n	20000f3a <dcd_event_handler+0x6e>
20001076:	2104      	movs	r1, #4
20001078:	781a      	ldrb	r2, [r3, #0]
2000107a:	430a      	orrs	r2, r1
2000107c:	701a      	strb	r2, [r3, #0]
2000107e:	e742      	b.n	20000f06 <dcd_event_handler+0x3a>
20001080:	4b08      	ldr	r3, [pc, #32]	; (200010a4 <dcd_event_handler+0x1d8>)
20001082:	781a      	ldrb	r2, [r3, #0]
20001084:	07d2      	lsls	r2, r2, #31
20001086:	d400      	bmi.n	2000108a <dcd_event_handler+0x1be>
20001088:	e757      	b.n	20000f3a <dcd_event_handler+0x6e>
2000108a:	2104      	movs	r1, #4
2000108c:	781a      	ldrb	r2, [r3, #0]
2000108e:	438a      	bics	r2, r1
20001090:	701a      	strb	r2, [r3, #0]
20001092:	e738      	b.n	20000f06 <dcd_event_handler+0x3a>
20001094:	0032      	movs	r2, r6
20001096:	7861      	ldrb	r1, [r4, #1]
20001098:	7820      	ldrb	r0, [r4, #0]
2000109a:	f000 f819 	bl	200010d0 <__tud_event_hook_cb_veneer>
2000109e:	e7b4      	b.n	2000100a <dcd_event_handler+0x13e>
200010a0:	1000b074 	.word	0x1000b074
200010a4:	20001bb4 	.word	0x20001bb4
200010a8:	20001c0c 	.word	0x20001c0c
200010ac:	2000406f 	.word	0x2000406f
200010b0:	1000b090 	.word	0x1000b090
200010b4:	2000406d 	.word	0x2000406d
200010b8:	20001a04 	.word	0x20001a04

200010bc <__aeabi_idiv0>:
200010bc:	4770      	bx	lr
200010be:	46c0      	nop			; (mov r8, r8)

200010c0 <__time_us_64_veneer>:
200010c0:	b401      	push	{r0}
200010c2:	4802      	ldr	r0, [pc, #8]	; (200010cc <__time_us_64_veneer+0xc>)
200010c4:	4684      	mov	ip, r0
200010c6:	bc01      	pop	{r0}
200010c8:	4760      	bx	ip
200010ca:	bf00      	nop
200010cc:	10002eb1 	.word	0x10002eb1

200010d0 <__tud_event_hook_cb_veneer>:
200010d0:	b401      	push	{r0}
200010d2:	4802      	ldr	r0, [pc, #8]	; (200010dc <__tud_event_hook_cb_veneer+0xc>)
200010d4:	4684      	mov	ip, r0
200010d6:	bc01      	pop	{r0}
200010d8:	4760      	bx	ip
200010da:	bf00      	nop
200010dc:	10006d8d 	.word	0x10006d8d

200010e0 <__panic_veneer>:
200010e0:	b401      	push	{r0}
200010e2:	4802      	ldr	r0, [pc, #8]	; (200010ec <__panic_veneer+0xc>)
200010e4:	4684      	mov	ip, r0
200010e6:	bc01      	pop	{r0}
200010e8:	4760      	bx	ip
200010ea:	bf00      	nop
200010ec:	10002059 	.word	0x10002059

200010f0 <__rp2040_chip_version_veneer>:
200010f0:	b401      	push	{r0}
200010f2:	4802      	ldr	r0, [pc, #8]	; (200010fc <__rp2040_chip_version_veneer+0xc>)
200010f4:	4684      	mov	ip, r0
200010f6:	bc01      	pop	{r0}
200010f8:	4760      	bx	ip
200010fa:	bf00      	nop
200010fc:	1000204d 	.word	0x1000204d

20001100 <__hard_assertion_failure_veneer>:
20001100:	b401      	push	{r0}
20001102:	4802      	ldr	r0, [pc, #8]	; (2000110c <__hard_assertion_failure_veneer+0xc>)
20001104:	4684      	mov	ip, r0
20001106:	bc01      	pop	{r0}
20001108:	4760      	bx	ip
2000110a:	bf00      	nop
2000110c:	10003711 	.word	0x10003711

20001110 <____wrap_memset_veneer>:
20001110:	b401      	push	{r0}
20001112:	4802      	ldr	r0, [pc, #8]	; (2000111c <____wrap_memset_veneer+0xc>)
20001114:	4684      	mov	ip, r0
20001116:	bc01      	pop	{r0}
20001118:	4760      	bx	ip
2000111a:	bf00      	nop
2000111c:	100047dd 	.word	0x100047dd

20001120 <__tu_fifo_write_veneer>:
20001120:	b401      	push	{r0}
20001122:	4802      	ldr	r0, [pc, #8]	; (2000112c <__tu_fifo_write_veneer+0xc>)
20001124:	4684      	mov	ip, r0
20001126:	bc01      	pop	{r0}
20001128:	4760      	bx	ip
2000112a:	bf00      	nop
2000112c:	10008815 	.word	0x10008815

20001130 <____wrap___aeabi_lmul_veneer>:
20001130:	b401      	push	{r0}
20001132:	4802      	ldr	r0, [pc, #8]	; (2000113c <____wrap___aeabi_lmul_veneer+0xc>)
20001134:	4684      	mov	ip, r0
20001136:	bc01      	pop	{r0}
20001138:	4760      	bx	ip
2000113a:	bf00      	nop
2000113c:	10004639 	.word	0x10004639

20001140 <__best_effort_wfe_or_timeout_veneer>:
20001140:	b401      	push	{r0}
20001142:	4802      	ldr	r0, [pc, #8]	; (2000114c <__best_effort_wfe_or_timeout_veneer+0xc>)
20001144:	4684      	mov	ip, r0
20001146:	bc01      	pop	{r0}
20001148:	4760      	bx	ip
2000114a:	bf00      	nop
2000114c:	10002d5d 	.word	0x10002d5d

20001150 <striped_spin_lock_num>:
20001150:	00000010                                ....

20001154 <irq_handler_chain_slots>:
20001154:	00000000 	.word	0x00000000
20001158:	00010000 	.word	0x00010000
	...
20001164:	00020000 	.word	0x00020000
	...
20001170:	00030000 	.word	0x00030000
	...
2000117c:	00ff0000 	.word	0x00ff0000
20001180:	00000000 	.word	0x00000000

20001184 <irq_handler_chain_first_slot>:
20001184:	b501      	push	{r0, lr}
20001186:	6848      	ldr	r0, [r1, #4]
20001188:	3101      	adds	r1, #1
2000118a:	468e      	mov	lr, r1
2000118c:	4700      	bx	r0

2000118e <irq_handler_chain_remove_tail>:
2000118e:	4670      	mov	r0, lr
20001190:	3809      	subs	r0, #9
20001192:	4901      	ldr	r1, [pc, #4]	; (20001198 <irq_handler_chain_remove_tail+0xa>)
20001194:	4788      	blx	r1
20001196:	bd01      	pop	{r0, pc}
20001198:	1000248d 	.word	0x1000248d

2000119c <default_alarm_pool>:
	...
200011b0:	20001660 00000000 00000000 00000000     `.. ............

200011c0 <aeabi_bits_funcs>:
200011c0:	00003350 	.word	0x00003350
200011c4:	0000334c 	.word	0x0000334c
200011c8:	00003354 	.word	0x00003354
200011cc:	00003352 	.word	0x00003352

200011d0 <aeabi_bits_funcs_end>:
200011d0:	0000534d 	.word	0x0000534d
200011d4:	0000434d 	.word	0x0000434d
200011d8:	00003453 	.word	0x00003453
200011dc:	00003443 	.word	0x00003443

200011e0 <stdio_usb>:
200011e0:	10006525 100064d5 10006445 100063bd     %e...d..Ed...c..
200011f0:	00000000 00000100                       ........

200011f8 <_usbd_qdef>:
200011f8:	20001c10 000c0010 00000000 00000000     ... ............
	...

20001214 <_usbd_rhport>:
20001214:	000000ff                                ....

20001218 <i2c0_inst>:
20001218:	40044000 00000000                       .@.@....

20001220 <_impure_ptr>:
20001220:	20001228 00000000                       (.. ....

20001228 <impure_data>:
20001228:	00000000 20001514 2000157c 200015e4     ....... |.. ... 
	...
200012d0:	00000001 00000000 abcd330e e66d1234     .........3..4.m.
200012e0:	0005deec 0000000b 00000000 00000000     ................
	...

20001650 <malloc_mutex>:
	...

20001658 <print_mutex>:
	...
